#ifndef _FONT_H_
#define _FONT_H_

#include <cstdint>

const uint8_t montserrat_regular_ttf_data[] = {
0x00, 0x01, 0x00, 0x00, 0x00, 0x11, 0x01, 0x00, 0x00, 0x04, 0x00, 0x10, 0x44, 0x53, 0x49, 0x47, 
0x00, 0x00, 0x00, 0x01, 0x00, 0x00, 0x71, 0x50, 0x00, 0x00, 0x00, 0x08, 0x46, 0x46, 0x54, 0x4D, 
0x63, 0xEC, 0x3D, 0x44, 0x00, 0x00, 0x5D, 0x2C, 0x00, 0x00, 0x00, 0x1C, 0x47, 0x44, 0x45, 0x46, 
0x01, 0x34, 0x00, 0x06, 0x00, 0x00, 0x5D, 0x48, 0x00, 0x00, 0x00, 0x20, 0x47, 0x50, 0x4F, 0x53, 
0x29, 0x4D, 0x73, 0x4D, 0x00, 0x00, 0x5D, 0x68, 0x00, 0x00, 0x13, 0xC6, 0x47, 0x53, 0x55, 0x42, 
0x6C, 0x91, 0x74, 0x8F, 0x00, 0x00, 0x71, 0x30, 0x00, 0x00, 0x00, 0x20, 0x4F, 0x53, 0x2F, 0x32, 
0xA5, 0xBD, 0x5D, 0x40, 0x00, 0x00, 0x01, 0x98, 0x00, 0x00, 0x00, 0x60, 0x63, 0x6D, 0x61, 0x70, 
0xC7, 0xCE, 0xBE, 0xEA, 0x00, 0x00, 0x06, 0x14, 0x00, 0x00, 0x03, 0x86, 0x67, 0x61, 0x73, 0x70, 
0x00, 0x00, 0x00, 0x10, 0x00, 0x00, 0x5D, 0x24, 0x00, 0x00, 0x00, 0x08, 0x67, 0x6C, 0x79, 0x66, 
0x1B, 0xFA, 0x03, 0xAC, 0x00, 0x00, 0x0B, 0xB4, 0x00, 0x00, 0x47, 0xF8, 0x68, 0x65, 0x61, 0x64, 
0xFC, 0x3B, 0x0C, 0x45, 0x00, 0x00, 0x01, 0x1C, 0x00, 0x00, 0x00, 0x36, 0x68, 0x68, 0x65, 0x61, 
0x07, 0xC7, 0x04, 0x70, 0x00, 0x00, 0x01, 0x54, 0x00, 0x00, 0x00, 0x24, 0x68, 0x6D, 0x74, 0x78, 
0x57, 0x5C, 0x36, 0xB8, 0x00, 0x00, 0x01, 0xF8, 0x00, 0x00, 0x04, 0x1A, 0x6C, 0x6F, 0x63, 0x61, 
0xC1, 0xDE, 0xD4, 0x3A, 0x00, 0x00, 0x09, 0xA4, 0x00, 0x00, 0x02, 0x10, 0x6D, 0x61, 0x78, 0x70, 
0x01, 0x50, 0x00, 0x38, 0x00, 0x00, 0x01, 0x78, 0x00, 0x00, 0x00, 0x20, 0x6E, 0x61, 0x6D, 0x65, 
0x4E, 0xCE, 0x98, 0x3D, 0x00, 0x00, 0x53, 0xAC, 0x00, 0x00, 0x06, 0xB4, 0x70, 0x6F, 0x73, 0x74, 
0x38, 0x8B, 0x2C, 0xF9, 0x00, 0x00, 0x5A, 0x60, 0x00, 0x00, 0x02, 0xC3, 0x70, 0x72, 0x65, 0x70, 
0x68, 0x06, 0x8C, 0x85, 0x00, 0x00, 0x09, 0x9C, 0x00, 0x00, 0x00, 0x07, 0x00, 0x01, 0x00, 0x00, 
0x00, 0x02, 0x00, 0x42, 0x48, 0x52, 0x44, 0xE0, 0x5F, 0x0F, 0x3C, 0xF5, 0x00, 0x0B, 0x03, 0xE8, 
0x00, 0x00, 0x00, 0x00, 0xCC, 0x8F, 0x64, 0x3A, 0x00, 0x00, 0x00, 0x00, 0xCC, 0x8F, 0x64, 0x3A, 
0xFF, 0x92, 0xFF, 0x06, 0x04, 0x6A, 0x03, 0xA4, 0x00, 0x00, 0x00, 0x08, 0x00, 0x02, 0x00, 0x00, 
0x00, 0x00, 0x00, 0x00, 0x00, 0x01, 0x00, 0x00, 0x03, 0xC8, 0xFF, 0x05, 0x00, 0x00, 0x04, 0x8E, 
0xFF, 0x92, 0xFF, 0xD6, 0x04, 0x6A, 0x00, 0x01, 0x00, 0x00, 0x00, 0x00, 0x00, 0x00, 0x00, 0x00, 
0x00, 0x00, 0x00, 0x00, 0x00, 0x00, 0x01, 0x06, 0x00, 0x01, 0x00, 0x00, 0x01, 0x07, 0x00, 0x35, 
0x00, 0x07, 0x00, 0x00, 0x00, 0x00, 0x00, 0x02, 0x00, 0x00, 0x00, 0x01, 0x00, 0x01, 0x00, 0x00, 
0x00, 0x40, 0x00, 0x00, 0x00, 0x00, 0x00, 0x00, 0x00, 0x03, 0x02, 0x50, 0x01, 0x90, 0x00, 0x05, 
0x00, 0x00, 0x02, 0x8A, 0x02, 0x58, 0x00, 0x00, 0x00, 0x4B, 0x02, 0x8A, 0x02, 0x58, 0x00, 0x00, 
0x01, 0x5E, 0x00, 0x32, 0x01, 0x32, 0x00, 0x00, 0x02, 0x00, 0x05, 0x05, 0x00, 0x00, 0x00, 0x02, 
0x00, 0x04, 0x80, 0x00, 0x00, 0x2F, 0x40, 0x00, 0x20, 0x4A, 0x00, 0x00, 0x00, 0x00, 0x00, 0x00, 
0x00, 0x00, 0x70, 0x79, 0x72, 0x73, 0x00, 0x40, 0x00, 0x0D, 0xFB, 0x02, 0x03, 0xC8, 0xFF, 0x05, 
0x00, 0x00, 0x03, 0xC8, 0x00, 0xFB, 0x20, 0x00, 0x00, 0x01, 0x00, 0x00, 0x00, 0x00, 0x02, 0x14, 
0x02, 0xBB, 0x00, 0x00, 0x00, 0x20, 0x00, 0x02, 0x01, 0x12, 0x00, 0x00, 0x00, 0x00, 0x00, 0x00, 
0x01, 0x4D, 0x00, 0x00, 0x00, 0x00, 0x00, 0x00, 0x01, 0x12, 0x00, 0x00, 0x01, 0x12, 0x00, 0x00, 
0x01, 0x27, 0x00, 0x4A, 0x01, 0x76, 0x00, 0x4D, 0x02, 0xDF, 0x00, 0x2B, 0x02, 0x6B, 0x00, 0x25, 
0x03, 0x12, 0x00, 0x2C, 0x02, 0xB6, 0x00, 0x31, 0x00, 0xE8, 0x00, 0x4D, 0x01, 0x4C, 0x00, 0x32, 
0x01, 0x4C, 0x00, 0x21, 0x01, 0xB0, 0x00, 0x3D, 0x02, 0x38, 0x00, 0x30, 0x01, 0x19, 0x00, 0x42, 
0x01, 0xDC, 0x00, 0x48, 0x01, 0x18, 0x00, 0x42, 0x02, 0x4B, 0x00, 0x1C, 0x02, 0xB0, 0x00, 0x3B, 
0x01, 0x7D, 0x00, 0x1D, 0x02, 0x4D, 0x00, 0x32, 0x02, 0x42, 0x00, 0x27, 0x02, 0x3C, 0x00, 0x25, 
0x02, 0x43, 0x00, 0x32, 0x02, 0x6C, 0x00, 0x3C, 0x02, 0x36, 0x00, 0x2E, 0x02, 0x7C, 0x00, 0x39, 
0x02, 0x6B, 0x00, 0x33, 0x01, 0x25, 0x00, 0x48, 0x01, 0x28, 0x00, 0x49, 0x02, 0x50, 0x00, 0x2D, 
0x02, 0x70, 0x00, 0x3C, 0x02, 0x50, 0x00, 0x4C, 0x01, 0xFC, 0x00, 0x24, 0x03, 0x88, 0x00, 0x33, 
0x02, 0xE6, 0x00, 0x00, 0x02, 0xC2, 0x00, 0x61, 0x02, 0xE0, 0x00, 0x34, 0x03, 0x0E, 0x00, 0x61, 
0x02, 0x8E, 0x00, 0x61, 0x02, 0x5C, 0x00, 0x61, 0x02, 0xF5, 0x00, 0x34, 0x03, 0x09, 0x00, 0x61, 
0x01, 0x38, 0x00, 0x61, 0x02, 0x27, 0x00, 0x1F, 0x02, 0xC0, 0x00, 0x61, 0x02, 0x36, 0x00, 0x61, 
0x03, 0xD7, 0x00, 0x61, 0x03, 0x44, 0x00, 0x61, 0x03, 0x48, 0x00, 0x34, 0x02, 0xAC, 0x00, 0x61, 
0x03, 0x48, 0x00, 0x34, 0x02, 0xD8, 0x00, 0x61, 0x02, 0x76, 0x00, 0x28, 0x02, 0x5C, 0x00, 0x1F, 
0x03, 0x00, 0x00, 0x58, 0x02, 0xBC, 0x00, 0x03, 0x04, 0x18, 0x00, 0x0C, 0x02, 0xA1, 0x00, 0x0F, 
0x02, 0x70, 0xFF, 0xF8, 0x02, 0xA3, 0x00, 0x2F, 0x01, 0x63, 0x00, 0x58, 0x02, 0x0A, 0x00, 0x1C, 
0x01, 0x63, 0x00, 0x29, 0x01, 0x8A, 0x00, 0x16, 0x02, 0xD2, 0x00, 0x48, 0x03, 0x41, 0x01, 0x3C, 
0x02, 0x4B, 0x00, 0x29, 0x02, 0xA0, 0x00, 0x51, 0x02, 0x40, 0x00, 0x2E, 0x02, 0xA0, 0x00, 0x2F, 
0x02, 0x6A, 0x00, 0x2F, 0x01, 0x82, 0x00, 0x28, 0x02, 0x8E, 0x00, 0x30, 0x02, 0x86, 0x00, 0x51, 
0x01, 0x12, 0x00, 0x43, 0x01, 0x12, 0xFF, 0x92, 0x02, 0x45, 0x00, 0x51, 0x01, 0x12, 0x00, 0x51, 
0x03, 0xF6, 0x00, 0x51, 0x02, 0x86, 0x00, 0x51, 0x02, 0x8C, 0x00, 0x2E, 0x02, 0xA0, 0x00, 0x51, 
0x02, 0xA0, 0x00, 0x2F, 0x01, 0x8D, 0x00, 0x51, 0x01, 0xFA, 0x00, 0x21, 0x01, 0xA2, 0x00, 0x28, 
0x02, 0x86, 0x00, 0x4B, 0x02, 0x3C, 0x00, 0x08, 0x03, 0x90, 0x00, 0x12, 0x02, 0x2E, 0x00, 0x13, 
0x02, 0x3E, 0x00, 0x09, 0x02, 0x1D, 0x00, 0x2C, 0x01, 0x50, 0x00, 0x28, 0x01, 0x01, 0x00, 0x57, 
0x01, 0x50, 0x00, 0x34, 0x02, 0x35, 0x00, 0x32, 0x01, 0x26, 0x00, 0x49, 0x02, 0x4A, 0x00, 0x31, 
0x02, 0x68, 0x00, 0x3B, 0x02, 0xF3, 0x00, 0x3C, 0x02, 0xCB, 0x00, 0x23, 0x01, 0x14, 0x00, 0x5B, 
0x02, 0x62, 0x00, 0x33, 0x02, 0x62, 0x00, 0xA6, 0x03, 0x40, 0x00, 0x36, 0x01, 0x60, 0x00, 0x3B, 
0x02, 0x23, 0x00, 0x38, 0x03, 0x3C, 0x00, 0x43, 0x03, 0x40, 0x00, 0x36, 0x01, 0xA8, 0x00, 0x3B, 
0x01, 0xA0, 0x00, 0x36, 0x02, 0x38, 0x00, 0x30, 0x01, 0xA3, 0x00, 0x42, 0x01, 0x8C, 0x00, 0x36, 
0x03, 0x41, 0x01, 0x52, 0x02, 0x82, 0x00, 0x56, 0x02, 0x9F, 0x00, 0x23, 0x01, 0x23, 0x00, 0x47, 
0x01, 0x19, 0x00, 0x2A, 0x01, 0x0C, 0x00, 0x29, 0x01, 0x7A, 0x00, 0x38, 0x02, 0x23, 0x00, 0x42, 
0x03, 0x5F, 0x00, 0x23, 0x03, 0xA0, 0x00, 0x23, 0x03, 0x85, 0x00, 0x28, 0x01, 0xFC, 0x00, 0x35, 
0x02, 0xDA, 0x00, 0x00, 0x02, 0xE6, 0x00, 0x00, 0x02, 0xDA, 0x00, 0x00, 0x02, 0xDA, 0x00, 0x00, 
0x02, 0xDA, 0x00, 0x00, 0x02, 0xDA, 0x00, 0x00, 0x04, 0x10, 0xFF, 0xF5, 0x02, 0xE0, 0x00, 0x34, 
0x02, 0x8E, 0x00, 0x61, 0x02, 0x8E, 0x00, 0x61, 0x02, 0x8E, 0x00, 0x61, 0x02, 0x8E, 0x00, 0x61, 
0x01, 0x38, 0xFF, 0xF1, 0x01, 0x38, 0x00, 0x61, 0x01, 0x38, 0xFF, 0xF9, 0x01, 0x38, 0x00, 0x03, 
0x03, 0x16, 0x00, 0x1A, 0x03, 0x44, 0x00, 0x61, 0x03, 0x48, 0x00, 0x34, 0x03, 0x48, 0x00, 0x34, 
0x03, 0x48, 0x00, 0x34, 0x03, 0x48, 0x00, 0x34, 0x03, 0x48, 0x00, 0x34, 0x02, 0x35, 0x00, 0x30, 
0x03, 0x48, 0x00, 0x34, 0x03, 0x00, 0x00, 0x58, 0x03, 0x00, 0x00, 0x58, 0x03, 0x00, 0x00, 0x58, 
0x03, 0x00, 0x00, 0x58, 0x02, 0x70, 0xFF, 0xF8, 0x02, 0xAE, 0x00, 0x61, 0x02, 0x8B, 0x00, 0x51, 
0x02, 0x4B, 0x00, 0x29, 0x02, 0x4B, 0x00, 0x29, 0x02, 0x4B, 0x00, 0x29, 0x02, 0x4B, 0x00, 0x29, 
0x02, 0x4B, 0x00, 0x29, 0x02, 0x4B, 0x00, 0x29, 0x03, 0xB8, 0x00, 0x29, 0x02, 0x41, 0x00, 0x2F, 
0x02, 0x6A, 0x00, 0x2F, 0x02, 0x6A, 0x00, 0x2F, 0x02, 0x6A, 0x00, 0x2F, 0x02, 0x6A, 0x00, 0x2F, 
0x01, 0x12, 0xFF, 0xE8, 0x01, 0x12, 0x00, 0x51, 0x01, 0x12, 0xFF, 0xE0, 0x01, 0x12, 0xFF, 0xF8, 
0x02, 0x54, 0x00, 0x32, 0x02, 0x86, 0x00, 0x51, 0x02, 0x8C, 0x00, 0x2E, 0x02, 0x8C, 0x00, 0x2E, 
0x02, 0x8C, 0x00, 0x2E, 0x02, 0x8C, 0x00, 0x2E, 0x02, 0x8C, 0x00, 0x2E, 0x02, 0x38, 0x00, 0x30, 
0x02, 0x8C, 0x00, 0x2E, 0x02, 0x86, 0x00, 0x4B, 0x02, 0x86, 0x00, 0x4B, 0x02, 0x86, 0x00, 0x4B, 
0x02, 0x86, 0x00, 0x4B, 0x02, 0x3E, 0x00, 0x09, 0x02, 0xA0, 0x00, 0x51, 0x02, 0x3E, 0x00, 0x09, 
0x02, 0x86, 0x00, 0x2C, 0x01, 0x38, 0xFF, 0xF4, 0x01, 0x12, 0xFF, 0xEC, 0x01, 0x12, 0x00, 0x51, 
0x02, 0x5B, 0x00, 0x43, 0x02, 0x27, 0x00, 0x1F, 0x01, 0x12, 0xFF, 0x92, 0x02, 0x45, 0x00, 0x51, 
0x02, 0x45, 0x00, 0x51, 0x01, 0x93, 0x00, 0x51, 0x02, 0x42, 0x00, 0x1E, 0x01, 0x40, 0x00, 0x16, 
0x03, 0x44, 0x00, 0x61, 0x02, 0x86, 0x00, 0x51, 0x04, 0x2A, 0x00, 0x35, 0x04, 0x2A, 0x00, 0x2E, 
0x02, 0xD8, 0x00, 0x61, 0x02, 0xD8, 0x00, 0x61, 0x01, 0x8D, 0x00, 0x29, 0x02, 0xD8, 0x00, 0x61, 
0x01, 0x8D, 0x00, 0x2A, 0x02, 0x7A, 0x00, 0x28, 0x01, 0xFA, 0x00, 0x21, 0x02, 0xA3, 0x00, 0x2F, 
0x02, 0x1D, 0x00, 0x2C, 0x02, 0xA2, 0x00, 0x1C, 0x02, 0xA2, 0x00, 0xA6, 0x02, 0x24, 0x00, 0x64, 
0x02, 0x1E, 0x00, 0x64, 0x01, 0x49, 0x00, 0x70, 0x01, 0x79, 0x00, 0x50, 0x00, 0xD7, 0x00, 0x12, 
0x02, 0x07, 0x00, 0x5F, 0x01, 0xFA, 0x00, 0x34, 0x02, 0xEA, 0x00, 0x1E, 0x02, 0x1A, 0x00, 0x52, 
0x02, 0xD5, 0x00, 0x52, 0x00, 0xD8, 0x00, 0x23, 0x00, 0xD9, 0x00, 0x23, 0x00, 0xD9, 0x00, 0x23, 
0x01, 0x72, 0x00, 0x23, 0x01, 0x71, 0x00, 0x23, 0x01, 0x71, 0x00, 0x23, 0x02, 0x0B, 0x00, 0x24, 
0x02, 0x05, 0x00, 0x26, 0x01, 0xAC, 0x00, 0x55, 0x02, 0xBA, 0x00, 0x42, 0x04, 0x8E, 0x00, 0x30, 
0x01, 0x5D, 0x00, 0x38, 0x01, 0x5D, 0x00, 0x42, 0x02, 0x7B, 0xFF, 0xFE, 0x02, 0xF9, 0x00, 0x34, 
0x03, 0xE8, 0x00, 0x3B, 0x03, 0x8A, 0x00, 0x36, 0x02, 0x69, 0x00, 0x30, 0x03, 0x16, 0x00, 0x1E, 
0x03, 0x21, 0x00, 0x5C, 0x02, 0xBF, 0x00, 0x25, 0x02, 0x38, 0x00, 0x30, 0x02, 0xCD, 0x00, 0x18, 
0x03, 0x64, 0x00, 0x47, 0x01, 0x84, 0x00, 0x0D, 0x02, 0xB4, 0x00, 0x59, 0x02, 0x7B, 0x00, 0x40, 
0x02, 0x67, 0x00, 0x43, 0x02, 0x67, 0x00, 0x4C, 0x02, 0x8A, 0x00, 0x5B, 0x02, 0x94, 0x00, 0x28, 
0x00, 0x28, 0x00, 0x00, 0x00, 0x00, 0x00, 0x03, 0x00, 0x00, 0x00, 0x03, 0x00, 0x00, 0x00, 0x1C, 
0x00, 0x01, 0x00, 0x00, 0x00, 0x00, 0x01, 0x7C, 0x00, 0x03, 0x00, 0x01, 0x00, 0x00, 0x00, 0x1C, 
0x00, 0x04, 0x01, 0x60, 0x00, 0x00, 0x00, 0x54, 0x00, 0x40, 0x00, 0x05, 0x00, 0x14, 0x00, 0x00, 
0x00, 0x0D, 0x00, 0x7E, 0x00, 0xAC, 0x00, 0xFF, 0x01, 0x29, 0x01, 0x31, 0x01, 0x35, 0x01, 0x38, 
0x01, 0x44, 0x01, 0x54, 0x01, 0x59, 0x01, 0x61, 0x01, 0x7E, 0x01, 0x92, 0x02, 0xC7, 0x02, 0xDD, 
0x03, 0xC0, 0x20, 0x14, 0x20, 0x1A, 0x20, 0x1E, 0x20, 0x22, 0x20, 0x26, 0x20, 0x30, 0x20, 0x3A, 
0x20, 0x44, 0x20, 0xAC, 0x21, 0x22, 0x21, 0x26, 0x22, 0x02, 0x22, 0x06, 0x22, 0x0F, 0x22, 0x12, 
0x22, 0x1A, 0x22, 0x1E, 0x22, 0x2B, 0x22, 0x48, 0x22, 0x60, 0x22, 0x65, 0x25, 0xCA, 0xFB, 0x02, 
0xFF, 0xFF, 0x00, 0x00, 0x00, 0x00, 0x00, 0x0D, 0x00, 0x20, 0x00, 0xA1, 0x00, 0xAE, 0x01, 0x27, 
0x01, 0x31, 0x01, 0x33, 0x01, 0x37, 0x01, 0x40, 0x01, 0x52, 0x01, 0x56, 0x01, 0x60, 0x01, 0x7D, 
0x01, 0x92, 0x02, 0xC6, 0x02, 0xD8, 0x03, 0xC0, 0x20, 0x13, 0x20, 0x18, 0x20, 0x1C, 0x20, 0x20, 
0x20, 0x26, 0x20, 0x30, 0x20, 0x39, 0x20, 0x44, 0x20, 0xAC, 0x21, 0x22, 0x21, 0x26, 0x22, 0x02, 
0x22, 0x06, 0x22, 0x0F, 0x22, 0x11, 0x22, 0x1A, 0x22, 0x1E, 0x22, 0x2B, 0x22, 0x48, 0x22, 0x60, 
0x22, 0x64, 0x25, 0xCA, 0xFB, 0x01, 0xFF, 0xFF, 0x00, 0x03, 0xFF, 0xF7, 0xFF, 0xE5, 0xFF, 0xC3, 
0xFF, 0xC2, 0xFF, 0x9B, 0xFF, 0x94, 0xFF, 0x93, 0xFF, 0x92, 0xFF, 0x8B, 0xFF, 0x7E, 0xFF, 0x7D, 
0xFF, 0x77, 0xFF, 0x5C, 0xFF, 0x49, 0xFE, 0x16, 0xFE, 0x06, 0xFD, 0x24, 0xE0, 0xD2, 0xE0, 0xCF, 
0xE0, 0xCE, 0xE0, 0xCD, 0xE0, 0xCA, 0xE0, 0xC1, 0xE0, 0xB9, 0xE0, 0xB0, 0xE0, 0x49, 0xDF, 0xD4, 
0xDF, 0xD1, 0xDE, 0xF6, 0xDE, 0xF3, 0xDE, 0xEB, 0xDE, 0xEA, 0xDE, 0xE3, 0xDE, 0xE0, 0xDE, 0xD4, 
0xDE, 0xB8, 0xDE, 0xA1, 0xDE, 0x9E, 0xDB, 0x3A, 0x06, 0x04, 0x00, 0x01, 0x00, 0x00, 0x00, 0x00, 
0x00, 0x00, 0x00, 0x00, 0x00, 0x00, 0x00, 0x00, 0x00, 0x00, 0x00, 0x00, 0x00, 0x00, 0x00, 0x00, 
0x00, 0x00, 0x00, 0x00, 0x00, 0x00, 0x00, 0x00, 0x00, 0x00, 0x00, 0x00, 0x00, 0x00, 0x00, 0x00, 
0x00, 0x00, 0x00, 0x00, 0x00, 0x00, 0x00, 0x00, 0x00, 0x00, 0x00, 0x00, 0x00, 0x00, 0x00, 0x00, 
0x00, 0x00, 0x00, 0x00, 0x00, 0x00, 0x00, 0x00, 0x00, 0x00, 0x00, 0x00, 0x00, 0x00, 0x00, 0x00, 
0x00, 0x00, 0x00, 0x00, 0x00, 0x00, 0x00, 0x00, 0x00, 0x00, 0x00, 0x00, 0x00, 0x00, 0x00, 0x00, 
0x00, 0x06, 0x02, 0x0A, 0x00, 0x00, 0x00, 0x00, 0x01, 0x00, 0x00, 0x03, 0x00, 0x00, 0x00, 0x00, 
0x00, 0x00, 0x00, 0x00, 0x00, 0x00, 0x00, 0x00, 0x00, 0x00, 0x00, 0x01, 0x00, 0x02, 0x00, 0x00, 
0x00, 0x00, 0x00, 0x00, 0x00, 0x04, 0x00, 0x00, 0x00, 0x00, 0x00, 0x00, 0x00, 0x00, 0x00, 0x00, 
0x00, 0x00, 0x00, 0x00, 0x00, 0x00, 0x00, 0x00, 0x00, 0x00, 0x00, 0x00, 0x00, 0x00, 0x00, 0x00, 
0x00, 0x00, 0x00, 0x00, 0x00, 0x01, 0x00, 0x00, 0x00, 0x00, 0x00, 0x05, 0x00, 0x06, 0x00, 0x07, 
0x00, 0x08, 0x00, 0x09, 0x00, 0x0A, 0x00, 0x0B, 0x00, 0x0C, 0x00, 0x0D, 0x00, 0x0E, 0x00, 0x0F, 
0x00, 0x10, 0x00, 0x11, 0x00, 0x12, 0x00, 0x13, 0x00, 0x14, 0x00, 0x15, 0x00, 0x16, 0x00, 0x17, 
0x00, 0x18, 0x00, 0x19, 0x00, 0x1A, 0x00, 0x1B, 0x00, 0x1C, 0x00, 0x1D, 0x00, 0x1E, 0x00, 0x1F, 
0x00, 0x20, 0x00, 0x21, 0x00, 0x22, 0x00, 0x23, 0x00, 0x24, 0x00, 0x25, 0x00, 0x26, 0x00, 0x27, 
0x00, 0x28, 0x00, 0x29, 0x00, 0x2A, 0x00, 0x2B, 0x00, 0x2C, 0x00, 0x2D, 0x00, 0x2E, 0x00, 0x2F, 
0x00, 0x30, 0x00, 0x31, 0x00, 0x32, 0x00, 0x33, 0x00, 0x34, 0x00, 0x35, 0x00, 0x36, 0x00, 0x37, 
0x00, 0x38, 0x00, 0x39, 0x00, 0x3A, 0x00, 0x3B, 0x00, 0x3C, 0x00, 0x3D, 0x00, 0x3E, 0x00, 0x3F, 
0x00, 0x40, 0x00, 0x41, 0x00, 0x42, 0x00, 0x43, 0x00, 0x44, 0x00, 0x45, 0x00, 0x46, 0x00, 0x47, 
0x00, 0x48, 0x00, 0x49, 0x00, 0x4A, 0x00, 0x4B, 0x00, 0x4C, 0x00, 0x4D, 0x00, 0x4E, 0x00, 0x4F, 
0x00, 0x50, 0x00, 0x51, 0x00, 0x52, 0x00, 0x53, 0x00, 0x54, 0x00, 0x55, 0x00, 0x56, 0x00, 0x57, 
0x00, 0x58, 0x00, 0x59, 0x00, 0x5A, 0x00, 0x5B, 0x00, 0x5C, 0x00, 0x5D, 0x00, 0x5E, 0x00, 0x5F, 
0x00, 0x60, 0x00, 0x61, 0x00, 0x62, 0x00, 0x63, 0x00, 0x00, 0x00, 0x86, 0x00, 0x87, 0x00, 0x89, 
0x00, 0x8B, 0x00, 0x93, 0x00, 0x98, 0x00, 0x9E, 0x00, 0xA3, 0x00, 0xA2, 0x00, 0xA4, 0x00, 0xA6, 
0x00, 0xA5, 0x00, 0xA7, 0x00, 0xA9, 0x00, 0xAB, 0x00, 0xAA, 0x00, 0xAC, 0x00, 0xAD, 0x00, 0xAF, 
0x00, 0xAE, 0x00, 0xB0, 0x00, 0xB1, 0x00, 0xB3, 0x00, 0xB5, 0x00, 0xB4, 0x00, 0xB6, 0x00, 0xB8, 
0x00, 0xB7, 0x00, 0xBC, 0x00, 0xBB, 0x00, 0xBD, 0x00, 0xBE, 0x00, 0xED, 0x00, 0x72, 0x00, 0x65, 
0x00, 0x66, 0x00, 0x6A, 0x00, 0xEF, 0x00, 0x78, 0x00, 0xA1, 0x00, 0x70, 0x00, 0x6C, 0x00, 0xF6, 
0x00, 0x76, 0x00, 0x6B, 0x01, 0x01, 0x00, 0x88, 0x00, 0x9A, 0x00, 0xFE, 0x00, 0x73, 0x01, 0x02, 
0x01, 0x03, 0x00, 0x68, 0x00, 0x77, 0x00, 0xF8, 0x00, 0xFB, 0x00, 0xFA, 0x00, 0xE4, 0x00, 0xFF, 
0x00, 0x6D, 0x00, 0x7C, 0x00, 0x00, 0x00, 0xA8, 0x00, 0xBA, 0x00, 0x81, 0x00, 0x64, 0x00, 0x6F, 
0x00, 0xFD, 0x00, 0xDB, 0x01, 0x00, 0x00, 0xF9, 0x00, 0x6E, 0x00, 0x7D, 0x00, 0xF0, 0x00, 0x00, 
0x00, 0x82, 0x00, 0x85, 0x00, 0x97, 0x00, 0xD0, 0x00, 0xD1, 0x00, 0xE5, 0x00, 0xE6, 0x00, 0xEA, 
0x00, 0xEB, 0x00, 0xE7, 0x00, 0xE8, 0x00, 0xB9, 0x01, 0x04, 0x00, 0xC1, 0x00, 0x00, 0x00, 0xF4, 
0x00, 0xF5, 0x00, 0xF2, 0x00, 0xF3, 0x01, 0x05, 0x01, 0x06, 0x00, 0xEE, 0x00, 0x79, 0x00, 0xE9, 
0x00, 0xEC, 0x00, 0xF1, 0x00, 0x84, 0x00, 0x8C, 0x00, 0x83, 0x00, 0x8D, 0x00, 0x8A, 0x00, 0x8F, 
0x00, 0x90, 0x00, 0x91, 0x00, 0x8E, 0x00, 0x95, 0x00, 0x96, 0x00, 0x00, 0x00, 0x94, 0x00, 0x9C, 
0x00, 0x9D, 0x00, 0x9B, 0x00, 0xC5, 0x00, 0xDC, 0x00, 0xE2, 0x00, 0x71, 0x00, 0xDE, 0x00, 0xDF, 
0x00, 0xE0, 0x00, 0x7A, 0x00, 0xE3, 0x00, 0xE1, 0x00, 0xDD, 0x00, 0x00, 0xB8, 0x01, 0xFF, 0x85, 
0xB0, 0x04, 0x8D, 0x00, 0x00, 0x00, 0x00, 0x00, 0x00, 0x00, 0x00, 0x00, 0x00, 0x00, 0x00, 0x00, 
0x00, 0x00, 0x00, 0x1C, 0x00, 0x2E, 0x00, 0x60, 0x00, 0xA2, 0x00, 0xE0, 0x01, 0x28, 0x01, 0x34, 
0x01, 0x4C, 0x01, 0x64, 0x01, 0x86, 0x01, 0x9A, 0x01, 0xB0, 0x01, 0xBC, 0x01, 0xCE, 0x01, 0xDC, 
0x01, 0xFC, 0x02, 0x0C, 0x02, 0x32, 0x02, 0x58, 0x02, 0x74, 0x02, 0x9C, 0x02, 0xD0, 0x02, 0xE6, 
0x03, 0x1A, 0x03, 0x4E, 0x03, 0x6C, 0x03, 0x8E, 0x03, 0xA2, 0x03, 0xB6, 0x03, 0xCA, 0x04, 0x02, 
0x04, 0x4E, 0x04, 0x68, 0x04, 0xA0, 0x04, 0xC4, 0x04, 0xE4, 0x04, 0xFC, 0x05, 0x12, 0x05, 0x36, 
0x05, 0x4E, 0x05, 0x5C, 0x05, 0x78, 0x05, 0x94, 0x05, 0xA4, 0x05, 0xBE, 0x05, 0xD6, 0x05, 0xF6, 
0x06, 0x16, 0x06, 0x48, 0x06, 0x6C, 0x06, 0x9E, 0x06, 0xB0, 0x06, 0xCC, 0x06, 0xDE, 0x06, 0xFC, 
0x07, 0x1A, 0x07, 0x30, 0x07, 0x4A, 0x07, 0x5C, 0x07, 0x6A, 0x07, 0x7C, 0x07, 0x8E, 0x07, 0x9A, 
0x07, 0xA8, 0x07, 0xD6, 0x07, 0xFA, 0x08, 0x18, 0x08, 0x3C, 0x08, 0x64, 0x08, 0x84, 0x08, 0xB6, 
0x08, 0xD6, 0x08, 0xEE, 0x09, 0x12, 0x09, 0x2A, 0x09, 0x36, 0x09, 0x66, 0x09, 0x86, 0x09, 0xA4, 
0x09, 0xC8, 0x09, 0xEA, 0x0A, 0x04, 0x0A, 0x3A, 0x0A, 0x5A, 0x0A, 0x7A, 0x0A, 0x8C, 0x0A, 0xA8, 
0x0A, 0xC2, 0x0A, 0xE2, 0x0A, 0xFA, 0x0B, 0x26, 0x0B, 0x34, 0x0B, 0x60, 0x0B, 0x82, 0x0B, 0x9E, 
0x0B, 0xCE, 0x0B, 0xF4, 0x0C, 0x28, 0x0C, 0x50, 0x0C, 0x64, 0x0C, 0xB2, 0x0C, 0xD0, 0x0D, 0x08, 
0x0D, 0x34, 0x0D, 0x4E, 0x0D, 0x5E, 0x0D, 0x9C, 0x0D, 0xAA, 0x0D, 0xC8, 0x0D, 0xE4, 0x0E, 0x08, 
0x0E, 0x2C, 0x0E, 0x3A, 0x0E, 0x5A, 0x0E, 0x7A, 0x0E, 0x8C, 0x0E, 0xAA, 0x0E, 0xBA, 0x0E, 0xD8, 
0x0E, 0xF2, 0x0F, 0x1C, 0x0F, 0x52, 0x0F, 0x90, 0x0F, 0xC8, 0x0F, 0xEC, 0x10, 0x0E, 0x10, 0x36, 
0x10, 0x68, 0x10, 0x9C, 0x10, 0xCC, 0x10, 0xF2, 0x11, 0x2C, 0x11, 0x4C, 0x11, 0x6C, 0x11, 0x8E, 
0x11, 0xBC, 0x11, 0xD0, 0x11, 0xE4, 0x11, 0xFC, 0x12, 0x20, 0x12, 0x46, 0x12, 0x74, 0x12, 0x9C, 
0x12, 0xC4, 0x12, 0xF0, 0x13, 0x26, 0x13, 0x5C, 0x13, 0x76, 0x13, 0xB6, 0x13, 0xDA, 0x13, 0xFE, 
0x14, 0x26, 0x14, 0x5A, 0x14, 0x78, 0x14, 0x9A, 0x14, 0xD6, 0x15, 0x0A, 0x15, 0x3E, 0x15, 0x76, 
0x15, 0xB8, 0x15, 0xFC, 0x16, 0x42, 0x16, 0x8C, 0x16, 0xC0, 0x16, 0xF0, 0x17, 0x1E, 0x17, 0x50, 
0x17, 0x8E, 0x17, 0xA2, 0x17, 0xB6, 0x17, 0xCE, 0x17, 0xF2, 0x18, 0x2A, 0x18, 0x5E, 0x18, 0x84, 
0x18, 0xA8, 0x18, 0xD0, 0x19, 0x02, 0x19, 0x36, 0x19, 0x5A, 0x19, 0x96, 0x19, 0xBE, 0x19, 0xE4, 
0x1A, 0x0E, 0x1A, 0x44, 0x1A, 0x6C, 0x1A, 0x9C, 0x1A, 0xD4, 0x1A, 0xFC, 0x1B, 0x1E, 0x1B, 0x40, 
0x1B, 0x4E, 0x1B, 0x82, 0x1B, 0xAA, 0x1B, 0xCC, 0x1B, 0xFC, 0x1C, 0x14, 0x1C, 0x2C, 0x1C, 0x46, 
0x1C, 0x5E, 0x1C, 0x7C, 0x1C, 0xA2, 0x1C, 0xCA, 0x1D, 0x0C, 0x1D, 0x36, 0x1D, 0x60, 0x1D, 0x80, 
0x1D, 0xAE, 0x1D, 0xD2, 0x1E, 0x0A, 0x1E, 0x4C, 0x1E, 0x70, 0x1E, 0x92, 0x1E, 0xC2, 0x1E, 0xD4, 
0x1E, 0xE6, 0x1E, 0xFC, 0x1F, 0x0E, 0x1F, 0x2C, 0x1F, 0x46, 0x1F, 0x62, 0x1F, 0x76, 0x1F, 0xA0, 
0x1F, 0xAC, 0x1F, 0xB8, 0x1F, 0xCE, 0x1F, 0xE4, 0x1F, 0xF8, 0x20, 0x1C, 0x20, 0x40, 0x20, 0x62, 
0x20, 0x78, 0x20, 0x96, 0x20, 0xA8, 0x20, 0xD0, 0x21, 0x24, 0x21, 0x36, 0x21, 0x46, 0x21, 0x56, 
0x21, 0x92, 0x21, 0xB8, 0x21, 0xE2, 0x22, 0x1C, 0x22, 0x34, 0x22, 0x48, 0x22, 0x64, 0x22, 0x72, 
0x22, 0x88, 0x22, 0xCA, 0x22, 0xFE, 0x23, 0x3E, 0x23, 0x5E, 0x23, 0x78, 0x23, 0x94, 0x23, 0xA2, 
0x23, 0xD4, 0x23, 0xFC, 0x00, 0x02, 0x00, 0x4A, 0xFF, 0xF8, 0x00, 0xDF, 0x02, 0xCC, 0x00, 0x05, 
0x00, 0x0D, 0x00, 0x00, 0x13, 0x33, 0x15, 0x03, 0x23, 0x03, 0x12, 0x26, 0x34, 0x36, 0x32, 0x16, 
0x14, 0x06, 0x4E, 0x8C, 0x1E, 0x50, 0x1E, 0x28, 0x2C, 0x2C, 0x3D, 0x2C, 0x2C, 0x02, 0xCC, 0x81, 
0xFE, 0x97, 0x01, 0x69, 0xFD, 0xAD, 0x2C, 0x3D, 0x2C, 0x2C, 0x3D, 0x2C, 0x00, 0x02, 0x00, 0x4D, 
0x01, 0xC5, 0x01, 0x29, 0x02, 0xBB, 0x00, 0x03, 0x00, 0x07, 0x00, 0x00, 0x13, 0x35, 0x33, 0x15, 
0x33, 0x35, 0x33, 0x15, 0x4D, 0x4E, 0x40, 0x4E, 0x01, 0xC5, 0xF6, 0xF6, 0xF6, 0xF6, 0x00, 0x00, 
0x00, 0x02, 0x00, 0x2B, 0x00, 0x00, 0x02, 0xB5, 0x02, 0xCC, 0x00, 0x1B, 0x00, 0x1F, 0x00, 0x00, 
0x01, 0x23, 0x07, 0x33, 0x07, 0x23, 0x07, 0x23, 0x37, 0x23, 0x07, 0x23, 0x37, 0x23, 0x37, 0x33, 
0x37, 0x23, 0x37, 0x33, 0x37, 0x33, 0x07, 0x33, 0x37, 0x33, 0x07, 0x33, 0x07, 0x23, 0x07, 0x33, 
0x02, 0x9F, 0x6C, 0x1D, 0x7B, 0x16, 0x77, 0x1C, 0x6F, 0x1C, 0x93, 0x1C, 0x70, 0x1C, 0x67, 0x16, 
0x64, 0x1D, 0x72, 0x16, 0x6F, 0x1D, 0x6F, 0x1D, 0x93, 0x1D, 0x70, 0x1F, 0x70, 0xF0, 0x93, 0x1E, 
0x93, 0x01, 0xB4, 0xA6, 0x6E, 0xA0, 0xA0, 0xA0, 0xA0, 0x6E, 0xA6, 0x6E, 0xAA, 0xAA, 0xAA, 0xAA, 
0x6E, 0xA6, 0x00, 0x00, 0x00, 0x03, 0x00, 0x25, 0xFF, 0xB8, 0x02, 0x3D, 0x02, 0xF5, 0x00, 0x1C, 
0x00, 0x22, 0x00, 0x28, 0x00, 0x00, 0x05, 0x35, 0x26, 0x27, 0x37, 0x16, 0x17, 0x35, 0x2E, 0x01, 
0x34, 0x36, 0x37, 0x35, 0x33, 0x15, 0x16, 0x17, 0x07, 0x26, 0x27, 0x15, 0x33, 0x1E, 0x01, 0x14, 
0x06, 0x07, 0x15, 0x3E, 0x01, 0x34, 0x26, 0x27, 0x15, 0x02, 0x06, 0x14, 0x16, 0x17, 0x35, 0x01, 
0x1B, 0x89, 0x6D, 0x49, 0x54, 0x59, 0x71, 0x69, 0x79, 0x61, 0x40, 0x6E, 0x62, 0x41, 0x42, 0x4D, 
0x03, 0x73, 0x6C, 0x7C, 0x66, 0x30, 0x38, 0x2C, 0x3C, 0x6D, 0x33, 0x28, 0x38, 0x48, 0x49, 0x0E, 
0x5F, 0x57, 0x49, 0x0E, 0xC2, 0x1B, 0x58, 0xAD, 0x6E, 0x05, 0x32, 0x33, 0x08, 0x43, 0x5C, 0x2F, 
0x0B, 0xBC, 0x1B, 0x5C, 0xAF, 0x6E, 0x05, 0x48, 0xB8, 0x2E, 0x46, 0x29, 0x12, 0xB4, 0x01, 0xE9, 
0x2D, 0x43, 0x27, 0x12, 0xAD, 0x00, 0x00, 0x00, 0x00, 0x05, 0x00, 0x2C, 0xFF, 0xF8, 0x02, 0xE7, 
0x02, 0xCC, 0x00, 0x07, 0x00, 0x0B, 0x00, 0x13, 0x00, 0x1B, 0x00, 0x23, 0x00, 0x00, 0x00, 0x14, 
0x06, 0x22, 0x26, 0x34, 0x36, 0x32, 0x05, 0x01, 0x23, 0x01, 0x04, 0x34, 0x26, 0x22, 0x06, 0x14, 
0x16, 0x32, 0x00, 0x14, 0x06, 0x22, 0x26, 0x34, 0x36, 0x32, 0x06, 0x34, 0x26, 0x22, 0x06, 0x14, 
0x16, 0x32, 0x01, 0x5A, 0x57, 0x81, 0x56, 0x57, 0x81, 0x01, 0xC2, 0xFE, 0x00, 0x81, 0x02, 0x00, 
0xFE, 0xB7, 0x22, 0x31, 0x20, 0x22, 0x31, 0x02, 0x0B, 0x57, 0x81, 0x56, 0x57, 0x81, 0x06, 0x22, 
0x31, 0x20, 0x22, 0x31, 0x02, 0x6F, 0x84, 0x5E, 0x5D, 0x84, 0x5E, 0x11, 0xFD, 0x45, 0x02, 0xBB, 
0xAE, 0x3C, 0x29, 0x29, 0x3C, 0x29, 0xFE, 0xF6, 0x84, 0x5E, 0x5D, 0x84, 0x5E, 0xC1, 0x3C, 0x29, 
0x29, 0x3C, 0x29, 0x00, 0x00, 0x03, 0x00, 0x31, 0xFF, 0xEE, 0x02, 0xA0, 0x02, 0xCC, 0x00, 0x1B, 
0x00, 0x23, 0x00, 0x2C, 0x00, 0x00, 0x05, 0x22, 0x26, 0x35, 0x34, 0x37, 0x2E, 0x01, 0x35, 0x34, 
0x36, 0x32, 0x16, 0x15, 0x14, 0x07, 0x16, 0x17, 0x36, 0x37, 0x17, 0x06, 0x07, 0x16, 0x17, 0x07, 
0x27, 0x06, 0x24, 0x16, 0x32, 0x37, 0x26, 0x27, 0x06, 0x15, 0x12, 0x06, 0x14, 0x16, 0x17, 0x36, 
0x35, 0x34, 0x26, 0x01, 0x1D, 0x62, 0x8A, 0xA4, 0x29, 0x21, 0x76, 0xA0, 0x70, 0xA0, 0x50, 0x32, 
0x1F, 0x11, 0x52, 0x1A, 0x21, 0x28, 0x3E, 0x4B, 0x5C, 0x58, 0xFE, 0xFF, 0x4C, 0x7E, 0x47, 0x65, 
0x3B, 0x71, 0x8F, 0x35, 0x1B, 0x21, 0x71, 0x35, 0x08, 0x6D, 0x5F, 0x71, 0x58, 0x2F, 0x3C, 0x2E, 
0x50, 0x56, 0x52, 0x4A, 0x63, 0x58, 0x62, 0x34, 0x2E, 0x3D, 0x3A, 0x45, 0x34, 0x29, 0x3A, 0x46, 
0x5B, 0x51, 0x9A, 0x39, 0x3A, 0x6A, 0x48, 0x3D, 0x49, 0x01, 0xB4, 0x2A, 0x38, 0x2D, 0x28, 0x38, 
0x30, 0x28, 0x27, 0x00, 0x00, 0x01, 0x00, 0x4D, 0x01, 0xC5, 0x00, 0x9B, 0x02, 0xBB, 0x00, 0x03, 
0x00, 0x00, 0x13, 0x35, 0x33, 0x15, 0x4D, 0x4E, 0x01, 0xC5, 0xF6, 0xF6, 0x00, 0x01, 0x00, 0x32, 
0xFF, 0x7B, 0x01, 0x2B, 0x02, 0xF5, 0x00, 0x0B, 0x00, 0x00, 0x12, 0x14, 0x16, 0x17, 0x23, 0x2E, 
0x01, 0x34, 0x36, 0x37, 0x33, 0x06, 0xA1, 0x50, 0x3A, 0x77, 0x31, 0x51, 0x51, 0x31, 0x77, 0x3A, 
0x01, 0xAB, 0xE6, 0xF9, 0x51, 0x44, 0xFC, 0xFA, 0xFC, 0x44, 0x51, 0x00, 0x00, 0x01, 0x00, 0x21, 
0xFF, 0x7B, 0x01, 0x1A, 0x02, 0xF5, 0x00, 0x0B, 0x00, 0x00, 0x36, 0x34, 0x26, 0x27, 0x33, 0x1E, 
0x01, 0x14, 0x06, 0x07, 0x23, 0x36, 0xAB, 0x50, 0x3A, 0x77, 0x31, 0x51, 0x51, 0x31, 0x77, 0x3A, 
0xC5, 0xE6, 0xF9, 0x51, 0x44, 0xFC, 0xFA, 0xFC, 0x44, 0x51, 0x00, 0x00, 0x00, 0x01, 0x00, 0x3D, 
0x01, 0x7C, 0x01, 0x73, 0x02, 0xBB, 0x00, 0x11, 0x00, 0x00, 0x01, 0x27, 0x17, 0x23, 0x37, 0x07, 
0x27, 0x37, 0x27, 0x37, 0x17, 0x27, 0x33, 0x07, 0x37, 0x17, 0x07, 0x17, 0x01, 0x51, 0x5F, 0x08, 
0x44, 0x08, 0x5F, 0x22, 0x66, 0x66, 0x22, 0x5E, 0x07, 0x44, 0x07, 0x5E, 0x22, 0x67, 0x67, 0x01, 
0xAE, 0x40, 0x72, 0x73, 0x40, 0x3A, 0x33, 0x32, 0x3B, 0x3F, 0x71, 0x71, 0x3E, 0x3A, 0x32, 0x33, 
0x00, 0x01, 0x00, 0x30, 0x00, 0x96, 0x02, 0x08, 0x02, 0x6E, 0x00, 0x0B, 0x00, 0x00, 0x37, 0x35, 
0x23, 0x35, 0x33, 0x35, 0x33, 0x15, 0x33, 0x15, 0x23, 0x15, 0xEF, 0xBF, 0xBF, 0x5A, 0xBF, 0xBF, 
0x96, 0xBE, 0x5E, 0xBC, 0xBC, 0x5E, 0xBE, 0x00, 0x00, 0x01, 0x00, 0x42, 0xFF, 0x97, 0x00, 0xD7, 
0x00, 0x8C, 0x00, 0x0A, 0x00, 0x00, 0x37, 0x34, 0x36, 0x32, 0x16, 0x14, 0x0F, 0x01, 0x23, 0x37, 
0x26, 0x42, 0x2C, 0x3C, 0x2D, 0x1B, 0x3C, 0x3A, 0x25, 0x29, 0x41, 0x20, 0x2B, 0x2B, 0x3C, 0x2B, 
0x63, 0x68, 0x13, 0x00, 0x00, 0x01, 0x00, 0x48, 0x00, 0xF6, 0x01, 0x94, 0x01, 0x5F, 0x00, 0x03, 
0x00, 0x00, 0x37, 0x35, 0x21, 0x15, 0x48, 0x01, 0x4C, 0xF6, 0x69, 0x69, 0x00, 0x01, 0x00, 0x42, 
0xFF, 0xF8, 0x00, 0xD7, 0x00, 0x8D, 0x00, 0x07, 0x00, 0x00, 0x36, 0x34, 0x36, 0x32, 0x16, 0x14, 
0x06, 0x22, 0x42, 0x2B, 0x3E, 0x2C, 0x2C, 0x3E, 0x24, 0x3E, 0x2B, 0x2B, 0x3E, 0x2C, 0x00, 0x00, 
0x00, 0x01, 0x00, 0x1C, 0xFF, 0x8B, 0x02, 0x31, 0x03, 0x2B, 0x00, 0x03, 0x00, 0x00, 0x01, 0x33, 
0x01, 0x23, 0x01, 0xCD, 0x64, 0xFE, 0x4F, 0x64, 0x03, 0x2B, 0xFC, 0x60, 0x00, 0x02, 0x00, 0x3B, 
0xFF, 0xF8, 0x02, 0x75, 0x02, 0xCC, 0x00, 0x07, 0x00, 0x0F, 0x00, 0x00, 0x12, 0x14, 0x16, 0x32, 
0x36, 0x34, 0x26, 0x22, 0x02, 0x10, 0x36, 0x20, 0x16, 0x10, 0x06, 0x20, 0xAD, 0x53, 0xB0, 0x51, 
0x51, 0xB0, 0xC5, 0x8E, 0x01, 0x1E, 0x8E, 0x8E, 0xFE, 0xE2, 0x01, 0xD7, 0xEA, 0x90, 0x8F, 0xEC, 
0x8F, 0xFE, 0x56, 0x01, 0x4A, 0xC5, 0xC5, 0xFE, 0xB6, 0xC5, 0x00, 0x00, 0x00, 0x01, 0x00, 0x1D, 
0x00, 0x00, 0x01, 0x1B, 0x02, 0xBB, 0x00, 0x05, 0x00, 0x00, 0x13, 0x33, 0x11, 0x23, 0x11, 0x23, 
0x1D, 0xFE, 0x70, 0x8E, 0x02, 0xBB, 0xFD, 0x45, 0x02, 0x52, 0x00, 0x00, 0x00, 0x01, 0x00, 0x32, 
0x00, 0x00, 0x02, 0x18, 0x02, 0xCC, 0x00, 0x15, 0x00, 0x00, 0x00, 0x36, 0x34, 0x26, 0x23, 0x22, 
0x07, 0x27, 0x3E, 0x01, 0x32, 0x16, 0x15, 0x14, 0x06, 0x0F, 0x01, 0x21, 0x15, 0x21, 0x35, 0x37, 
0x01, 0x55, 0x3C, 0x40, 0x31, 0x56, 0x39, 0x5F, 0x2E, 0x6F, 0xAF, 0x84, 0x38, 0x4B, 0xA4, 0x01, 
0x3D, 0xFE, 0x22, 0xD4, 0x01, 0x81, 0x52, 0x54, 0x3B, 0x58, 0x37, 0x45, 0x46, 0x6F, 0x60, 0x36, 
0x62, 0x4D, 0xA7, 0x71, 0x64, 0xD5, 0x00, 0x00, 0x00, 0x01, 0x00, 0x27, 0xFF, 0xF7, 0x02, 0x09, 
0x02, 0xBB, 0x00, 0x17, 0x00, 0x00, 0x13, 0x35, 0x21, 0x15, 0x07, 0x1E, 0x01, 0x15, 0x14, 0x06, 
0x22, 0x27, 0x37, 0x16, 0x33, 0x32, 0x36, 0x34, 0x26, 0x23, 0x22, 0x07, 0x35, 0x37, 0x4D, 0x01, 
0x99, 0xA9, 0x60, 0x6C, 0x91, 0xE4, 0x6D, 0x32, 0x56, 0x5E, 0x3D, 0x4F, 0x58, 0x4E, 0x27, 0x24, 
0xA2, 0x02, 0x52, 0x69, 0x5C, 0xBD, 0x03, 0x73, 0x50, 0x6B, 0x7A, 0x49, 0x5F, 0x3C, 0x39, 0x6B, 
0x40, 0x0B, 0x5A, 0xBC, 0x00, 0x01, 0x00, 0x25, 0x00, 0x00, 0x02, 0x15, 0x02, 0xBB, 0x00, 0x0E, 
0x00, 0x00, 0x01, 0x35, 0x33, 0x15, 0x33, 0x15, 0x23, 0x15, 0x23, 0x35, 0x21, 0x35, 0x01, 0x33, 
0x03, 0x01, 0x51, 0x70, 0x54, 0x54, 0x70, 0xFE, 0xD4, 0x01, 0x01, 0x81, 0xFD, 0x01, 0x1B, 0x80, 
0x80, 0x6B, 0xB0, 0xB0, 0x68, 0x01, 0xA3, 0xFE, 0x60, 0x00, 0x00, 0x00, 0x00, 0x01, 0x00, 0x32, 
0xFF, 0xF8, 0x02, 0x13, 0x02, 0xBC, 0x00, 0x18, 0x00, 0x00, 0x01, 0x15, 0x21, 0x15, 0x36, 0x33, 
0x32, 0x16, 0x14, 0x06, 0x23, 0x22, 0x27, 0x37, 0x1E, 0x02, 0x32, 0x36, 0x34, 0x26, 0x22, 0x07, 
0x27, 0x11, 0x01, 0xE6, 0xFE, 0xD9, 0x2C, 0x38, 0x62, 0x8E, 0x94, 0x6C, 0x8D, 0x54, 0x3F, 0x08, 
0x1B, 0x54, 0x64, 0x52, 0x57, 0x85, 0x3C, 0x32, 0x02, 0xBC, 0x6B, 0xAC, 0x18, 0x76, 0xCA, 0x85, 
0x5E, 0x56, 0x08, 0x16, 0x25, 0x3C, 0x73, 0x3F, 0x21, 0x36, 0x01, 0x50, 0x00, 0x02, 0x00, 0x3C, 
0xFF, 0xF8, 0x02, 0x39, 0x02, 0xC8, 0x00, 0x17, 0x00, 0x1F, 0x00, 0x00, 0x01, 0x22, 0x06, 0x07, 
0x3E, 0x01, 0x33, 0x32, 0x16, 0x14, 0x06, 0x23, 0x22, 0x27, 0x26, 0x34, 0x36, 0x37, 0x36, 0x32, 
0x17, 0x07, 0x2E, 0x01, 0x02, 0x06, 0x14, 0x16, 0x32, 0x36, 0x34, 0x26, 0x01, 0x62, 0x5D, 0x58, 
0x01, 0x19, 0x5E, 0x39, 0x5E, 0x7F, 0x89, 0x68, 0xA8, 0x40, 0x24, 0x2E, 0x28, 0x4E, 0xE3, 0x5C, 
0x3B, 0x17, 0x4D, 0x70, 0x51, 0x4E, 0x76, 0x4E, 0x48, 0x02, 0x5E, 0x7E, 0x6B, 0x1C, 0x31, 0x7D, 
0xCF, 0x7E, 0x96, 0x56, 0xD8, 0x90, 0x2A, 0x52, 0x47, 0x57, 0x14, 0x20, 0xFE, 0xFC, 0x43, 0x6B, 
0x4D, 0x45, 0x6B, 0x4B, 0x00, 0x01, 0x00, 0x2E, 0x00, 0x00, 0x02, 0x1A, 0x02, 0xBB, 0x00, 0x08, 
0x00, 0x00, 0x13, 0x35, 0x21, 0x15, 0x01, 0x23, 0x01, 0x23, 0x15, 0x2E, 0x01, 0xEC, 0xFE, 0xD8, 
0x82, 0x01, 0x21, 0xF8, 0x01, 0xF2, 0xC9, 0x69, 0xFD, 0xAE, 0x02, 0x50, 0x5E, 0x00, 0x00, 0x00, 
0x00, 0x03, 0x00, 0x39, 0xFF, 0xF8, 0x02, 0x43, 0x02, 0xC9, 0x00, 0x0F, 0x00, 0x17, 0x00, 0x1F, 
0x00, 0x00, 0x12, 0x32, 0x16, 0x14, 0x07, 0x16, 0x15, 0x14, 0x06, 0x22, 0x26, 0x35, 0x34, 0x37, 
0x26, 0x34, 0x12, 0x32, 0x36, 0x34, 0x26, 0x22, 0x06, 0x14, 0x12, 0x32, 0x36, 0x34, 0x26, 0x22, 
0x06, 0x14, 0xD9, 0xCA, 0x86, 0x4B, 0x65, 0x90, 0xEA, 0x90, 0x65, 0x4B, 0xB7, 0x68, 0x5C, 0x58, 
0x70, 0x58, 0x5D, 0x66, 0x4B, 0x4B, 0x66, 0x4B, 0x02, 0xC9, 0x6A, 0xA1, 0x3E, 0x40, 0x74, 0x5A, 
0x7A, 0x7A, 0x5A, 0x74, 0x40, 0x3E, 0xA1, 0xFD, 0xFF, 0x3B, 0x6E, 0x3C, 0x3C, 0x6E, 0x01, 0x02, 
0x3D, 0x59, 0x3C, 0x3C, 0x59, 0x00, 0x00, 0x00, 0x00, 0x02, 0x00, 0x33, 0xFF, 0xF8, 0x02, 0x30, 
0x02, 0xC8, 0x00, 0x17, 0x00, 0x1F, 0x00, 0x00, 0x25, 0x32, 0x36, 0x37, 0x0E, 0x01, 0x23, 0x22, 
0x26, 0x34, 0x36, 0x33, 0x32, 0x17, 0x16, 0x14, 0x06, 0x07, 0x06, 0x22, 0x27, 0x37, 0x1E, 0x01, 
0x12, 0x36, 0x34, 0x26, 0x22, 0x06, 0x14, 0x16, 0x01, 0x0A, 0x5D, 0x58, 0x01, 0x19, 0x5E, 0x39, 
0x5E, 0x7F, 0x89, 0x68, 0xA8, 0x40, 0x24, 0x2E, 0x28, 0x4E, 0xE3, 0x5C, 0x3B, 0x17, 0x4D, 0x70, 
0x51, 0x4E, 0x75, 0x4C, 0x45, 0x62, 0x7E, 0x6B, 0x1C, 0x31, 0x7D, 0xCF, 0x7E, 0x96, 0x56, 0xD8, 
0x90, 0x2A, 0x52, 0x47, 0x57, 0x14, 0x20, 0x01, 0x04, 0x43, 0x6B, 0x4D, 0x45, 0x6C, 0x4A, 0x00, 
0x00, 0x02, 0x00, 0x48, 0xFF, 0xF8, 0x00, 0xDD, 0x01, 0x82, 0x00, 0x07, 0x00, 0x0F, 0x00, 0x00, 
0x36, 0x34, 0x36, 0x32, 0x16, 0x14, 0x06, 0x22, 0x02, 0x34, 0x36, 0x32, 0x16, 0x14, 0x06, 0x22, 
0x48, 0x2B, 0x3E, 0x2C, 0x2C, 0x3E, 0x2B, 0x2B, 0x3E, 0x2C, 0x2C, 0x3E, 0x24, 0x3E, 0x2B, 0x2B, 
0x3E, 0x2C, 0x01, 0x21, 0x3E, 0x2B, 0x2B, 0x3E, 0x2C, 0x00, 0x00, 0x00, 0x00, 0x02, 0x00, 0x49, 
0xFF, 0x97, 0x00, 0xDF, 0x01, 0x82, 0x00, 0x0A, 0x00, 0x12, 0x00, 0x00, 0x37, 0x34, 0x36, 0x32, 
0x16, 0x14, 0x0F, 0x01, 0x23, 0x37, 0x26, 0x10, 0x34, 0x36, 0x32, 0x16, 0x14, 0x06, 0x22, 0x49, 
0x2C, 0x3D, 0x2D, 0x1B, 0x3D, 0x3A, 0x25, 0x29, 0x2B, 0x3E, 0x2C, 0x2C, 0x3E, 0x42, 0x20, 0x2B, 
0x2B, 0x3A, 0x2E, 0x63, 0x68, 0x15, 0x01, 0x05, 0x3E, 0x2B, 0x2B, 0x3E, 0x2C, 0x00, 0x00, 0x00, 
0x00, 0x01, 0x00, 0x2D, 0x00, 0x75, 0x02, 0x04, 0x02, 0xA6, 0x00, 0x07, 0x00, 0x00, 0x13, 0x35, 
0x25, 0x15, 0x05, 0x15, 0x05, 0x15, 0x2D, 0x01, 0xD7, 0xFE, 0xA0, 0x01, 0x60, 0x01, 0x4E, 0x7E, 
0xDA, 0x72, 0x9F, 0x0B, 0xA3, 0x72, 0x00, 0x00, 0x00, 0x02, 0x00, 0x3C, 0x00, 0xF6, 0x02, 0x34, 
0x02, 0x10, 0x00, 0x03, 0x00, 0x07, 0x00, 0x00, 0x13, 0x21, 0x15, 0x21, 0x15, 0x21, 0x15, 0x21, 
0x3C, 0x01, 0xF8, 0xFE, 0x08, 0x01, 0xF8, 0xFE, 0x08, 0x02, 0x10, 0x5E, 0x5E, 0x5E, 0x00, 0x00, 
0x00, 0x01, 0x00, 0x4C, 0x00, 0x75, 0x02, 0x23, 0x02, 0xA6, 0x00, 0x07, 0x00, 0x00, 0x01, 0x15, 
0x05, 0x35, 0x25, 0x35, 0x25, 0x35, 0x02, 0x23, 0xFE, 0x29, 0x01, 0x60, 0xFE, 0xA0, 0x01, 0xCC, 
0x7E, 0xD9, 0x72, 0xA3, 0x0B, 0x9F, 0x72, 0x00, 0x00, 0x02, 0x00, 0x24, 0xFF, 0xFB, 0x01, 0xC7, 
0x02, 0xCA, 0x00, 0x1B, 0x00, 0x23, 0x00, 0x00, 0x25, 0x23, 0x35, 0x34, 0x36, 0x3F, 0x01, 0x36, 
0x34, 0x26, 0x22, 0x06, 0x07, 0x23, 0x3E, 0x01, 0x32, 0x16, 0x15, 0x14, 0x07, 0x0E, 0x03, 0x07, 
0x06, 0x15, 0x02, 0x26, 0x34, 0x36, 0x32, 0x16, 0x14, 0x06, 0x01, 0x2E, 0x71, 0x13, 0x20, 0x49, 
0x17, 0x30, 0x4C, 0x33, 0x04, 0x79, 0x0A, 0x77, 0xB2, 0x70, 0x21, 0x13, 0x14, 0x21, 0x17, 0x07, 
0x12, 0x56, 0x2E, 0x2D, 0x3F, 0x2E, 0x2D, 0xD9, 0x3D, 0x28, 0x27, 0x20, 0x49, 0x19, 0x4A, 0x31, 
0x2F, 0x27, 0x59, 0x65, 0x61, 0x57, 0x3C, 0x28, 0x18, 0x14, 0x1F, 0x17, 0x08, 0x16, 0x28, 0xFE, 
0xF5, 0x2B, 0x3D, 0x2C, 0x2B, 0x3D, 0x2C, 0x00, 0x00, 0x02, 0x00, 0x33, 0xFF, 0x82, 0x03, 0x59, 
0x02, 0xA1, 0x00, 0x2B, 0x00, 0x33, 0x00, 0x00, 0x05, 0x22, 0x26, 0x10, 0x36, 0x20, 0x16, 0x15, 
0x14, 0x06, 0x23, 0x22, 0x26, 0x27, 0x06, 0x23, 0x22, 0x26, 0x34, 0x36, 0x33, 0x32, 0x16, 0x17, 
0x35, 0x33, 0x11, 0x14, 0x33, 0x32, 0x36, 0x35, 0x34, 0x26, 0x20, 0x06, 0x10, 0x16, 0x33, 0x32, 
0x37, 0x17, 0x0E, 0x01, 0x12, 0x26, 0x22, 0x06, 0x14, 0x16, 0x32, 0x36, 0x01, 0xBE, 0xA8, 0xE3, 
0xEE, 0x01, 0x51, 0xE7, 0x52, 0x44, 0x31, 0x3A, 0x02, 0x38, 0x7B, 0x56, 0x83, 0x7C, 0x66, 0x2E, 
0x52, 0x12, 0x60, 0x37, 0x1F, 0x33, 0xC1, 0xFE, 0xCF, 0xD6, 0xCA, 0x95, 0x78, 0x40, 0x16, 0x23, 
0x74, 0x4A, 0x4C, 0x7A, 0x4A, 0x49, 0x7E, 0x49, 0x7E, 0xE0, 0x01, 0x50, 0xEF, 0xEF, 0xAC, 0x6C, 
0x85, 0x43, 0x3E, 0x81, 0x8A, 0xD4, 0x90, 0x30, 0x21, 0x43, 0xFE, 0xA3, 0x46, 0x5B, 0x4A, 0xA0, 
0xDE, 0xD6, 0xFE, 0xD6, 0xC7, 0x3C, 0x25, 0x1E, 0x25, 0x01, 0xCC, 0x54, 0x56, 0x7D, 0x5D, 0x5B, 
0x00, 0x02, 0x00, 0x00, 0x00, 0x00, 0x02, 0xE6, 0x02, 0xBB, 0x00, 0x07, 0x00, 0x0A, 0x00, 0x00, 
0x37, 0x07, 0x23, 0x01, 0x33, 0x01, 0x23, 0x2F, 0x01, 0x0B, 0x01, 0xC4, 0x46, 0x7E, 0x01, 0x34, 
0x7E, 0x01, 0x34, 0x7E, 0x46, 0x30, 0x7F, 0x7F, 0x9F, 0x9F, 0x02, 0xBB, 0xFD, 0x45, 0x9F, 0x6D, 
0x01, 0x20, 0xFE, 0xE0, 0x00, 0x03, 0x00, 0x61, 0x00, 0x00, 0x02, 0x8F, 0x02, 0xBB, 0x00, 0x13, 
0x00, 0x1B, 0x00, 0x23, 0x00, 0x00, 0x29, 0x01, 0x11, 0x21, 0x32, 0x16, 0x17, 0x16, 0x15, 0x14, 
0x07, 0x0E, 0x01, 0x07, 0x1E, 0x01, 0x15, 0x14, 0x07, 0x06, 0x01, 0x33, 0x32, 0x35, 0x34, 0x26, 
0x2B, 0x01, 0x11, 0x33, 0x32, 0x36, 0x35, 0x34, 0x2B, 0x01, 0x01, 0x93, 0xFE, 0xCE, 0x01, 0x10, 
0x47, 0x67, 0x19, 0x30, 0x34, 0x13, 0x0E, 0x12, 0x41, 0x4D, 0x32, 0x3B, 0xFE, 0xB5, 0x96, 0x80, 
0x3E, 0x41, 0x97, 0xB9, 0x41, 0x45, 0x95, 0xAA, 0x02, 0xBB, 0x22, 0x1D, 0x36, 0x44, 0x52, 0x28, 
0x0E, 0x07, 0x08, 0x0E, 0x59, 0x42, 0x49, 0x38, 0x41, 0x01, 0x99, 0x57, 0x32, 0x2C, 0xFE, 0x1F, 
0x29, 0x39, 0x5D, 0x00, 0x00, 0x01, 0x00, 0x34, 0xFF, 0xF8, 0x02, 0xBB, 0x02, 0xCC, 0x00, 0x13, 
0x00, 0x00, 0x25, 0x32, 0x36, 0x37, 0x17, 0x06, 0x20, 0x26, 0x10, 0x36, 0x20, 0x17, 0x07, 0x2E, 
0x01, 0x23, 0x22, 0x06, 0x14, 0x16, 0x01, 0xA0, 0x3D, 0x58, 0x30, 0x4C, 0x6F, 0xFE, 0xC3, 0xD1, 
0xD5, 0x01, 0x45, 0x6D, 0x4B, 0x32, 0x59, 0x3C, 0x6A, 0x90, 0x8F, 0x6B, 0x29, 0x2D, 0x4E, 0x7B, 
0xCC, 0x01, 0x38, 0xD0, 0x78, 0x52, 0x30, 0x26, 0x89, 0xD5, 0x8F, 0x00, 0x00, 0x02, 0x00, 0x61, 
0x00, 0x00, 0x02, 0xD7, 0x02, 0xBB, 0x00, 0x07, 0x00, 0x0F, 0x00, 0x00, 0x00, 0x16, 0x10, 0x06, 
0x2B, 0x01, 0x11, 0x33, 0x01, 0x34, 0x21, 0x23, 0x11, 0x33, 0x32, 0x36, 0x02, 0x0D, 0xCA, 0xC4, 
0xCA, 0xE8, 0xF0, 0x01, 0x0F, 0xFE, 0xED, 0x76, 0x83, 0x7F, 0x87, 0x02, 0xBB, 0xB7, 0xFE, 0xBA, 
0xBE, 0x02, 0xBB, 0xFE, 0xA3, 0xF0, 0xFE, 0x21, 0x79, 0x00, 0x00, 0x00, 0x00, 0x01, 0x00, 0x61, 
0x00, 0x00, 0x02, 0x58, 0x02, 0xBB, 0x00, 0x0B, 0x00, 0x00, 0x01, 0x15, 0x21, 0x15, 0x21, 0x15, 
0x21, 0x15, 0x21, 0x15, 0x21, 0x11, 0x02, 0x4C, 0xFE, 0x8B, 0x01, 0x4F, 0xFE, 0xB1, 0x01, 0x81, 
0xFE, 0x09, 0x02, 0xBB, 0x6F, 0xB9, 0x69, 0xBB, 0x6F, 0x02, 0xBB, 0x00, 0x00, 0x01, 0x00, 0x61, 
0x00, 0x00, 0x02, 0x33, 0x02, 0xBB, 0x00, 0x09, 0x00, 0x00, 0x13, 0x15, 0x21, 0x15, 0x21, 0x11, 
0x23, 0x11, 0x21, 0x07, 0xD7, 0x01, 0x36, 0xFE, 0xCA, 0x76, 0x01, 0xD2, 0x01, 0x02, 0x4D, 0xC0, 
0x6D, 0xFE, 0xE0, 0x02, 0xBB, 0x6E, 0x00, 0x00, 0x00, 0x01, 0x00, 0x34, 0xFF, 0xF8, 0x02, 0xBB, 
0x02, 0xCC, 0x00, 0x14, 0x00, 0x00, 0x01, 0x33, 0x15, 0x06, 0x23, 0x22, 0x26, 0x10, 0x36, 0x20, 
0x17, 0x07, 0x2E, 0x01, 0x23, 0x22, 0x06, 0x14, 0x16, 0x32, 0x37, 0x02, 0x45, 0x76, 0x63, 0xB8, 
0x9B, 0xD1, 0xD5, 0x01, 0x2E, 0x64, 0x3F, 0x29, 0x53, 0x37, 0x6A, 0x90, 0x8C, 0xC7, 0x43, 0x01, 
0x54, 0xEF, 0x6D, 0xCC, 0x01, 0x38, 0xD0, 0x58, 0x5A, 0x23, 0x1B, 0x89, 0xDF, 0x87, 0x2B, 0x00, 
0x00, 0x01, 0x00, 0x61, 0x00, 0x00, 0x02, 0xA8, 0x02, 0xBB, 0x00, 0x0B, 0x00, 0x00, 0x33, 0x11, 
0x33, 0x11, 0x21, 0x11, 0x33, 0x11, 0x23, 0x11, 0x21, 0x11, 0x61, 0x76, 0x01, 0x5B, 0x76, 0x76, 
0xFE, 0xA5, 0x02, 0xBB, 0xFE, 0xD1, 0x01, 0x2F, 0xFD, 0x45, 0x01, 0x1E, 0xFE, 0xE2, 0x00, 0x00, 
0x00, 0x01, 0x00, 0x61, 0x00, 0x00, 0x00, 0xD7, 0x02, 0xBB, 0x00, 0x03, 0x00, 0x00, 0x13, 0x33, 
0x11, 0x23, 0x61, 0x76, 0x76, 0x02, 0xBB, 0xFD, 0x45, 0x00, 0x00, 0x00, 0x00, 0x01, 0x00, 0x1F, 
0xFF, 0xFA, 0x01, 0xCC, 0x02, 0xBB, 0x00, 0x0F, 0x00, 0x00, 0x13, 0x35, 0x21, 0x11, 0x14, 0x06, 
0x23, 0x22, 0x27, 0x37, 0x16, 0x33, 0x32, 0x36, 0x35, 0x11, 0x78, 0x01, 0x54, 0x7C, 0x61, 0x7A, 
0x56, 0x43, 0x44, 0x41, 0x2E, 0x41, 0x02, 0x51, 0x6A, 0xFE, 0x33, 0x7A, 0x7A, 0x56, 0x5D, 0x41, 
0x3E, 0x3E, 0x01, 0x69, 0x00, 0x01, 0x00, 0x61, 0x00, 0x00, 0x02, 0xB1, 0x02, 0xBB, 0x00, 0x0B, 
0x00, 0x00, 0x13, 0x33, 0x11, 0x01, 0x33, 0x09, 0x01, 0x23, 0x03, 0x07, 0x15, 0x23, 0x61, 0x76, 
0x01, 0x40, 0x96, 0xFE, 0xE7, 0x01, 0x1D, 0x8C, 0xE8, 0x66, 0x76, 0x02, 0xBB, 0xFE, 0xAB, 0x01, 
0x55, 0xFE, 0xCE, 0xFE, 0x77, 0x01, 0x32, 0x6E, 0xC4, 0x00, 0x00, 0x00, 0x00, 0x01, 0x00, 0x61, 
0x00, 0x00, 0x02, 0x16, 0x02, 0xBB, 0x00, 0x05, 0x00, 0x00, 0x33, 0x11, 0x33, 0x11, 0x21, 0x15, 
0x61, 0x76, 0x01, 0x3F, 0x02, 0xBB, 0xFD, 0xB5, 0x70, 0x00, 0x00, 0x00, 0x00, 0x01, 0x00, 0x61, 
0x00, 0x00, 0x03, 0x76, 0x02, 0xBB, 0x00, 0x0C, 0x00, 0x00, 0x33, 0x23, 0x11, 0x33, 0x1B, 0x01, 
0x33, 0x11, 0x23, 0x11, 0x03, 0x23, 0x03, 0xD7, 0x76, 0xB8, 0xD3, 0xD3, 0xB7, 0x76, 0xF4, 0x42, 
0xF3, 0x02, 0xBB, 0xFE, 0x49, 0x01, 0xB7, 0xFD, 0x45, 0x02, 0x22, 0xFE, 0x1B, 0x01, 0xE5, 0x00, 
0x00, 0x01, 0x00, 0x61, 0x00, 0x00, 0x02, 0xE3, 0x02, 0xBB, 0x00, 0x09, 0x00, 0x00, 0x01, 0x33, 
0x11, 0x23, 0x01, 0x11, 0x23, 0x11, 0x33, 0x01, 0x02, 0x6D, 0x76, 0x80, 0xFE, 0x74, 0x76, 0x76, 
0x01, 0x96, 0x02, 0xBB, 0xFD, 0x45, 0x01, 0xFE, 0xFE, 0x02, 0x02, 0xBB, 0xFD, 0xF6, 0x00, 0x00, 
0x00, 0x02, 0x00, 0x34, 0xFF, 0xF9, 0x03, 0x14, 0x02, 0xCC, 0x00, 0x07, 0x00, 0x0F, 0x00, 0x00, 
0x00, 0x22, 0x06, 0x14, 0x16, 0x32, 0x36, 0x34, 0x02, 0x20, 0x26, 0x10, 0x36, 0x20, 0x16, 0x10, 
0x02, 0x0C, 0xD0, 0x8F, 0x8F, 0xD0, 0x8F, 0x5B, 0xFE, 0xC8, 0xD4, 0xD4, 0x01, 0x38, 0xD4, 0x02, 
0x60, 0x94, 0xD3, 0x94, 0x94, 0xD3, 0xFE, 0x2D, 0xCF, 0x01, 0x35, 0xCF, 0xCF, 0xFE, 0xCB, 0x00, 
0x00, 0x02, 0x00, 0x61, 0x00, 0x00, 0x02, 0x82, 0x02, 0xBB, 0x00, 0x09, 0x00, 0x11, 0x00, 0x00, 
0x00, 0x16, 0x14, 0x06, 0x2B, 0x01, 0x15, 0x23, 0x11, 0x33, 0x12, 0x36, 0x34, 0x26, 0x2B, 0x01, 
0x11, 0x33, 0x01, 0xF0, 0x92, 0x95, 0x9A, 0x7C, 0x76, 0xF0, 0x71, 0x47, 0x5A, 0x60, 0x78, 0x89, 
0x02, 0xBB, 0x7A, 0xFE, 0x76, 0xCD, 0x02, 0xBB, 0xFE, 0x7D, 0x4B, 0x91, 0x3C, 0xFE, 0xE8, 0x00, 
0x00, 0x02, 0x00, 0x34, 0xFF, 0x73, 0x03, 0x48, 0x02, 0xCC, 0x00, 0x15, 0x00, 0x1D, 0x00, 0x00, 
0x05, 0x07, 0x22, 0x26, 0x10, 0x36, 0x20, 0x16, 0x15, 0x14, 0x06, 0x07, 0x16, 0x33, 0x32, 0x36, 
0x37, 0x17, 0x06, 0x23, 0x22, 0x26, 0x12, 0x22, 0x06, 0x14, 0x16, 0x32, 0x36, 0x34, 0x01, 0xB3, 
0x0F, 0x9C, 0xD4, 0xD4, 0x01, 0x38, 0xD4, 0x7E, 0x69, 0x22, 0x34, 0x26, 0x49, 0x13, 0x43, 0x57, 
0x70, 0x40, 0x76, 0x41, 0xD0, 0x8F, 0x8F, 0xD0, 0x8F, 0x06, 0x01, 0xCF, 0x01, 0x35, 0xCF, 0xCF, 
0x9A, 0x75, 0xB5, 0x28, 0x2D, 0x28, 0x20, 0x5D, 0x5C, 0x48, 0x02, 0xA5, 0x94, 0xD3, 0x94, 0x94, 
0xD3, 0x00, 0x00, 0x00, 0x00, 0x02, 0x00, 0x61, 0x00, 0x00, 0x02, 0xAF, 0x02, 0xBB, 0x00, 0x0C, 
0x00, 0x14, 0x00, 0x00, 0x01, 0x14, 0x07, 0x17, 0x23, 0x27, 0x23, 0x15, 0x23, 0x11, 0x21, 0x32, 
0x16, 0x06, 0x36, 0x34, 0x26, 0x2B, 0x01, 0x15, 0x33, 0x02, 0x8F, 0x97, 0xB7, 0x96, 0xA7, 0x9B, 
0x76, 0x01, 0x04, 0xA0, 0x8A, 0xC1, 0x48, 0x4A, 0x5F, 0x96, 0x93, 0x01, 0xD8, 0xAD, 0x2D, 0xFE, 
0xEB, 0xEB, 0x02, 0xBB, 0x6C, 0xF9, 0x3E, 0x89, 0x33, 0xFA, 0x00, 0x00, 0x00, 0x01, 0x00, 0x28, 
0xFF, 0xF8, 0x02, 0x45, 0x02, 0xCC, 0x00, 0x1E, 0x00, 0x00, 0x00, 0x06, 0x14, 0x1E, 0x02, 0x14, 
0x06, 0x23, 0x22, 0x27, 0x37, 0x16, 0x33, 0x32, 0x36, 0x34, 0x2E, 0x02, 0x27, 0x26, 0x34, 0x36, 
0x33, 0x32, 0x16, 0x17, 0x07, 0x2E, 0x01, 0x01, 0x01, 0x42, 0x42, 0xD7, 0x6D, 0x8A, 0x70, 0xA4, 
0x7F, 0x4A, 0x6A, 0x72, 0x39, 0x43, 0x3F, 0x9A, 0x50, 0x1F, 0x3E, 0x8D, 0x68, 0x43, 0x84, 0x30, 
0x3F, 0x1F, 0x6A, 0x02, 0x5F, 0x2A, 0x55, 0x2D, 0x34, 0x5E, 0xB7, 0x72, 0x71, 0x59, 0x5C, 0x31, 
0x51, 0x2D, 0x25, 0x1F, 0x19, 0x2F, 0xC2, 0x69, 0x2C, 0x28, 0x59, 0x1C, 0x24, 0x00, 0x00, 0x00, 
0x00, 0x01, 0x00, 0x1F, 0x00, 0x00, 0x02, 0x3D, 0x02, 0xBB, 0x00, 0x07, 0x00, 0x00, 0x01, 0x11, 
0x23, 0x11, 0x23, 0x35, 0x21, 0x15, 0x01, 0x69, 0x76, 0xD4, 0x02, 0x1E, 0x02, 0x4F, 0xFD, 0xB1, 
0x02, 0x4F, 0x6C, 0x6C, 0x00, 0x01, 0x00, 0x58, 0xFF, 0xF9, 0x02, 0xA8, 0x02, 0xBB, 0x00, 0x0F, 
0x00, 0x00, 0x24, 0x32, 0x36, 0x35, 0x11, 0x33, 0x11, 0x14, 0x06, 0x20, 0x26, 0x35, 0x11, 0x33, 
0x11, 0x14, 0x01, 0x2E, 0xA4, 0x60, 0x76, 0xA6, 0xFE, 0xFC, 0xA6, 0x76, 0x68, 0x70, 0x60, 0x01, 
0x83, 0xFE, 0x78, 0x97, 0xA3, 0xA3, 0x97, 0x01, 0x88, 0xFE, 0x7D, 0x60, 0x00, 0x01, 0x00, 0x03, 
0x00, 0x00, 0x02, 0xB9, 0x02, 0xBB, 0x00, 0x06, 0x00, 0x00, 0x21, 0x23, 0x01, 0x33, 0x1B, 0x01, 
0x33, 0x01, 0xA0, 0x84, 0xFE, 0xE7, 0x84, 0xD7, 0xD7, 0x84, 0x02, 0xBB, 0xFD, 0xF6, 0x02, 0x0A, 
0x00, 0x01, 0x00, 0x0C, 0x00, 0x00, 0x04, 0x0C, 0x02, 0xBB, 0x00, 0x0D, 0x00, 0x00, 0x25, 0x13, 
0x33, 0x1B, 0x01, 0x33, 0x03, 0x23, 0x03, 0x23, 0x03, 0x23, 0x03, 0x33, 0x01, 0x3B, 0x9C, 0x6A, 
0x9C, 0xB0, 0x7F, 0xF4, 0x75, 0x93, 0x08, 0x93, 0x75, 0xF4, 0x7F, 0xC4, 0x01, 0xF7, 0xFE, 0x09, 
0x01, 0xF7, 0xFD, 0x45, 0x01, 0xDF, 0xFE, 0x21, 0x02, 0xBB, 0x00, 0x00, 0x00, 0x01, 0x00, 0x0F, 
0x00, 0x00, 0x02, 0x92, 0x02, 0xBB, 0x00, 0x0D, 0x00, 0x00, 0x21, 0x03, 0x23, 0x03, 0x23, 0x13, 
0x03, 0x33, 0x17, 0x33, 0x37, 0x33, 0x03, 0x13, 0x01, 0xFF, 0xAC, 0x05, 0xAC, 0x93, 0xF0, 0xDF, 
0x92, 0x9C, 0x05, 0x9C, 0x92, 0xDF, 0xF0, 0x01, 0x07, 0xFE, 0xF9, 0x01, 0x67, 0x01, 0x54, 0xEC, 
0xEC, 0xFE, 0xAC, 0xFE, 0x99, 0x00, 0x00, 0x00, 0x00, 0x01, 0xFF, 0xF8, 0x00, 0x00, 0x02, 0x78, 
0x02, 0xBB, 0x00, 0x08, 0x00, 0x00, 0x21, 0x23, 0x11, 0x01, 0x33, 0x1B, 0x01, 0x33, 0x01, 0x01, 
0x74, 0x78, 0xFE, 0xFC, 0x81, 0xBF, 0xBF, 0x81, 0xFE, 0xFC, 0x01, 0x14, 0x01, 0xA7, 0xFE, 0xC2, 
0x01, 0x3E, 0xFE, 0x59, 0x00, 0x01, 0x00, 0x2F, 0x00, 0x00, 0x02, 0x70, 0x02, 0xBB, 0x00, 0x0B, 
0x00, 0x00, 0x01, 0x21, 0x35, 0x21, 0x15, 0x01, 0x15, 0x21, 0x15, 0x21, 0x35, 0x01, 0x01, 0xC6, 
0xFE, 0x76, 0x02, 0x2E, 0xFE, 0x6A, 0x01, 0x9C, 0xFD, 0xBF, 0x01, 0x97, 0x02, 0x4F, 0x6C, 0x5C, 
0xFE, 0x11, 0x03, 0x6D, 0x5B, 0x01, 0xF1, 0x00, 0x00, 0x01, 0x00, 0x58, 0xFF, 0x74, 0x01, 0x3A, 
0x02, 0xF5, 0x00, 0x07, 0x00, 0x00, 0x01, 0x15, 0x23, 0x11, 0x33, 0x15, 0x23, 0x11, 0x01, 0x3A, 
0x8A, 0x8A, 0xE2, 0x02, 0xF5, 0x54, 0xFD, 0x27, 0x54, 0x03, 0x81, 0x00, 0x00, 0x01, 0x00, 0x1C, 
0x00, 0x00, 0x01, 0xEC, 0x02, 0xF5, 0x00, 0x03, 0x00, 0x00, 0x13, 0x33, 0x01, 0x23, 0x1C, 0x64, 
0x01, 0x6C, 0x64, 0x02, 0xF5, 0xFD, 0x0B, 0x00, 0x00, 0x01, 0x00, 0x29, 0xFF, 0x74, 0x01, 0x0B, 
0x02, 0xF5, 0x00, 0x07, 0x00, 0x00, 0x13, 0x35, 0x33, 0x11, 0x23, 0x35, 0x33, 0x11, 0x29, 0xE2, 
0xE2, 0x8A, 0x02, 0xA1, 0x54, 0xFC, 0x7F, 0x54, 0x02, 0xD9, 0x00, 0x00, 0x00, 0x01, 0x00, 0x16, 
0x02, 0xE6, 0x01, 0x6F, 0x03, 0x82, 0x00, 0x06, 0x00, 0x00, 0x01, 0x27, 0x07, 0x23, 0x37, 0x33, 
0x17, 0x01, 0x11, 0x4D, 0x4D, 0x61, 0x7A, 0x66, 0x79, 0x02, 0xE6, 0x53, 0x53, 0x9C, 0x9C, 0x00, 
0x00, 0x01, 0x00, 0x48, 0xFF, 0x76, 0x02, 0x8A, 0xFF, 0xAF, 0x00, 0x03, 0x00, 0x00, 0x17, 0x35, 
0x21, 0x15, 0x48, 0x02, 0x42, 0x8A, 0x39, 0x39, 0x00, 0x01, 0x01, 0x3C, 0x02, 0x58, 0x02, 0x1C, 
0x02, 0xE9, 0x00, 0x03, 0x00, 0x00, 0x01, 0x23, 0x27, 0x37, 0x02, 0x1C, 0x66, 0x7A, 0x76, 0x02, 
0x58, 0x60, 0x31, 0x00, 0x00, 0x02, 0x00, 0x29, 0xFF, 0xF8, 0x02, 0x00, 0x02, 0x1C, 0x00, 0x15, 
0x00, 0x1E, 0x00, 0x00, 0x21, 0x23, 0x35, 0x06, 0x23, 0x22, 0x26, 0x34, 0x36, 0x3B, 0x01, 0x35, 
0x34, 0x23, 0x22, 0x07, 0x27, 0x36, 0x33, 0x32, 0x16, 0x15, 0x07, 0x35, 0x23, 0x22, 0x15, 0x14, 
0x16, 0x32, 0x36, 0x02, 0x00, 0x66, 0x42, 0x6F, 0x53, 0x6D, 0x74, 0x63, 0x91, 0x76, 0x4A, 0x50, 
0x32, 0x61, 0x7B, 0x5E, 0x77, 0x70, 0x7E, 0x79, 0x3C, 0x6B, 0x50, 0x47, 0x4F, 0x5E, 0x9D, 0x4E, 
0x14, 0x6A, 0x36, 0x46, 0x4D, 0x5F, 0x66, 0x91, 0x2D, 0x4C, 0x27, 0x29, 0x3C, 0x00, 0x00, 0x00, 
0x00, 0x02, 0x00, 0x51, 0xFF, 0xF8, 0x02, 0x71, 0x02, 0xE6, 0x00, 0x0B, 0x00, 0x13, 0x00, 0x00, 
0x00, 0x16, 0x14, 0x06, 0x22, 0x27, 0x15, 0x23, 0x11, 0x33, 0x11, 0x36, 0x02, 0x16, 0x32, 0x36, 
0x34, 0x26, 0x22, 0x06, 0x01, 0xD9, 0x98, 0x97, 0xC9, 0x50, 0x70, 0x70, 0x42, 0x44, 0x5C, 0x84, 
0x62, 0x60, 0x86, 0x5C, 0x02, 0x1C, 0x94, 0xF6, 0x9A, 0x58, 0x50, 0x02, 0xE6, 0xFE, 0xD1, 0x65, 
0xFE, 0xA1, 0x61, 0x60, 0x99, 0x65, 0x65, 0x00, 0x00, 0x01, 0x00, 0x2E, 0xFF, 0xF8, 0x02, 0x1D, 
0x02, 0x1C, 0x00, 0x10, 0x00, 0x00, 0x05, 0x22, 0x26, 0x34, 0x36, 0x32, 0x17, 0x07, 0x26, 0x22, 
0x06, 0x14, 0x16, 0x32, 0x37, 0x17, 0x06, 0x01, 0x3D, 0x6F, 0xA0, 0xA7, 0xF0, 0x53, 0x42, 0x45, 
0x8C, 0x67, 0x66, 0x95, 0x42, 0x42, 0x61, 0x08, 0x97, 0xF4, 0x99, 0x53, 0x51, 0x3C, 0x5D, 0x93, 
0x66, 0x44, 0x48, 0x62, 0x00, 0x02, 0x00, 0x2F, 0xFF, 0xF8, 0x02, 0x4F, 0x02, 0xE6, 0x00, 0x0C, 
0x00, 0x14, 0x00, 0x00, 0x16, 0x26, 0x34, 0x36, 0x32, 0x17, 0x11, 0x33, 0x11, 0x23, 0x35, 0x06, 
0x23, 0x26, 0x16, 0x32, 0x36, 0x34, 0x26, 0x22, 0x06, 0xC5, 0x96, 0x9A, 0xD5, 0x41, 0x70, 0x70, 
0x3E, 0x77, 0x8B, 0x62, 0x84, 0x5C, 0x5C, 0x86, 0x60, 0x08, 0x98, 0xF8, 0x94, 0x5A, 0x01, 0x24, 
0xFD, 0x1A, 0x50, 0x58, 0xC3, 0x60, 0x61, 0x98, 0x66, 0x66, 0x00, 0x00, 0x00, 0x02, 0x00, 0x2F, 
0xFF, 0xF8, 0x02, 0x40, 0x02, 0x1C, 0x00, 0x10, 0x00, 0x16, 0x00, 0x00, 0x25, 0x21, 0x1E, 0x01, 
0x33, 0x32, 0x37, 0x17, 0x06, 0x23, 0x22, 0x26, 0x34, 0x36, 0x32, 0x16, 0x15, 0x25, 0x21, 0x34, 
0x26, 0x22, 0x06, 0x02, 0x40, 0xFE, 0x5F, 0x04, 0x62, 0x3F, 0x64, 0x34, 0x40, 0x56, 0x8A, 0x70, 
0x9D, 0xA0, 0xD9, 0x98, 0xFE, 0x5F, 0x01, 0x31, 0x54, 0x7B, 0x62, 0xD9, 0x3A, 0x47, 0x3F, 0x46, 
0x59, 0x95, 0xFB, 0x94, 0x83, 0x73, 0x0B, 0x43, 0x48, 0x4B, 0x00, 0x00, 0x00, 0x01, 0x00, 0x28, 
0x00, 0x00, 0x01, 0x9A, 0x02, 0xF4, 0x00, 0x13, 0x00, 0x00, 0x13, 0x15, 0x33, 0x15, 0x23, 0x11, 
0x23, 0x11, 0x23, 0x35, 0x33, 0x35, 0x34, 0x36, 0x32, 0x17, 0x07, 0x26, 0x22, 0x06, 0xDB, 0x8C, 
0x8C, 0x70, 0x43, 0x43, 0x65, 0x8F, 0x3B, 0x2E, 0x21, 0x48, 0x28, 0x02, 0x40, 0x2C, 0x5A, 0xFE, 
0x46, 0x01, 0xBA, 0x5A, 0x29, 0x54, 0x63, 0x35, 0x4F, 0x23, 0x2D, 0x00, 0x00, 0x02, 0x00, 0x30, 
0xFF, 0x2A, 0x02, 0x3D, 0x02, 0x1C, 0x00, 0x15, 0x00, 0x1D, 0x00, 0x00, 0x01, 0x11, 0x14, 0x06, 
0x22, 0x27, 0x37, 0x16, 0x32, 0x36, 0x3D, 0x01, 0x0E, 0x01, 0x23, 0x22, 0x26, 0x34, 0x36, 0x32, 
0x17, 0x35, 0x00, 0x16, 0x32, 0x36, 0x34, 0x26, 0x22, 0x06, 0x02, 0x3D, 0x99, 0xF0, 0x61, 0x35, 
0x4E, 0x9F, 0x5D, 0x19, 0x5D, 0x3A, 0x6A, 0x88, 0x88, 0xD3, 0x42, 0xFE, 0xD1, 0x51, 0x89, 0x55, 
0x56, 0x88, 0x51, 0x02, 0x14, 0xFE, 0x30, 0x8D, 0x8D, 0x4B, 0x55, 0x3B, 0x52, 0x5A, 0x44, 0x2F, 
0x38, 0x94, 0xDC, 0x94, 0x57, 0x4F, 0xFE, 0xC9, 0x5F, 0x5C, 0x89, 0x5F, 0x62, 0x00, 0x00, 0x00, 
0x00, 0x01, 0x00, 0x51, 0x00, 0x00, 0x02, 0x3B, 0x02, 0xE5, 0x00, 0x12, 0x00, 0x00, 0x13, 0x11, 
0x23, 0x11, 0x33, 0x11, 0x3E, 0x01, 0x33, 0x32, 0x16, 0x15, 0x11, 0x23, 0x11, 0x34, 0x23, 0x22, 
0x06, 0xC1, 0x70, 0x70, 0x18, 0x61, 0x38, 0x5A, 0x6F, 0x70, 0x7A, 0x3A, 0x56, 0x01, 0x20, 0xFE, 
0xE0, 0x02, 0xE5, 0xFE, 0xCE, 0x31, 0x38, 0x6E, 0x68, 0xFE, 0xBA, 0x01, 0x24, 0x93, 0x4D, 0x00, 
0x00, 0x02, 0x00, 0x43, 0x00, 0x00, 0x00, 0xD1, 0x02, 0xF7, 0x00, 0x03, 0x00, 0x0B, 0x00, 0x00, 
0x33, 0x23, 0x11, 0x33, 0x26, 0x34, 0x36, 0x32, 0x16, 0x14, 0x06, 0x22, 0xC1, 0x70, 0x70, 0x7E, 
0x2A, 0x3A, 0x2A, 0x2A, 0x3A, 0x02, 0x14, 0x7F, 0x3A, 0x2A, 0x2A, 0x3A, 0x2A, 0x00, 0x00, 0x00, 
0x00, 0x02, 0xFF, 0x92, 0xFF, 0x2C, 0x00, 0xCF, 0x02, 0xF7, 0x00, 0x0B, 0x00, 0x13, 0x00, 0x00, 
0x17, 0x11, 0x33, 0x11, 0x14, 0x06, 0x22, 0x27, 0x37, 0x16, 0x32, 0x36, 0x02, 0x34, 0x36, 0x32, 
0x16, 0x14, 0x06, 0x22, 0x51, 0x70, 0x65, 0x8F, 0x3B, 0x34, 0x22, 0x45, 0x24, 0x10, 0x2A, 0x3A, 
0x2A, 0x2A, 0x3A, 0x19, 0x02, 0x2D, 0xFD, 0xCF, 0x54, 0x63, 0x35, 0x54, 0x21, 0x2C, 0x02, 0xD3, 
0x3A, 0x2A, 0x2A, 0x3A, 0x2A, 0x00, 0x00, 0x00, 0x00, 0x01, 0x00, 0x51, 0x00, 0x00, 0x02, 0x38, 
0x02, 0xE6, 0x00, 0x0B, 0x00, 0x00, 0x33, 0x23, 0x11, 0x33, 0x11, 0x37, 0x33, 0x07, 0x13, 0x23, 
0x27, 0x07, 0xC1, 0x70, 0x70, 0xD8, 0x90, 0xCA, 0xD9, 0x88, 0x9E, 0x51, 0x02, 0xE6, 0xFE, 0x4C, 
0xE2, 0xD3, 0xFE, 0xBF, 0xE9, 0x52, 0x00, 0x00, 0x00, 0x01, 0x00, 0x51, 0x00, 0x00, 0x00, 0xC1, 
0x02, 0xE6, 0x00, 0x03, 0x00, 0x00, 0x33, 0x23, 0x11, 0x33, 0xC1, 0x70, 0x70, 0x02, 0xE6, 0x00, 
0x00, 0x01, 0x00, 0x51, 0x00, 0x00, 0x03, 0xAB, 0x02, 0x1C, 0x00, 0x1E, 0x00, 0x00, 0x13, 0x11, 
0x23, 0x11, 0x33, 0x15, 0x3E, 0x01, 0x33, 0x32, 0x17, 0x36, 0x33, 0x32, 0x16, 0x15, 0x11, 0x23, 
0x11, 0x34, 0x23, 0x22, 0x06, 0x07, 0x11, 0x23, 0x11, 0x34, 0x26, 0x22, 0x06, 0xC1, 0x70, 0x70, 
0x18, 0x61, 0x38, 0x7E, 0x2D, 0x4F, 0x76, 0x5A, 0x6F, 0x70, 0x7A, 0x39, 0x55, 0x02, 0x70, 0x36, 
0x74, 0x56, 0x01, 0x20, 0xFE, 0xE0, 0x02, 0x14, 0x61, 0x31, 0x38, 0x68, 0x68, 0x6E, 0x68, 0xFE, 
0xBA, 0x01, 0x24, 0x93, 0x49, 0x46, 0xFE, 0xD8, 0x01, 0x24, 0x4C, 0x47, 0x4D, 0x00, 0x00, 0x00, 
0x00, 0x01, 0x00, 0x51, 0x00, 0x00, 0x02, 0x3B, 0x02, 0x1C, 0x00, 0x12, 0x00, 0x00, 0x13, 0x11, 
0x23, 0x11, 0x33, 0x15, 0x3E, 0x01, 0x33, 0x32, 0x16, 0x15, 0x11, 0x23, 0x11, 0x34, 0x23, 0x22, 
0x06, 0xC1, 0x70, 0x70, 0x1B, 0x5F, 0x37, 0x5A, 0x6F, 0x70, 0x7A, 0x3A, 0x56, 0x01, 0x20, 0xFE, 
0xE0, 0x02, 0x14, 0x61, 0x31, 0x38, 0x6E, 0x68, 0xFE, 0xBA, 0x01, 0x24, 0x93, 0x4D, 0x00, 0x00, 
0x00, 0x02, 0x00, 0x2E, 0xFF, 0xF8, 0x02, 0x5E, 0x02, 0x1C, 0x00, 0x07, 0x00, 0x0F, 0x00, 0x00, 
0x36, 0x32, 0x36, 0x34, 0x26, 0x22, 0x06, 0x14, 0x04, 0x22, 0x26, 0x34, 0x36, 0x32, 0x16, 0x14, 
0xFD, 0x92, 0x5F, 0x5F, 0x92, 0x5F, 0x01, 0x20, 0xF0, 0xA0, 0xA0, 0xF0, 0xA0, 0x5C, 0x61, 0x9A, 
0x61, 0x61, 0x9A, 0xC5, 0x9F, 0xE6, 0x9F, 0x9F, 0xE6, 0x00, 0x00, 0x00, 0x00, 0x02, 0x00, 0x51, 
0xFF, 0x3E, 0x02, 0x71, 0x02, 0x1C, 0x00, 0x0B, 0x00, 0x13, 0x00, 0x00, 0x00, 0x16, 0x14, 0x06, 
0x22, 0x27, 0x11, 0x23, 0x11, 0x33, 0x15, 0x36, 0x02, 0x16, 0x32, 0x36, 0x34, 0x26, 0x22, 0x06, 
0x01, 0xD9, 0x98, 0x97, 0xC9, 0x50, 0x70, 0x70, 0x42, 0x44, 0x5C, 0x84, 0x62, 0x60, 0x86, 0x5C, 
0x02, 0x1C, 0x94, 0xF6, 0x9A, 0x58, 0xFE, 0xEE, 0x02, 0xD6, 0x5D, 0x65, 0xFE, 0xA1, 0x61, 0x60, 
0x99, 0x65, 0x65, 0x00, 0x00, 0x02, 0x00, 0x2F, 0xFF, 0x3E, 0x02, 0x4F, 0x02, 0x1C, 0x00, 0x0B, 
0x00, 0x13, 0x00, 0x00, 0x16, 0x26, 0x34, 0x36, 0x32, 0x17, 0x35, 0x33, 0x11, 0x23, 0x11, 0x06, 
0x26, 0x16, 0x32, 0x36, 0x34, 0x26, 0x22, 0x06, 0xC6, 0x97, 0x98, 0xD6, 0x42, 0x70, 0x70, 0x50, 
0xF0, 0x62, 0x84, 0x5C, 0x5C, 0x86, 0x60, 0x08, 0x9A, 0xF6, 0x94, 0x65, 0x5D, 0xFD, 0x2A, 0x01, 
0x12, 0x58, 0xC4, 0x60, 0x61, 0x98, 0x65, 0x65, 0x00, 0x01, 0x00, 0x51, 0x00, 0x00, 0x01, 0x6E, 
0x02, 0x1C, 0x00, 0x0D, 0x00, 0x00, 0x01, 0x22, 0x06, 0x1D, 0x01, 0x23, 0x11, 0x33, 0x15, 0x3E, 
0x01, 0x37, 0x17, 0x22, 0x01, 0x68, 0x53, 0x54, 0x70, 0x70, 0x1B, 0x5D, 0x34, 0x01, 0x03, 0x01, 
0xAB, 0x6C, 0x5B, 0xE4, 0x02, 0x14, 0x6B, 0x32, 0x40, 0x01, 0x71, 0x00, 0x00, 0x01, 0x00, 0x21, 
0xFF, 0xF8, 0x01, 0xCC, 0x02, 0x1C, 0x00, 0x23, 0x00, 0x00, 0x24, 0x06, 0x23, 0x22, 0x26, 0x27, 
0x37, 0x16, 0x33, 0x32, 0x36, 0x35, 0x34, 0x27, 0x26, 0x27, 0x26, 0x35, 0x34, 0x36, 0x32, 0x17, 
0x07, 0x26, 0x23, 0x22, 0x06, 0x15, 0x14, 0x17, 0x1E, 0x03, 0x17, 0x16, 0x01, 0xCC, 0x6E, 0x56, 
0x3A, 0x7D, 0x30, 0x36, 0x5D, 0x57, 0x26, 0x2C, 0x6A, 0x08, 0x04, 0xA6, 0x73, 0xB8, 0x52, 0x2A, 
0x41, 0x4C, 0x28, 0x32, 0x1A, 0x12, 0x41, 0x32, 0x2F, 0x1B, 0x36, 0x53, 0x5B, 0x2A, 0x26, 0x57, 
0x46, 0x23, 0x1B, 0x28, 0x20, 0x03, 0x01, 0x2D, 0x69, 0x4A, 0x59, 0x36, 0x53, 0x2B, 0x1D, 0x1D, 
0x1A, 0x0C, 0x09, 0x10, 0x10, 0x14, 0x12, 0x24, 0x00, 0x01, 0x00, 0x28, 0xFF, 0xF8, 0x01, 0x9A, 
0x02, 0xBB, 0x00, 0x13, 0x00, 0x00, 0x13, 0x11, 0x14, 0x16, 0x32, 0x37, 0x17, 0x06, 0x22, 0x26, 
0x35, 0x11, 0x23, 0x35, 0x33, 0x35, 0x33, 0x15, 0x33, 0x15, 0xDB, 0x28, 0x48, 0x21, 0x2E, 0x3B, 
0x8F, 0x65, 0x43, 0x43, 0x70, 0x8C, 0x01, 0xBA, 0xFE, 0xF2, 0x26, 0x2D, 0x23, 0x4F, 0x35, 0x63, 
0x54, 0x01, 0x0B, 0x5A, 0xA7, 0xA7, 0x5A, 0x00, 0x00, 0x01, 0x00, 0x4B, 0xFF, 0xF8, 0x02, 0x35, 
0x02, 0x14, 0x00, 0x12, 0x00, 0x00, 0x25, 0x11, 0x33, 0x11, 0x23, 0x35, 0x0E, 0x01, 0x23, 0x22, 
0x26, 0x35, 0x11, 0x33, 0x11, 0x14, 0x33, 0x32, 0x36, 0x01, 0xC5, 0x70, 0x70, 0x1B, 0x5F, 0x37, 
0x5A, 0x6F, 0x70, 0x7A, 0x3A, 0x56, 0xF4, 0x01, 0x20, 0xFD, 0xEC, 0x61, 0x31, 0x38, 0x6E, 0x68, 
0x01, 0x46, 0xFE, 0xDC, 0x93, 0x4D, 0x00, 0x00, 0x00, 0x01, 0x00, 0x08, 0x00, 0x00, 0x02, 0x34, 
0x02, 0x14, 0x00, 0x06, 0x00, 0x00, 0x33, 0x03, 0x33, 0x1B, 0x01, 0x33, 0x03, 0xDE, 0xD6, 0x74, 
0xA2, 0xA2, 0x74, 0xD6, 0x02, 0x14, 0xFE, 0x6E, 0x01, 0x92, 0xFD, 0xEC, 0x00, 0x01, 0x00, 0x12, 
0x00, 0x00, 0x03, 0x7E, 0x02, 0x14, 0x00, 0x0C, 0x00, 0x00, 0x21, 0x23, 0x03, 0x33, 0x1B, 0x01, 
0x33, 0x1B, 0x01, 0x33, 0x03, 0x23, 0x03, 0x01, 0x4A, 0x80, 0xB8, 0x74, 0x84, 0x84, 0x74, 0x84, 
0x84, 0x74, 0xB8, 0x80, 0x7E, 0x02, 0x14, 0xFE, 0x6E, 0x01, 0x92, 0xFE, 0x6E, 0x01, 0x92, 0xFD, 
0xEC, 0x01, 0x6C, 0x00, 0x00, 0x01, 0x00, 0x13, 0x00, 0x00, 0x02, 0x1B, 0x02, 0x14, 0x00, 0x0B, 
0x00, 0x00, 0x13, 0x17, 0x37, 0x33, 0x03, 0x13, 0x23, 0x27, 0x07, 0x23, 0x13, 0x03, 0xA6, 0x72, 
0x76, 0x85, 0xBA, 0xC2, 0x8A, 0x7F, 0x7C, 0x83, 0xBD, 0xB3, 0x02, 0x14, 0xAF, 0xAF, 0xFE, 0xFC, 
0xFE, 0xF0, 0xB1, 0xB1, 0x01, 0x0F, 0x01, 0x05, 0x00, 0x01, 0x00, 0x09, 0xFF, 0x2C, 0x02, 0x37, 
0x02, 0x14, 0x00, 0x10, 0x00, 0x00, 0x17, 0x22, 0x27, 0x37, 0x16, 0x32, 0x36, 0x35, 0x34, 0x03, 
0x33, 0x1B, 0x01, 0x33, 0x01, 0x0E, 0x01, 0x94, 0x49, 0x3B, 0x33, 0x23, 0x4B, 0x2F, 0xD7, 0x78, 
0x9F, 0x9F, 0x78, 0xFE, 0xFE, 0x17, 0x56, 0xD4, 0x35, 0x5B, 0x21, 0x36, 0x20, 0x0E, 0x02, 0x15, 
0xFE, 0x78, 0x01, 0x88, 0xFD, 0x88, 0x34, 0x3C, 0x00, 0x01, 0x00, 0x2C, 0x00, 0x00, 0x01, 0xF0, 
0x02, 0x12, 0x00, 0x09, 0x00, 0x00, 0x13, 0x35, 0x21, 0x15, 0x01, 0x21, 0x15, 0x21, 0x35, 0x01, 
0x40, 0x01, 0xA0, 0xFE, 0xD5, 0x01, 0x3B, 0xFE, 0x3C, 0x01, 0x23, 0x01, 0xB2, 0x60, 0x65, 0xFE, 
0xB4, 0x61, 0x6D, 0x01, 0x45, 0x00, 0x00, 0x00, 0x00, 0x01, 0x00, 0x28, 0xFF, 0x6E, 0x01, 0x1C, 
0x02, 0xF5, 0x00, 0x1F, 0x00, 0x00, 0x01, 0x22, 0x1D, 0x01, 0x14, 0x07, 0x16, 0x1D, 0x01, 0x14, 
0x16, 0x33, 0x15, 0x23, 0x22, 0x3D, 0x01, 0x34, 0x26, 0x2B, 0x01, 0x35, 0x33, 0x32, 0x36, 0x3D, 
0x01, 0x34, 0x3B, 0x01, 0x15, 0x26, 0x01, 0x14, 0x3E, 0x42, 0x42, 0x1D, 0x29, 0x22, 0x88, 0x18, 
0x1A, 0x18, 0x18, 0x1A, 0x18, 0x88, 0x22, 0x03, 0x02, 0x99, 0x39, 0xD9, 0x46, 0x0C, 0x0B, 0x46, 
0xEB, 0x1A, 0x14, 0x5D, 0x84, 0xD8, 0x21, 0x1B, 0x5D, 0x1C, 0x22, 0xD0, 0x84, 0x5D, 0x01, 0x00, 
0x00, 0x01, 0x00, 0x57, 0xFF, 0x67, 0x00, 0xAA, 0x03, 0x0E, 0x00, 0x03, 0x00, 0x00, 0x17, 0x11, 
0x33, 0x11, 0x57, 0x53, 0x99, 0x03, 0xA7, 0xFC, 0x59, 0x00, 0x00, 0x00, 0x00, 0x01, 0x00, 0x34, 
0xFF, 0x6E, 0x01, 0x28, 0x02, 0xF5, 0x00, 0x20, 0x00, 0x00, 0x17, 0x23, 0x35, 0x32, 0x36, 0x3D, 
0x01, 0x34, 0x37, 0x26, 0x3D, 0x01, 0x34, 0x26, 0x2B, 0x01, 0x07, 0x35, 0x33, 0x32, 0x1D, 0x01, 
0x14, 0x16, 0x3B, 0x01, 0x15, 0x23, 0x22, 0x06, 0x1D, 0x01, 0x14, 0x56, 0x22, 0x29, 0x1D, 0x42, 
0x42, 0x21, 0x10, 0x03, 0x12, 0x22, 0x88, 0x18, 0x1A, 0x18, 0x18, 0x1A, 0x18, 0x92, 0x5D, 0x14, 
0x1A, 0xEB, 0x46, 0x0B, 0x0C, 0x46, 0xD9, 0x1F, 0x1B, 0x02, 0x5D, 0x84, 0xD0, 0x22, 0x1C, 0x5D, 
0x1B, 0x21, 0xD8, 0x84, 0x00, 0x01, 0x00, 0x32, 0x01, 0x2E, 0x02, 0x03, 0x01, 0xD7, 0x00, 0x13, 
0x00, 0x00, 0x13, 0x22, 0x07, 0x27, 0x3E, 0x01, 0x33, 0x32, 0x17, 0x16, 0x33, 0x32, 0x37, 0x17, 
0x0E, 0x01, 0x23, 0x22, 0x27, 0x26, 0xB8, 0x28, 0x07, 0x57, 0x06, 0x48, 0x39, 0x2D, 0x4C, 0x32, 
0x18, 0x28, 0x07, 0x58, 0x06, 0x49, 0x39, 0x2B, 0x4E, 0x32, 0x01, 0x72, 0x41, 0x19, 0x46, 0x47, 
0x29, 0x1A, 0x41, 0x19, 0x46, 0x48, 0x2A, 0x1A, 0x00, 0x02, 0x00, 0x49, 0xFF, 0xF8, 0x00, 0xDE, 
0x02, 0xC9, 0x00, 0x05, 0x00, 0x0D, 0x00, 0x00, 0x17, 0x23, 0x35, 0x13, 0x33, 0x13, 0x02, 0x26, 
0x34, 0x36, 0x32, 0x16, 0x14, 0x06, 0xD8, 0x8B, 0x1E, 0x50, 0x1D, 0x63, 0x2C, 0x2C, 0x3D, 0x2C, 
0x2C, 0x08, 0x7E, 0x01, 0x69, 0xFE, 0x97, 0x01, 0xBE, 0x2C, 0x3D, 0x2C, 0x2C, 0x3D, 0x2C, 0x00, 
0x00, 0x02, 0x00, 0x31, 0xFF, 0x86, 0x02, 0x20, 0x02, 0x90, 0x00, 0x15, 0x00, 0x1B, 0x00, 0x00, 
0x05, 0x35, 0x2E, 0x01, 0x34, 0x36, 0x37, 0x35, 0x33, 0x15, 0x16, 0x17, 0x07, 0x26, 0x27, 0x11, 
0x36, 0x37, 0x17, 0x06, 0x07, 0x15, 0x02, 0x06, 0x14, 0x16, 0x17, 0x11, 0x01, 0x21, 0x65, 0x8B, 
0x8A, 0x66, 0x40, 0x71, 0x49, 0x42, 0x3D, 0x3B, 0x42, 0x3B, 0x42, 0x53, 0x6C, 0x77, 0x49, 0x47, 
0x39, 0x7A, 0x74, 0x0B, 0x93, 0xE0, 0x93, 0x0E, 0x77, 0x75, 0x09, 0x49, 0x51, 0x34, 0x06, 0xFE, 
0xAD, 0x07, 0x3C, 0x48, 0x55, 0x0B, 0x74, 0x02, 0x1B, 0x57, 0x7B, 0x5C, 0x0F, 0x01, 0x4A, 0x00, 
0x00, 0x01, 0x00, 0x3B, 0x00, 0x00, 0x02, 0x33, 0x02, 0xE6, 0x00, 0x19, 0x00, 0x00, 0x01, 0x15, 
0x33, 0x15, 0x23, 0x15, 0x21, 0x15, 0x21, 0x35, 0x33, 0x35, 0x23, 0x35, 0x33, 0x35, 0x34, 0x36, 
0x33, 0x32, 0x17, 0x07, 0x26, 0x23, 0x22, 0x06, 0x01, 0x07, 0xA7, 0xA7, 0x01, 0x2A, 0xFE, 0x0E, 
0x52, 0x56, 0x56, 0x7A, 0x63, 0x83, 0x42, 0x53, 0x29, 0x41, 0x30, 0x3F, 0x02, 0x04, 0x83, 0x62, 
0xB6, 0x69, 0x69, 0xB6, 0x62, 0x7D, 0x79, 0x6F, 0x70, 0x42, 0x44, 0x37, 0x00, 0x02, 0x00, 0x3C, 
0xFF, 0xF8, 0x02, 0xB7, 0x02, 0x7C, 0x00, 0x17, 0x00, 0x1F, 0x00, 0x00, 0x37, 0x26, 0x34, 0x37, 
0x27, 0x37, 0x17, 0x36, 0x32, 0x17, 0x37, 0x17, 0x07, 0x16, 0x14, 0x07, 0x17, 0x07, 0x27, 0x06, 
0x22, 0x27, 0x07, 0x27, 0x36, 0x32, 0x36, 0x34, 0x26, 0x22, 0x06, 0x14, 0x96, 0x35, 0x33, 0x58, 
0x47, 0x5A, 0x44, 0xAE, 0x47, 0x5A, 0x47, 0x59, 0x33, 0x36, 0x5C, 0x46, 0x5F, 0x43, 0xAC, 0x43, 
0x5E, 0x46, 0xF7, 0x8C, 0x5C, 0x5C, 0x8C, 0x5C, 0x98, 0x48, 0xB8, 0x46, 0x58, 0x46, 0x59, 0x2C, 
0x2D, 0x5A, 0x46, 0x59, 0x48, 0xB3, 0x49, 0x5B, 0x46, 0x5D, 0x2A, 0x2A, 0x5D, 0x46, 0x57, 0x5E, 
0x94, 0x5D, 0x5D, 0x94, 0x00, 0x01, 0x00, 0x23, 0x00, 0x00, 0x02, 0xAB, 0x02, 0xBB, 0x00, 0x19, 
0x00, 0x00, 0x37, 0x33, 0x35, 0x27, 0x23, 0x35, 0x33, 0x03, 0x33, 0x13, 0x33, 0x13, 0x33, 0x03, 
0x33, 0x15, 0x23, 0x07, 0x15, 0x33, 0x15, 0x23, 0x15, 0x23, 0x35, 0x23, 0x66, 0xBE, 0x04, 0xBA, 
0x86, 0xC9, 0x81, 0xBD, 0x07, 0xC4, 0x7F, 0xD0, 0x83, 0xB9, 0x03, 0xBC, 0xBD, 0x7D, 0xBE, 0xD4, 
0x36, 0x06, 0x58, 0x01, 0x53, 0xFE, 0xBF, 0x01, 0x41, 0xFE, 0xAD, 0x58, 0x06, 0x36, 0x58, 0x7C, 
0x7C, 0x00, 0x00, 0x00, 0x00, 0x02, 0x00, 0x5B, 0xFF, 0xE8, 0x00, 0xB9, 0x02, 0xF5, 0x00, 0x03, 
0x00, 0x07, 0x00, 0x00, 0x13, 0x11, 0x33, 0x11, 0x03, 0x11, 0x33, 0x11, 0x5B, 0x5E, 0x5E, 0x5E, 
0x01, 0xAE, 0x01, 0x47, 0xFE, 0xB9, 0xFE, 0x3A, 0x01, 0x47, 0xFE, 0xB9, 0x00, 0x02, 0x00, 0x33, 
0xFF, 0x76, 0x02, 0x37, 0x02, 0xE6, 0x00, 0x0B, 0x00, 0x34, 0x00, 0x00, 0x13, 0x14, 0x16, 0x33, 
0x32, 0x36, 0x34, 0x26, 0x27, 0x26, 0x22, 0x06, 0x12, 0x06, 0x14, 0x1E, 0x02, 0x15, 0x14, 0x06, 
0x07, 0x1E, 0x01, 0x15, 0x14, 0x06, 0x23, 0x22, 0x27, 0x37, 0x16, 0x33, 0x32, 0x35, 0x34, 0x2E, 
0x02, 0x35, 0x34, 0x36, 0x37, 0x26, 0x34, 0x36, 0x33, 0x32, 0x16, 0x17, 0x07, 0x26, 0x23, 0x91, 
0x75, 0x5B, 0x34, 0x45, 0x2E, 0x24, 0x48, 0x6F, 0x40, 0x6E, 0x35, 0x3A, 0xCD, 0x66, 0x40, 0x44, 
0x2E, 0x2E, 0x75, 0x62, 0x8F, 0x6E, 0x40, 0x62, 0x5E, 0x6B, 0x43, 0xC3, 0x6D, 0x42, 0x3B, 0x51, 
0x75, 0x5B, 0x41, 0x62, 0x33, 0x39, 0x4A, 0x55, 0x01, 0x3D, 0x2F, 0x3E, 0x2C, 0x41, 0x2A, 0x0B, 
0x15, 0x27, 0x01, 0x28, 0x2A, 0x43, 0x28, 0x31, 0x4E, 0x49, 0x32, 0x51, 0x10, 0x11, 0x46, 0x25, 
0x45, 0x61, 0x62, 0x4C, 0x51, 0x44, 0x20, 0x2A, 0x39, 0x51, 0x4E, 0x30, 0x50, 0x0B, 0x20, 0xA0, 
0x62, 0x20, 0x25, 0x50, 0x37, 0x00, 0x00, 0x00, 0x00, 0x02, 0x00, 0xA6, 0x02, 0x59, 0x01, 0xDA, 
0x02, 0xD4, 0x00, 0x07, 0x00, 0x0F, 0x00, 0x00, 0x12, 0x26, 0x34, 0x36, 0x32, 0x16, 0x14, 0x06, 
0x32, 0x26, 0x34, 0x36, 0x32, 0x16, 0x14, 0x06, 0xC9, 0x23, 0x24, 0x33, 0x24, 0x25, 0x87, 0x24, 
0x24, 0x33, 0x24, 0x24, 0x02, 0x59, 0x24, 0x33, 0x24, 0x23, 0x33, 0x25, 0x24, 0x33, 0x24, 0x23, 
0x33, 0x25, 0x00, 0x00, 0x00, 0x03, 0x00, 0x36, 0xFF, 0xF4, 0x03, 0x0A, 0x02, 0xC8, 0x00, 0x07, 
0x00, 0x0F, 0x00, 0x1F, 0x00, 0x00, 0x00, 0x10, 0x06, 0x20, 0x26, 0x10, 0x36, 0x20, 0x12, 0x10, 
0x26, 0x20, 0x06, 0x10, 0x16, 0x20, 0x37, 0x06, 0x22, 0x26, 0x34, 0x36, 0x32, 0x17, 0x07, 0x26, 
0x22, 0x06, 0x14, 0x16, 0x32, 0x37, 0x03, 0x0A, 0xD4, 0xFE, 0xD2, 0xD2, 0xD4, 0x01, 0x2C, 0xA8, 
0xB7, 0xFE, 0xF6, 0xB8, 0xB6, 0x01, 0x0A, 0x22, 0x44, 0xAE, 0x74, 0x78, 0xB2, 0x39, 0x30, 0x34, 
0x64, 0x4B, 0x4B, 0x6D, 0x2E, 0x01, 0xF4, 0xFE, 0xD6, 0xD6, 0xD4, 0x01, 0x2A, 0xD6, 0xFE, 0x13, 
0x01, 0x06, 0xBA, 0xBB, 0xFE, 0xF9, 0xBA, 0xC1, 0x47, 0x6D, 0xB2, 0x6E, 0x3C, 0x3B, 0x2C, 0x43, 
0x6B, 0x4A, 0x31, 0x00, 0x00, 0x02, 0x00, 0x3B, 0x01, 0xCE, 0x01, 0x15, 0x02, 0xCC, 0x00, 0x13, 
0x00, 0x1C, 0x00, 0x00, 0x01, 0x23, 0x35, 0x06, 0x22, 0x26, 0x35, 0x34, 0x3B, 0x01, 0x35, 0x34, 
0x23, 0x22, 0x07, 0x27, 0x36, 0x33, 0x32, 0x15, 0x07, 0x35, 0x23, 0x22, 0x15, 0x14, 0x16, 0x32, 
0x36, 0x01, 0x15, 0x2F, 0x1F, 0x59, 0x33, 0x63, 0x44, 0x37, 0x21, 0x26, 0x17, 0x2C, 0x33, 0x69, 
0x34, 0x3A, 0x38, 0x1C, 0x31, 0x25, 0x01, 0xD2, 0x21, 0x25, 0x2C, 0x24, 0x49, 0x09, 0x31, 0x19, 
0x21, 0x23, 0x5B, 0x43, 0x15, 0x24, 0x12, 0x13, 0x1D, 0x00, 0x00, 0x00, 0x00, 0x02, 0x00, 0x38, 
0x00, 0x40, 0x01, 0xE1, 0x01, 0xA0, 0x00, 0x05, 0x00, 0x0B, 0x00, 0x00, 0x01, 0x07, 0x17, 0x23, 
0x27, 0x37, 0x21, 0x07, 0x17, 0x23, 0x27, 0x37, 0x01, 0x1B, 0x73, 0x73, 0x6C, 0x77, 0x77, 0x01, 
0x32, 0x73, 0x73, 0x6C, 0x77, 0x77, 0x01, 0xA0, 0xB0, 0xB0, 0xB0, 0xB0, 0xB0, 0xB0, 0xB0, 0xB0, 
0x00, 0x01, 0x00, 0x43, 0x00, 0x58, 0x02, 0xE0, 0x01, 0xBD, 0x00, 0x05, 0x00, 0x00, 0x13, 0x21, 
0x11, 0x23, 0x11, 0x21, 0x43, 0x02, 0x9D, 0x52, 0xFD, 0xB5, 0x01, 0xBD, 0xFE, 0x9B, 0x01, 0x0D, 
0x00, 0x04, 0x00, 0x36, 0xFF, 0xF4, 0x03, 0x0A, 0x02, 0xC8, 0x00, 0x07, 0x00, 0x0F, 0x00, 0x1C, 
0x00, 0x24, 0x00, 0x00, 0x00, 0x10, 0x06, 0x20, 0x26, 0x10, 0x36, 0x20, 0x12, 0x10, 0x26, 0x20, 
0x06, 0x10, 0x16, 0x20, 0x13, 0x14, 0x07, 0x17, 0x23, 0x27, 0x23, 0x15, 0x23, 0x11, 0x33, 0x32, 
0x16, 0x06, 0x36, 0x34, 0x26, 0x2B, 0x01, 0x15, 0x33, 0x03, 0x0A, 0xD4, 0xFE, 0xD2, 0xD2, 0xD4, 
0x01, 0x2C, 0xA8, 0xB7, 0xFE, 0xF6, 0xB8, 0xB6, 0x01, 0x0A, 0x2A, 0x55, 0x68, 0x54, 0x5E, 0x56, 
0x44, 0x93, 0x59, 0x4D, 0x6C, 0x29, 0x2A, 0x35, 0x53, 0x51, 0x01, 0xF4, 0xFE, 0xD6, 0xD6, 0xD4, 
0x01, 0x2A, 0xD6, 0xFE, 0x13, 0x01, 0x06, 0xBA, 0xBB, 0xFE, 0xF9, 0xBA, 0x01, 0x85, 0x61, 0x19, 
0x8D, 0x83, 0x83, 0x01, 0x87, 0x3D, 0x8B, 0x22, 0x4D, 0x1E, 0x8D, 0x00, 0x00, 0x01, 0x00, 0x3B, 
0x02, 0x58, 0x01, 0x6E, 0x02, 0xAF, 0x00, 0x03, 0x00, 0x00, 0x01, 0x15, 0x21, 0x35, 0x01, 0x6E, 
0xFE, 0xCD, 0x02, 0xAF, 0x57, 0x57, 0x00, 0x00, 0x00, 0x02, 0x00, 0x36, 0x01, 0x98, 0x01, 0x6A, 
0x02, 0xCB, 0x00, 0x07, 0x00, 0x0F, 0x00, 0x00, 0x12, 0x32, 0x16, 0x14, 0x06, 0x22, 0x26, 0x34, 
0x1E, 0x01, 0x32, 0x36, 0x34, 0x26, 0x22, 0x06, 0x90, 0x80, 0x5A, 0x5A, 0x80, 0x5A, 0x34, 0x3B, 
0x55, 0x3B, 0x3B, 0x55, 0x3B, 0x02, 0xCB, 0x5A, 0x80, 0x59, 0x59, 0x80, 0x6A, 0x3C, 0x3C, 0x54, 
0x3B, 0x3B, 0x00, 0x00, 0x00, 0x02, 0x00, 0x30, 0x00, 0x88, 0x02, 0x08, 0x02, 0x7E, 0x00, 0x0B, 
0x00, 0x0F, 0x00, 0x00, 0x13, 0x35, 0x23, 0x35, 0x33, 0x35, 0x33, 0x15, 0x33, 0x15, 0x23, 0x15, 
0x05, 0x21, 0x15, 0x21, 0xEF, 0xBF, 0xBF, 0x5A, 0xBF, 0xBF, 0xFE, 0xE7, 0x01, 0xD8, 0xFE, 0x28, 
0x01, 0x14, 0x87, 0x5E, 0x85, 0x85, 0x5E, 0x87, 0x38, 0x54, 0x00, 0x00, 0x00, 0x01, 0x00, 0x42, 
0x01, 0x2A, 0x01, 0x5E, 0x02, 0xCC, 0x00, 0x15, 0x00, 0x00, 0x12, 0x36, 0x34, 0x26, 0x23, 0x22, 
0x07, 0x27, 0x36, 0x33, 0x32, 0x16, 0x15, 0x14, 0x06, 0x0F, 0x01, 0x33, 0x15, 0x21, 0x35, 0x37, 
0xEC, 0x23, 0x25, 0x1D, 0x33, 0x21, 0x37, 0x35, 0x57, 0x36, 0x4D, 0x21, 0x2C, 0x5F, 0xB9, 0xFE, 
0xE9, 0x7B, 0x02, 0x0B, 0x30, 0x31, 0x22, 0x33, 0x20, 0x51, 0x41, 0x38, 0x1F, 0x39, 0x2E, 0x61, 
0x42, 0x3A, 0x7D, 0x00, 0x00, 0x01, 0x00, 0x36, 0x01, 0x18, 0x01, 0x53, 0x02, 0xBB, 0x00, 0x15, 
0x00, 0x00, 0x13, 0x35, 0x33, 0x15, 0x07, 0x1E, 0x01, 0x14, 0x06, 0x22, 0x27, 0x37, 0x16, 0x33, 
0x32, 0x36, 0x34, 0x26, 0x22, 0x07, 0x35, 0x37, 0x4D, 0xF2, 0x64, 0x39, 0x3F, 0x55, 0x88, 0x40, 
0x1E, 0x31, 0x39, 0x24, 0x2F, 0x34, 0x45, 0x16, 0x60, 0x02, 0x7D, 0x3E, 0x37, 0x70, 0x01, 0x45, 
0x6E, 0x48, 0x2B, 0x38, 0x23, 0x21, 0x40, 0x26, 0x07, 0x35, 0x70, 0x00, 0x00, 0x01, 0x01, 0x52, 
0x02, 0x74, 0x02, 0x32, 0x03, 0x05, 0x00, 0x03, 0x00, 0x00, 0x01, 0x23, 0x37, 0x17, 0x01, 0xB8, 
0x66, 0x6A, 0x76, 0x02, 0x74, 0x91, 0x31, 0x00, 0x00, 0x01, 0x00, 0x56, 0xFF, 0x3E, 0x02, 0x40, 
0x02, 0x14, 0x00, 0x12, 0x00, 0x00, 0x17, 0x11, 0x33, 0x11, 0x14, 0x33, 0x32, 0x36, 0x35, 0x11, 
0x33, 0x11, 0x23, 0x35, 0x0E, 0x01, 0x22, 0x27, 0x15, 0x56, 0x70, 0x7A, 0x3A, 0x56, 0x70, 0x70, 
0x1B, 0x5F, 0x68, 0x28, 0xC2, 0x02, 0xD6, 0xFE, 0xDC, 0x93, 0x4D, 0x4A, 0x01, 0x20, 0xFD, 0xEC, 
0x61, 0x31, 0x38, 0x11, 0xCB, 0x00, 0x00, 0x00, 0x00, 0x01, 0x00, 0x23, 0xFF, 0x90, 0x02, 0x3C, 
0x02, 0xF5, 0x00, 0x11, 0x00, 0x00, 0x13, 0x34, 0x36, 0x33, 0x21, 0x11, 0x23, 0x11, 0x23, 0x11, 
0x23, 0x11, 0x06, 0x23, 0x22, 0x26, 0x27, 0x26, 0x23, 0x76, 0x78, 0x01, 0x2B, 0x5D, 0x70, 0x5A, 
0x18, 0x16, 0x37, 0x52, 0x14, 0x27, 0x02, 0x2C, 0x55, 0x74, 0xFC, 0x9B, 0x03, 0x06, 0xFC, 0xFA, 
0x01, 0xDF, 0x03, 0x26, 0x1E, 0x3A, 0x00, 0x00, 0x00, 0x01, 0x00, 0x47, 0x00, 0xF4, 0x00, 0xDC, 
0x01, 0x89, 0x00, 0x07, 0x00, 0x00, 0x12, 0x34, 0x36, 0x32, 0x16, 0x14, 0x06, 0x22, 0x47, 0x2B, 
0x3E, 0x2C, 0x2C, 0x3E, 0x01, 0x20, 0x3E, 0x2B, 0x2B, 0x3E, 0x2C, 0x00, 0x00, 0x01, 0x00, 0x2A, 
0xFF, 0x2C, 0x00, 0xEB, 0x00, 0x00, 0x00, 0x10, 0x00, 0x00, 0x17, 0x14, 0x06, 0x22, 0x27, 0x37, 
0x16, 0x32, 0x36, 0x34, 0x26, 0x22, 0x07, 0x37, 0x33, 0x07, 0x16, 0xEB, 0x3E, 0x5F, 0x24, 0x1A, 
0x13, 0x27, 0x16, 0x17, 0x23, 0x0C, 0x24, 0x47, 0x14, 0x46, 0x75, 0x26, 0x39, 0x16, 0x39, 0x0A, 
0x17, 0x20, 0x19, 0x05, 0x44, 0x26, 0x09, 0x00, 0x00, 0x01, 0x00, 0x29, 0x01, 0x22, 0x00, 0xBD, 
0x02, 0xBB, 0x00, 0x05, 0x00, 0x00, 0x13, 0x33, 0x11, 0x23, 0x11, 0x23, 0x29, 0x94, 0x41, 0x53, 
0x02, 0xBB, 0xFE, 0x67, 0x01, 0x5C, 0x00, 0x00, 0x00, 0x02, 0x00, 0x38, 0x01, 0xC8, 0x01, 0x42, 
0x02, 0xCC, 0x00, 0x07, 0x00, 0x0F, 0x00, 0x00, 0x12, 0x32, 0x36, 0x34, 0x26, 0x22, 0x06, 0x14, 
0x16, 0x22, 0x26, 0x34, 0x36, 0x32, 0x16, 0x14, 0x9A, 0x46, 0x2D, 0x2D, 0x46, 0x2D, 0x89, 0x72, 
0x4C, 0x4C, 0x72, 0x4C, 0x01, 0xF8, 0x2E, 0x49, 0x2E, 0x2E, 0x49, 0x5E, 0x4B, 0x6E, 0x4B, 0x4B, 
0x6E, 0x00, 0x00, 0x00, 0x00, 0x02, 0x00, 0x42, 0x00, 0x40, 0x01, 0xEB, 0x01, 0xA0, 0x00, 0x05, 
0x00, 0x0B, 0x00, 0x00, 0x25, 0x27, 0x33, 0x17, 0x07, 0x23, 0x2F, 0x01, 0x33, 0x17, 0x07, 0x23, 
0x01, 0x7B, 0x73, 0x6C, 0x77, 0x77, 0x6C, 0x53, 0x73, 0x6C, 0x77, 0x77, 0x6C, 0xF0, 0xB0, 0xB0, 
0xB0, 0xB0, 0xB0, 0xB0, 0xB0, 0x00, 0x00, 0x00, 0x00, 0x03, 0x00, 0x23, 0xFF, 0xF8, 0x03, 0x38, 
0x02, 0xF5, 0x00, 0x03, 0x00, 0x12, 0x00, 0x18, 0x00, 0x00, 0x01, 0x33, 0x01, 0x23, 0x25, 0x35, 
0x33, 0x15, 0x33, 0x15, 0x23, 0x15, 0x23, 0x35, 0x23, 0x35, 0x37, 0x33, 0x07, 0x01, 0x33, 0x11, 
0x23, 0x11, 0x23, 0x02, 0x4F, 0x48, 0xFE, 0x8B, 0x48, 0x01, 0xEB, 0x41, 0x32, 0x32, 0x41, 0xAF, 
0x95, 0x4C, 0x94, 0xFD, 0xC0, 0x94, 0x41, 0x53, 0x02, 0xF5, 0xFD, 0x03, 0xAE, 0x4B, 0x4B, 0x3F, 
0x67, 0x67, 0x3D, 0xF5, 0xF3, 0x02, 0x15, 0xFE, 0x67, 0x01, 0x5C, 0x00, 0x00, 0x03, 0x00, 0x23, 
0xFF, 0xF8, 0x03, 0x74, 0x02, 0xF5, 0x00, 0x03, 0x00, 0x19, 0x00, 0x1F, 0x00, 0x00, 0x01, 0x33, 
0x01, 0x23, 0x24, 0x36, 0x34, 0x26, 0x23, 0x22, 0x07, 0x27, 0x36, 0x33, 0x32, 0x16, 0x15, 0x14, 
0x06, 0x0F, 0x01, 0x33, 0x15, 0x21, 0x35, 0x37, 0x01, 0x33, 0x11, 0x23, 0x11, 0x23, 0x02, 0x6F, 
0x48, 0xFE, 0x8B, 0x48, 0x02, 0x08, 0x23, 0x25, 0x1D, 0x31, 0x23, 0x36, 0x35, 0x56, 0x36, 0x4E, 
0x21, 0x2C, 0x60, 0xB9, 0xFE, 0xE9, 0x7C, 0xFD, 0x4A, 0x94, 0x41, 0x53, 0x02, 0xF5, 0xFD, 0x03, 
0xE9, 0x30, 0x31, 0x22, 0x33, 0x20, 0x51, 0x41, 0x38, 0x1F, 0x3A, 0x2D, 0x61, 0x42, 0x3A, 0x7D, 
0x02, 0x04, 0xFE, 0x67, 0x01, 0x5C, 0x00, 0x00, 0x00, 0x03, 0x00, 0x28, 0xFF, 0xF8, 0x03, 0x61, 
0x02, 0xF5, 0x00, 0x03, 0x00, 0x12, 0x00, 0x28, 0x00, 0x00, 0x01, 0x33, 0x01, 0x23, 0x25, 0x35, 
0x33, 0x15, 0x33, 0x15, 0x23, 0x15, 0x23, 0x35, 0x23, 0x35, 0x37, 0x33, 0x07, 0x01, 0x35, 0x33, 
0x15, 0x07, 0x1E, 0x01, 0x14, 0x06, 0x22, 0x27, 0x37, 0x16, 0x33, 0x32, 0x36, 0x34, 0x26, 0x22, 
0x07, 0x35, 0x37, 0x02, 0x78, 0x48, 0xFE, 0x8B, 0x48, 0x01, 0xEB, 0x41, 0x32, 0x32, 0x41, 0xAF, 
0x95, 0x4C, 0x94, 0xFD, 0xB3, 0xF2, 0x64, 0x39, 0x3F, 0x55, 0x88, 0x40, 0x1E, 0x31, 0x39, 0x24, 
0x2F, 0x34, 0x45, 0x16, 0x60, 0x02, 0xF5, 0xFD, 0x03, 0xAE, 0x4B, 0x4B, 0x3F, 0x67, 0x67, 0x3D, 
0xF5, 0xF3, 0x01, 0xD7, 0x3E, 0x37, 0x70, 0x01, 0x45, 0x6E, 0x48, 0x2B, 0x38, 0x23, 0x21, 0x40, 
0x26, 0x07, 0x35, 0x70, 0x00, 0x02, 0x00, 0x35, 0xFF, 0xF9, 0x01, 0xD8, 0x02, 0xC8, 0x00, 0x1B, 
0x00, 0x23, 0x00, 0x00, 0x13, 0x33, 0x15, 0x14, 0x06, 0x0F, 0x01, 0x06, 0x14, 0x16, 0x32, 0x36, 
0x37, 0x33, 0x0E, 0x01, 0x22, 0x26, 0x35, 0x34, 0x37, 0x3E, 0x03, 0x37, 0x36, 0x35, 0x12, 0x16, 
0x14, 0x06, 0x22, 0x26, 0x34, 0x36, 0xCE, 0x71, 0x13, 0x20, 0x49, 0x17, 0x30, 0x4C, 0x33, 0x04, 
0x79, 0x0A, 0x77, 0xB2, 0x70, 0x21, 0x13, 0x14, 0x21, 0x17, 0x07, 0x12, 0x56, 0x2E, 0x2D, 0x3F, 
0x2E, 0x2D, 0x01, 0xEA, 0x3D, 0x28, 0x27, 0x20, 0x49, 0x19, 0x4A, 0x31, 0x2F, 0x27, 0x59, 0x65, 
0x61, 0x57, 0x3C, 0x28, 0x18, 0x14, 0x1F, 0x17, 0x09, 0x15, 0x28, 0x01, 0x0B, 0x2B, 0x3D, 0x2C, 
0x2B, 0x3D, 0x2C, 0x00, 0x00, 0x03, 0x00, 0x00, 0x00, 0x00, 0x02, 0xDA, 0x03, 0x86, 0x00, 0x07, 
0x00, 0x0A, 0x00, 0x0E, 0x00, 0x00, 0x09, 0x01, 0x23, 0x27, 0x21, 0x07, 0x23, 0x01, 0x13, 0x0B, 
0x01, 0x13, 0x23, 0x27, 0x37, 0x01, 0xA6, 0x01, 0x34, 0x82, 0x47, 0xFE, 0xB1, 0x44, 0x7E, 0x01, 
0x34, 0xAE, 0x78, 0x77, 0xB1, 0x66, 0x7A, 0x76, 0x02, 0xBB, 0xFD, 0x45, 0x9F, 0x9F, 0x02, 0xBB, 
0xFE, 0x51, 0x01, 0x0D, 0xFE, 0xF3, 0x01, 0xE9, 0x60, 0x31, 0x00, 0x00, 0x00, 0x03, 0x00, 0x00, 
0x00, 0x00, 0x02, 0xE6, 0x03, 0x87, 0x00, 0x07, 0x00, 0x0A, 0x00, 0x0E, 0x00, 0x00, 0x37, 0x07, 
0x23, 0x01, 0x33, 0x01, 0x23, 0x2F, 0x01, 0x0B, 0x01, 0x13, 0x23, 0x37, 0x17, 0xC4, 0x46, 0x7E, 
0x01, 0x34, 0x7E, 0x01, 0x34, 0x7E, 0x46, 0x30, 0x7F, 0x7F, 0xB5, 0x66, 0x6A, 0x76, 0x9F, 0x9F, 
0x02, 0xBB, 0xFD, 0x45, 0x9F, 0x6D, 0x01, 0x20, 0xFE, 0xE0, 0x01, 0xEA, 0x91, 0x31, 0x00, 0x00, 
0x00, 0x03, 0x00, 0x00, 0x00, 0x00, 0x02, 0xDA, 0x03, 0x7B, 0x00, 0x07, 0x00, 0x0A, 0x00, 0x11, 
0x00, 0x00, 0x09, 0x01, 0x23, 0x27, 0x21, 0x07, 0x23, 0x01, 0x13, 0x0B, 0x01, 0x13, 0x33, 0x17, 
0x23, 0x27, 0x07, 0x23, 0x01, 0xA6, 0x01, 0x34, 0x82, 0x47, 0xFE, 0xB1, 0x44, 0x7E, 0x01, 0x34, 
0xAE, 0x78, 0x77, 0x42, 0x68, 0x7A, 0x61, 0x4D, 0x4D, 0x61, 0x02, 0xBB, 0xFD, 0x45, 0x9F, 0x9F, 
0x02, 0xBB, 0xFE, 0x51, 0x01, 0x0D, 0xFE, 0xF3, 0x02, 0x6F, 0x86, 0x38, 0x38, 0x00, 0x00, 0x00, 
0x00, 0x03, 0x00, 0x00, 0x00, 0x00, 0x02, 0xDA, 0x03, 0x77, 0x00, 0x07, 0x00, 0x0A, 0x00, 0x1B, 
0x00, 0x00, 0x09, 0x01, 0x23, 0x27, 0x21, 0x07, 0x23, 0x01, 0x13, 0x0B, 0x01, 0x13, 0x22, 0x26, 
0x23, 0x22, 0x07, 0x23, 0x34, 0x36, 0x33, 0x32, 0x16, 0x33, 0x32, 0x35, 0x33, 0x06, 0x01, 0xA6, 
0x01, 0x34, 0x82, 0x47, 0xFE, 0xB1, 0x44, 0x7E, 0x01, 0x34, 0xAE, 0x78, 0x77, 0xC3, 0x1A, 0x5D, 
0x0D, 0x21, 0x01, 0x4A, 0x2F, 0x2A, 0x1B, 0x60, 0x0F, 0x1E, 0x4B, 0x03, 0x02, 0xBB, 0xFD, 0x45, 
0x9F, 0x9F, 0x02, 0xBB, 0xFE, 0x51, 0x01, 0x0D, 0xFE, 0xF3, 0x01, 0xE6, 0x2F, 0x2C, 0x3A, 0x48, 
0x2F, 0x2C, 0x82, 0x00, 0x00, 0x04, 0x00, 0x00, 0x00, 0x00, 0x02, 0xDA, 0x03, 0x6C, 0x00, 0x07, 
0x00, 0x0A, 0x00, 0x12, 0x00, 0x1A, 0x00, 0x00, 0x09, 0x01, 0x23, 0x27, 0x21, 0x07, 0x23, 0x01, 
0x13, 0x0B, 0x01, 0x12, 0x26, 0x34, 0x36, 0x32, 0x16, 0x14, 0x06, 0x32, 0x26, 0x34, 0x36, 0x32, 
0x16, 0x14, 0x06, 0x01, 0xA6, 0x01, 0x34, 0x82, 0x47, 0xFE, 0xB1, 0x44, 0x7E, 0x01, 0x34, 0xAE, 
0x78, 0x77, 0x03, 0x23, 0x23, 0x34, 0x24, 0x24, 0x86, 0x24, 0x24, 0x33, 0x24, 0x25, 0x02, 0xBB, 
0xFD, 0x45, 0x9F, 0x9F, 0x02, 0xBB, 0xFE, 0x51, 0x01, 0x0D, 0xFE, 0xF3, 0x01, 0xE5, 0x24, 0x33, 
0x24, 0x23, 0x33, 0x25, 0x24, 0x33, 0x24, 0x23, 0x33, 0x25, 0x00, 0x00, 0x00, 0x03, 0x00, 0x00, 
0x00, 0x00, 0x02, 0xDA, 0x03, 0x6C, 0x00, 0x0D, 0x00, 0x10, 0x00, 0x18, 0x00, 0x00, 0x00, 0x16, 
0x14, 0x07, 0x01, 0x23, 0x27, 0x21, 0x07, 0x23, 0x01, 0x26, 0x34, 0x36, 0x13, 0x0B, 0x01, 0x12, 
0x36, 0x34, 0x26, 0x22, 0x06, 0x14, 0x16, 0x01, 0x98, 0x42, 0x2F, 0x01, 0x2F, 0x82, 0x47, 0xFE, 
0xB1, 0x44, 0x7E, 0x01, 0x2E, 0x2D, 0x41, 0xA0, 0x78, 0x77, 0x93, 0x1E, 0x1E, 0x31, 0x1F, 0x1F, 
0x03, 0x6C, 0x3F, 0x5F, 0x20, 0xFD, 0x52, 0x9F, 0x9F, 0x02, 0xAF, 0x20, 0x5E, 0x3F, 0xFD, 0xA0, 
0x01, 0x0D, 0xFE, 0xF3, 0x01, 0xC0, 0x1F, 0x31, 0x1F, 0x1F, 0x31, 0x1F, 0x00, 0x02, 0xFF, 0xF5, 
0x00, 0x00, 0x03, 0xDA, 0x02, 0xBB, 0x00, 0x0F, 0x00, 0x13, 0x00, 0x00, 0x01, 0x15, 0x21, 0x15, 
0x21, 0x15, 0x21, 0x15, 0x21, 0x15, 0x21, 0x35, 0x23, 0x07, 0x23, 0x01, 0x13, 0x11, 0x23, 0x03, 
0x03, 0xCE, 0xFE, 0x8B, 0x01, 0x4F, 0xFE, 0xB1, 0x01, 0x81, 0xFD, 0xFE, 0xFD, 0x55, 0x91, 0x01, 
0x6E, 0x75, 0x1D, 0xA7, 0x02, 0xBB, 0x6E, 0xC0, 0x67, 0xB8, 0x6E, 0x9F, 0x9F, 0x02, 0xBB, 0xFE, 
0x55, 0x01, 0x3D, 0xFE, 0xC3, 0x00, 0x00, 0x00, 0x00, 0x01, 0x00, 0x34, 0xFF, 0x2C, 0x02, 0xBB, 
0x02, 0xCC, 0x00, 0x24, 0x00, 0x00, 0x25, 0x32, 0x36, 0x37, 0x17, 0x06, 0x0F, 0x01, 0x16, 0x15, 
0x14, 0x06, 0x22, 0x27, 0x37, 0x16, 0x32, 0x36, 0x34, 0x26, 0x22, 0x07, 0x37, 0x2E, 0x01, 0x10, 
0x36, 0x20, 0x17, 0x07, 0x2E, 0x01, 0x23, 0x22, 0x06, 0x14, 0x16, 0x01, 0xA0, 0x3D, 0x58, 0x30, 
0x4C, 0x68, 0x96, 0x10, 0x46, 0x3E, 0x5F, 0x24, 0x1A, 0x13, 0x27, 0x16, 0x17, 0x23, 0x0C, 0x21, 
0x89, 0xB0, 0xD5, 0x01, 0x45, 0x6D, 0x4B, 0x32, 0x59, 0x3C, 0x6A, 0x90, 0x8F, 0x6B, 0x29, 0x2D, 
0x4E, 0x74, 0x06, 0x1F, 0x09, 0x46, 0x26, 0x39, 0x16, 0x39, 0x0A, 0x17, 0x20, 0x19, 0x05, 0x3F, 
0x11, 0xC6, 0x01, 0x2A, 0xD0, 0x78, 0x52, 0x30, 0x26, 0x89, 0xD5, 0x8F, 0x00, 0x02, 0x00, 0x61, 
0x00, 0x00, 0x02, 0x58, 0x03, 0x86, 0x00, 0x03, 0x00, 0x0F, 0x00, 0x00, 0x01, 0x23, 0x27, 0x37, 
0x05, 0x15, 0x21, 0x15, 0x21, 0x15, 0x21, 0x15, 0x21, 0x15, 0x21, 0x11, 0x01, 0xA5, 0x66, 0x7A, 
0x76, 0x01, 0x11, 0xFE, 0x8B, 0x01, 0x4F, 0xFE, 0xB1, 0x01, 0x81, 0xFE, 0x09, 0x02, 0xF5, 0x60, 
0x31, 0xCB, 0x6F, 0xB9, 0x69, 0xBB, 0x6F, 0x02, 0xBB, 0x00, 0x00, 0x00, 0x00, 0x02, 0x00, 0x61, 
0x00, 0x00, 0x02, 0x58, 0x03, 0x86, 0x00, 0x0B, 0x00, 0x0F, 0x00, 0x00, 0x01, 0x15, 0x21, 0x15, 
0x21, 0x15, 0x21, 0x15, 0x21, 0x15, 0x21, 0x11, 0x25, 0x23, 0x37, 0x17, 0x02, 0x4C, 0xFE, 0x8B, 
0x01, 0x4F, 0xFE, 0xB1, 0x01, 0x81, 0xFE, 0x09, 0x01, 0x2B, 0x66, 0x6A, 0x76, 0x02, 0xBB, 0x6F, 
0xB9, 0x69, 0xBB, 0x6F, 0x02, 0xBB, 0x3A, 0x91, 0x31, 0x00, 0x00, 0x00, 0x00, 0x02, 0x00, 0x61, 
0x00, 0x00, 0x02, 0x58, 0x03, 0x7B, 0x00, 0x06, 0x00, 0x12, 0x00, 0x00, 0x01, 0x33, 0x17, 0x23, 
0x27, 0x07, 0x23, 0x05, 0x15, 0x21, 0x15, 0x21, 0x15, 0x21, 0x15, 0x21, 0x15, 0x21, 0x11, 0x01, 
0x23, 0x68, 0x7A, 0x61, 0x4D, 0x4D, 0x61, 0x01, 0xA3, 0xFE, 0x8B, 0x01, 0x4F, 0xFE, 0xB1, 0x01, 
0x81, 0xFE, 0x09, 0x03, 0x7B, 0x86, 0x38, 0x38, 0x3A, 0x6F, 0xB9, 0x69, 0xBB, 0x6F, 0x02, 0xBB, 
0x00, 0x03, 0x00, 0x61, 0x00, 0x00, 0x02, 0x58, 0x03, 0x6C, 0x00, 0x07, 0x00, 0x0F, 0x00, 0x1B, 
0x00, 0x00, 0x12, 0x26, 0x34, 0x36, 0x32, 0x16, 0x14, 0x06, 0x32, 0x26, 0x34, 0x36, 0x32, 0x16, 
0x14, 0x06, 0x17, 0x15, 0x21, 0x15, 0x21, 0x15, 0x21, 0x15, 0x21, 0x15, 0x21, 0x11, 0xE1, 0x23, 
0x24, 0x33, 0x24, 0x25, 0x87, 0x24, 0x24, 0x33, 0x24, 0x24, 0x7E, 0xFE, 0x8B, 0x01, 0x4F, 0xFE, 
0xB1, 0x01, 0x81, 0xFE, 0x09, 0x02, 0xF1, 0x24, 0x33, 0x24, 0x23, 0x33, 0x25, 0x24, 0x33, 0x24, 
0x23, 0x33, 0x25, 0x36, 0x6F, 0xB9, 0x69, 0xBB, 0x6F, 0x02, 0xBB, 0x00, 0x00, 0x02, 0xFF, 0xF1, 
0x00, 0x00, 0x00, 0xD7, 0x03, 0x86, 0x00, 0x03, 0x00, 0x07, 0x00, 0x00, 0x13, 0x23, 0x27, 0x37, 
0x07, 0x33, 0x11, 0x23, 0xD1, 0x66, 0x7A, 0x76, 0x06, 0x76, 0x76, 0x02, 0xF5, 0x60, 0x31, 0xCB, 
0xFD, 0x45, 0x00, 0x00, 0x00, 0x02, 0x00, 0x61, 0x00, 0x00, 0x01, 0x47, 0x03, 0x86, 0x00, 0x03, 
0x00, 0x07, 0x00, 0x00, 0x13, 0x33, 0x11, 0x23, 0x13, 0x23, 0x37, 0x17, 0x61, 0x76, 0x76, 0x6C, 
0x66, 0x6A, 0x76, 0x02, 0xBB, 0xFD, 0x45, 0x02, 0xF5, 0x91, 0x31, 0x00, 0x00, 0x02, 0xFF, 0xF9, 
0x00, 0x00, 0x01, 0x55, 0x03, 0x7B, 0x00, 0x03, 0x00, 0x0A, 0x00, 0x00, 0x13, 0x33, 0x11, 0x23, 
0x13, 0x33, 0x17, 0x23, 0x27, 0x07, 0x23, 0x61, 0x76, 0x76, 0x12, 0x68, 0x7A, 0x61, 0x4D, 0x4D, 
0x61, 0x02, 0xBB, 0xFD, 0x45, 0x03, 0x7B, 0x86, 0x38, 0x38, 0x00, 0x00, 0x00, 0x03, 0x00, 0x03, 
0x00, 0x00, 0x01, 0x37, 0x03, 0x6C, 0x00, 0x07, 0x00, 0x0F, 0x00, 0x13, 0x00, 0x00, 0x12, 0x26, 
0x34, 0x36, 0x32, 0x16, 0x14, 0x06, 0x32, 0x26, 0x34, 0x36, 0x32, 0x16, 0x14, 0x06, 0x07, 0x33, 
0x11, 0x23, 0x26, 0x23, 0x23, 0x34, 0x24, 0x24, 0x86, 0x24, 0x24, 0x33, 0x24, 0x25, 0xB1, 0x76, 
0x76, 0x02, 0xF1, 0x24, 0x33, 0x24, 0x23, 0x33, 0x25, 0x24, 0x33, 0x24, 0x23, 0x33, 0x25, 0x36, 
0xFD, 0x45, 0x00, 0x00, 0x00, 0x02, 0x00, 0x1A, 0x00, 0x00, 0x02, 0xDF, 0x02, 0xBB, 0x00, 0x0B, 
0x00, 0x17, 0x00, 0x00, 0x13, 0x35, 0x33, 0x11, 0x33, 0x32, 0x16, 0x10, 0x06, 0x2B, 0x01, 0x11, 
0x25, 0x34, 0x21, 0x23, 0x15, 0x33, 0x15, 0x23, 0x15, 0x33, 0x32, 0x36, 0x1A, 0x4F, 0xF0, 0xBC, 
0xCA, 0xC4, 0xCA, 0xE8, 0x01, 0xFF, 0xFE, 0xED, 0x76, 0xFA, 0xFA, 0x83, 0x7F, 0x87, 0x01, 0x26, 
0x69, 0x01, 0x2C, 0xB7, 0xFE, 0xBA, 0xBE, 0x01, 0x26, 0x38, 0xF0, 0xBF, 0x69, 0xB7, 0x79, 0x00, 
0x00, 0x02, 0x00, 0x61, 0x00, 0x00, 0x02, 0xE3, 0x03, 0x77, 0x00, 0x09, 0x00, 0x1A, 0x00, 0x00, 
0x01, 0x33, 0x11, 0x23, 0x01, 0x11, 0x23, 0x11, 0x33, 0x01, 0x03, 0x22, 0x26, 0x23, 0x22, 0x07, 
0x23, 0x34, 0x36, 0x33, 0x32, 0x16, 0x33, 0x32, 0x35, 0x33, 0x06, 0x02, 0x6D, 0x76, 0x80, 0xFE, 
0x74, 0x76, 0x76, 0x01, 0x96, 0x84, 0x1A, 0x5D, 0x0D, 0x21, 0x01, 0x4A, 0x2F, 0x2A, 0x1B, 0x60, 
0x0F, 0x1E, 0x4B, 0x03, 0x02, 0xBB, 0xFD, 0x45, 0x01, 0xFE, 0xFE, 0x02, 0x02, 0xBB, 0xFD, 0xF6, 
0x02, 0x41, 0x2F, 0x2C, 0x3A, 0x48, 0x2F, 0x2C, 0x82, 0x00, 0x00, 0x00, 0x00, 0x03, 0x00, 0x34, 
0xFF, 0xF9, 0x03, 0x14, 0x03, 0x86, 0x00, 0x03, 0x00, 0x0B, 0x00, 0x13, 0x00, 0x00, 0x01, 0x23, 
0x27, 0x37, 0x12, 0x22, 0x06, 0x14, 0x16, 0x32, 0x36, 0x34, 0x02, 0x20, 0x26, 0x10, 0x36, 0x20, 
0x16, 0x10, 0x01, 0xF0, 0x66, 0x7A, 0x76, 0x86, 0xD0, 0x8F, 0x8F, 0xD0, 0x8F, 0x5B, 0xFE, 0xC8, 
0xD4, 0xD4, 0x01, 0x38, 0xD4, 0x02, 0xF5, 0x60, 0x31, 0xFE, 0xDA, 0x94, 0xD3, 0x94, 0x94, 0xD3, 
0xFE, 0x2D, 0xCF, 0x01, 0x35, 0xCF, 0xCF, 0xFE, 0xCB, 0x00, 0x00, 0x00, 0x00, 0x03, 0x00, 0x34, 
0xFF, 0xF9, 0x03, 0x14, 0x03, 0x86, 0x00, 0x07, 0x00, 0x0F, 0x00, 0x13, 0x00, 0x00, 0x00, 0x22, 
0x06, 0x14, 0x16, 0x32, 0x36, 0x34, 0x02, 0x20, 0x26, 0x10, 0x36, 0x20, 0x16, 0x10, 0x01, 0x23, 
0x37, 0x17, 0x02, 0x0C, 0xD0, 0x8F, 0x8F, 0xD0, 0x8F, 0x5B, 0xFE, 0xC8, 0xD4, 0xD4, 0x01, 0x38, 
0xD4, 0xFE, 0xA2, 0x66, 0x6A, 0x76, 0x02, 0x60, 0x94, 0xD3, 0x94, 0x94, 0xD3, 0xFE, 0x2D, 0xCF, 
0x01, 0x35, 0xCF, 0xCF, 0xFE, 0xCB, 0x02, 0x2D, 0x91, 0x31, 0x00, 0x00, 0x00, 0x03, 0x00, 0x34, 
0xFF, 0xF9, 0x03, 0x14, 0x03, 0x7B, 0x00, 0x07, 0x00, 0x0F, 0x00, 0x16, 0x00, 0x00, 0x00, 0x22, 
0x06, 0x14, 0x16, 0x32, 0x36, 0x34, 0x02, 0x20, 0x26, 0x10, 0x36, 0x20, 0x16, 0x10, 0x01, 0x33, 
0x17, 0x23, 0x27, 0x07, 0x23, 0x02, 0x0C, 0xD0, 0x8F, 0x8F, 0xD0, 0x8F, 0x5B, 0xFE, 0xC8, 0xD4, 
0xD4, 0x01, 0x38, 0xD4, 0xFE, 0x5A, 0x68, 0x7A, 0x61, 0x4D, 0x4D, 0x61, 0x02, 0x60, 0x94, 0xD3, 
0x94, 0x94, 0xD3, 0xFE, 0x2D, 0xCF, 0x01, 0x35, 0xCF, 0xCF, 0xFE, 0xCB, 0x02, 0xB3, 0x86, 0x38, 
0x38, 0x00, 0x00, 0x00, 0x00, 0x03, 0x00, 0x34, 0xFF, 0xF9, 0x03, 0x14, 0x03, 0x77, 0x00, 0x07, 
0x00, 0x0F, 0x00, 0x20, 0x00, 0x00, 0x00, 0x22, 0x06, 0x14, 0x16, 0x32, 0x36, 0x34, 0x02, 0x20, 
0x26, 0x10, 0x36, 0x20, 0x16, 0x10, 0x01, 0x22, 0x26, 0x23, 0x22, 0x07, 0x23, 0x34, 0x36, 0x33, 
0x32, 0x16, 0x33, 0x32, 0x35, 0x33, 0x06, 0x02, 0x0C, 0xD0, 0x8F, 0x8F, 0xD0, 0x8F, 0x5B, 0xFE, 
0xC8, 0xD4, 0xD4, 0x01, 0x38, 0xD4, 0xFE, 0xD8, 0x1A, 0x5D, 0x0D, 0x21, 0x01, 0x4A, 0x2F, 0x2A, 
0x1B, 0x60, 0x0F, 0x1E, 0x4B, 0x03, 0x02, 0x60, 0x94, 0xD3, 0x94, 0x94, 0xD3, 0xFE, 0x2D, 0xCF, 
0x01, 0x35, 0xCF, 0xCF, 0xFE, 0xCB, 0x02, 0x2A, 0x2F, 0x2C, 0x3A, 0x48, 0x2F, 0x2C, 0x82, 0x00, 
0x00, 0x04, 0x00, 0x34, 0xFF, 0xF9, 0x03, 0x14, 0x03, 0x6C, 0x00, 0x07, 0x00, 0x0F, 0x00, 0x17, 
0x00, 0x1F, 0x00, 0x00, 0x00, 0x26, 0x34, 0x36, 0x32, 0x16, 0x14, 0x06, 0x32, 0x26, 0x34, 0x36, 
0x32, 0x16, 0x14, 0x0E, 0x01, 0x22, 0x06, 0x14, 0x16, 0x32, 0x36, 0x34, 0x02, 0x20, 0x26, 0x10, 
0x36, 0x20, 0x16, 0x10, 0x01, 0x28, 0x23, 0x23, 0x34, 0x24, 0x24, 0x86, 0x24, 0x24, 0x33, 0x24, 
0x25, 0x08, 0xD0, 0x8F, 0x8F, 0xD0, 0x8F, 0x5B, 0xFE, 0xC8, 0xD4, 0xD4, 0x01, 0x38, 0xD4, 0x02, 
0xF1, 0x24, 0x33, 0x24, 0x23, 0x33, 0x25, 0x24, 0x33, 0x24, 0x23, 0x33, 0x25, 0x91, 0x94, 0xD3, 
0x94, 0x94, 0xD3, 0xFE, 0x2D, 0xCF, 0x01, 0x35, 0xCF, 0xCF, 0xFE, 0xCB, 0x00, 0x01, 0x00, 0x30, 
0x00, 0x92, 0x02, 0x05, 0x02, 0x66, 0x00, 0x0B, 0x00, 0x00, 0x01, 0x37, 0x17, 0x07, 0x17, 0x07, 
0x27, 0x07, 0x27, 0x37, 0x27, 0x37, 0x01, 0x1B, 0xAA, 0x3F, 0xA9, 0xAA, 0x3F, 0xAB, 0xAB, 0x40, 
0xAB, 0xAA, 0x40, 0x01, 0xBB, 0xAB, 0x40, 0xA9, 0xAB, 0x40, 0xAB, 0xAB, 0x40, 0xAB, 0xA9, 0x40, 
0x00, 0x03, 0x00, 0x34, 0xFF, 0x8B, 0x03, 0x14, 0x03, 0x2B, 0x00, 0x15, 0x00, 0x1E, 0x00, 0x26, 
0x00, 0x00, 0x01, 0x14, 0x06, 0x23, 0x22, 0x27, 0x07, 0x23, 0x37, 0x2E, 0x01, 0x35, 0x34, 0x36, 
0x33, 0x32, 0x17, 0x37, 0x33, 0x07, 0x1E, 0x01, 0x25, 0x22, 0x06, 0x15, 0x14, 0x16, 0x17, 0x13, 
0x26, 0x17, 0x34, 0x27, 0x03, 0x16, 0x33, 0x32, 0x36, 0x03, 0x14, 0xD4, 0x9C, 0x35, 0x30, 0x39, 
0x64, 0x49, 0x55, 0x62, 0xD4, 0x9C, 0x3D, 0x3C, 0x36, 0x64, 0x47, 0x4C, 0x58, 0xFE, 0x90, 0x68, 
0x8F, 0x3B, 0x33, 0xD4, 0x24, 0xD0, 0x5C, 0xD1, 0x1C, 0x1A, 0x68, 0x8F, 0x01, 0x63, 0x9B, 0xCF, 
0x0C, 0x7A, 0x9C, 0x2E, 0xA7, 0x67, 0x9A, 0xCF, 0x13, 0x72, 0x99, 0x30, 0x9F, 0x9D, 0x94, 0x6A, 
0x41, 0x70, 0x23, 0x01, 0xC6, 0x0C, 0xFE, 0x7A, 0x4D, 0xFE, 0x41, 0x05, 0x94, 0x00, 0x00, 0x00, 
0x00, 0x02, 0x00, 0x58, 0xFF, 0xF9, 0x02, 0xA8, 0x03, 0x86, 0x00, 0x03, 0x00, 0x13, 0x00, 0x00, 
0x01, 0x23, 0x27, 0x37, 0x02, 0x32, 0x36, 0x35, 0x11, 0x33, 0x11, 0x14, 0x06, 0x20, 0x26, 0x35, 
0x11, 0x33, 0x11, 0x14, 0x01, 0xD9, 0x66, 0x7A, 0x76, 0x41, 0xA4, 0x60, 0x76, 0xA6, 0xFE, 0xFC, 
0xA6, 0x76, 0x02, 0xF5, 0x60, 0x31, 0xFC, 0xE2, 0x70, 0x60, 0x01, 0x83, 0xFE, 0x78, 0x97, 0xA3, 
0xA3, 0x97, 0x01, 0x88, 0xFE, 0x7D, 0x60, 0x00, 0x00, 0x02, 0x00, 0x58, 0xFF, 0xF9, 0x02, 0xA8, 
0x03, 0x87, 0x00, 0x0F, 0x00, 0x13, 0x00, 0x00, 0x24, 0x32, 0x36, 0x35, 0x11, 0x33, 0x11, 0x14, 
0x06, 0x20, 0x26, 0x35, 0x11, 0x33, 0x11, 0x14, 0x13, 0x23, 0x37, 0x17, 0x01, 0x2E, 0xA4, 0x60, 
0x76, 0xA6, 0xFE, 0xFC, 0xA6, 0x76, 0xD2, 0x66, 0x6A, 0x76, 0x68, 0x70, 0x60, 0x01, 0x83, 0xFE, 
0x78, 0x97, 0xA3, 0xA3, 0x97, 0x01, 0x88, 0xFE, 0x7D, 0x60, 0x02, 0x1E, 0x91, 0x31, 0x00, 0x00, 
0x00, 0x02, 0x00, 0x58, 0xFF, 0xF9, 0x02, 0xA8, 0x03, 0x7B, 0x00, 0x0F, 0x00, 0x16, 0x00, 0x00, 
0x24, 0x32, 0x36, 0x35, 0x11, 0x33, 0x11, 0x14, 0x06, 0x20, 0x26, 0x35, 0x11, 0x33, 0x11, 0x14, 
0x13, 0x33, 0x17, 0x23, 0x27, 0x07, 0x23, 0x01, 0x2E, 0xA4, 0x60, 0x76, 0xA6, 0xFE, 0xFC, 0xA6, 
0x76, 0x82, 0x68, 0x7A, 0x61, 0x4D, 0x4D, 0x61, 0x68, 0x70, 0x60, 0x01, 0x83, 0xFE, 0x78, 0x97, 
0xA3, 0xA3, 0x97, 0x01, 0x88, 0xFE, 0x7D, 0x60, 0x02, 0xA3, 0x86, 0x38, 0x38, 0x00, 0x00, 0x00, 
0x00, 0x03, 0x00, 0x58, 0xFF, 0xF9, 0x02, 0xA8, 0x03, 0x6C, 0x00, 0x07, 0x00, 0x0F, 0x00, 0x1F, 
0x00, 0x00, 0x00, 0x26, 0x34, 0x36, 0x32, 0x16, 0x14, 0x06, 0x32, 0x26, 0x34, 0x36, 0x32, 0x16, 
0x14, 0x06, 0x02, 0x32, 0x36, 0x35, 0x11, 0x33, 0x11, 0x14, 0x06, 0x20, 0x26, 0x35, 0x11, 0x33, 
0x11, 0x14, 0x01, 0x0B, 0x23, 0x24, 0x33, 0x24, 0x25, 0x87, 0x24, 0x24, 0x33, 0x24, 0x24, 0xCA, 
0xA4, 0x60, 0x76, 0xA6, 0xFE, 0xFC, 0xA6, 0x76, 0x02, 0xF1, 0x24, 0x33, 0x24, 0x23, 0x33, 0x25, 
0x24, 0x33, 0x24, 0x23, 0x33, 0x25, 0xFD, 0x77, 0x70, 0x60, 0x01, 0x83, 0xFE, 0x78, 0x97, 0xA3, 
0xA3, 0x97, 0x01, 0x88, 0xFE, 0x7D, 0x60, 0x00, 0x00, 0x02, 0xFF, 0xF8, 0x00, 0x00, 0x02, 0x78, 
0x03, 0x77, 0x00, 0x08, 0x00, 0x0C, 0x00, 0x00, 0x21, 0x23, 0x11, 0x01, 0x33, 0x1B, 0x01, 0x33, 
0x01, 0x13, 0x23, 0x37, 0x17, 0x01, 0x74, 0x78, 0xFE, 0xFC, 0x81, 0xBF, 0xBF, 0x81, 0xFE, 0xFC, 
0x11, 0x66, 0x6A, 0x76, 0x01, 0x14, 0x01, 0xA7, 0xFE, 0xC2, 0x01, 0x3E, 0xFE, 0x59, 0x01, 0xD2, 
0x91, 0x31, 0x00, 0x00, 0x00, 0x02, 0x00, 0x61, 0x00, 0x00, 0x02, 0x82, 0x02, 0xBB, 0x00, 0x0B, 
0x00, 0x13, 0x00, 0x00, 0x01, 0x14, 0x06, 0x2B, 0x01, 0x15, 0x23, 0x11, 0x33, 0x15, 0x33, 0x20, 
0x02, 0x36, 0x34, 0x26, 0x2B, 0x01, 0x11, 0x33, 0x02, 0x82, 0x9E, 0x9B, 0x72, 0x76, 0x76, 0x70, 
0x01, 0x3B, 0xC9, 0x50, 0x62, 0x62, 0x6E, 0x7F, 0x01, 0x71, 0x85, 0x77, 0x75, 0x02, 0xBB, 0x58, 
0xFE, 0x7D, 0x4D, 0x8E, 0x3D, 0xFE, 0xE8, 0x00, 0x00, 0x01, 0x00, 0x51, 0x00, 0x00, 0x02, 0x5D, 
0x02, 0xF5, 0x00, 0x29, 0x00, 0x00, 0x00, 0x36, 0x34, 0x26, 0x23, 0x22, 0x06, 0x15, 0x11, 0x23, 
0x11, 0x34, 0x3E, 0x03, 0x37, 0x36, 0x32, 0x16, 0x17, 0x16, 0x15, 0x14, 0x07, 0x1E, 0x01, 0x15, 
0x14, 0x06, 0x2B, 0x01, 0x35, 0x33, 0x32, 0x36, 0x34, 0x26, 0x23, 0x22, 0x07, 0x35, 0x01, 0x79, 
0x46, 0x35, 0x39, 0x4C, 0x3E, 0x76, 0x0D, 0x11, 0x18, 0x26, 0x17, 0x36, 0x90, 0x62, 0x18, 0x2D, 
0x68, 0x4A, 0x4A, 0x84, 0x7B, 0x29, 0x16, 0x4B, 0x51, 0x50, 0x43, 0x17, 0x0C, 0x01, 0xAA, 0x45, 
0x5B, 0x42, 0x5E, 0x5C, 0xFE, 0x2E, 0x01, 0xC8, 0x48, 0x3B, 0x34, 0x25, 0x28, 0x0C, 0x1D, 0x28, 
0x21, 0x3C, 0x46, 0x67, 0x41, 0x08, 0x68, 0x44, 0x5E, 0x70, 0x62, 0x31, 0x77, 0x39, 0x01, 0x5D, 
0x00, 0x03, 0x00, 0x29, 0xFF, 0xF8, 0x02, 0x00, 0x02, 0xE9, 0x00, 0x15, 0x00, 0x1E, 0x00, 0x22, 
0x00, 0x00, 0x21, 0x23, 0x35, 0x06, 0x23, 0x22, 0x26, 0x34, 0x36, 0x3B, 0x01, 0x35, 0x34, 0x23, 
0x22, 0x07, 0x27, 0x36, 0x33, 0x32, 0x16, 0x15, 0x07, 0x35, 0x23, 0x22, 0x15, 0x14, 0x16, 0x32, 
0x36, 0x03, 0x23, 0x27, 0x37, 0x02, 0x00, 0x66, 0x42, 0x6F, 0x53, 0x6D, 0x74, 0x63, 0x91, 0x76, 
0x4A, 0x50, 0x32, 0x61, 0x7B, 0x5E, 0x77, 0x70, 0x7E, 0x79, 0x3C, 0x6B, 0x50, 0x10, 0x66, 0x7A, 
0x76, 0x47, 0x4F, 0x5E, 0x9D, 0x4E, 0x14, 0x6A, 0x36, 0x46, 0x4D, 0x5F, 0x66, 0x91, 0x2D, 0x4C, 
0x27, 0x29, 0x3C, 0x01, 0xC5, 0x60, 0x31, 0x00, 0x00, 0x03, 0x00, 0x29, 0xFF, 0xF8, 0x02, 0x00, 
0x02, 0xE9, 0x00, 0x15, 0x00, 0x1E, 0x00, 0x22, 0x00, 0x00, 0x21, 0x23, 0x35, 0x06, 0x23, 0x22, 
0x26, 0x34, 0x36, 0x3B, 0x01, 0x35, 0x34, 0x23, 0x22, 0x07, 0x27, 0x36, 0x33, 0x32, 0x16, 0x15, 
0x07, 0x35, 0x23, 0x22, 0x15, 0x14, 0x16, 0x32, 0x36, 0x03, 0x23, 0x37, 0x17, 0x02, 0x00, 0x66, 
0x42, 0x6F, 0x53, 0x6D, 0x74, 0x63, 0x91, 0x76, 0x4A, 0x50, 0x32, 0x61, 0x7B, 0x5E, 0x77, 0x70, 
0x7E, 0x79, 0x3C, 0x6B, 0x50, 0x31, 0x66, 0x6A, 0x76, 0x47, 0x4F, 0x5E, 0x9D, 0x4E, 0x14, 0x6A, 
0x36, 0x46, 0x4D, 0x5F, 0x66, 0x91, 0x2D, 0x4C, 0x27, 0x29, 0x3C, 0x01, 0xC5, 0x91, 0x31, 0x00, 
0x00, 0x03, 0x00, 0x29, 0xFF, 0xF8, 0x02, 0x00, 0x02, 0xDE, 0x00, 0x15, 0x00, 0x1E, 0x00, 0x25, 
0x00, 0x00, 0x21, 0x23, 0x35, 0x06, 0x23, 0x22, 0x26, 0x34, 0x36, 0x3B, 0x01, 0x35, 0x34, 0x23, 
0x22, 0x07, 0x27, 0x36, 0x33, 0x32, 0x16, 0x15, 0x07, 0x35, 0x23, 0x22, 0x15, 0x14, 0x16, 0x32, 
0x36, 0x03, 0x33, 0x17, 0x23, 0x27, 0x07, 0x23, 0x02, 0x00, 0x66, 0x42, 0x6F, 0x53, 0x6D, 0x74, 
0x63, 0x91, 0x76, 0x4A, 0x50, 0x32, 0x61, 0x7B, 0x5E, 0x77, 0x70, 0x7E, 0x79, 0x3C, 0x6B, 0x50, 
0xA1, 0x68, 0x7A, 0x61, 0x4D, 0x4D, 0x61, 0x47, 0x4F, 0x5E, 0x9D, 0x4E, 0x14, 0x6A, 0x36, 0x46, 
0x4D, 0x5F, 0x66, 0x91, 0x2D, 0x4C, 0x27, 0x29, 0x3C, 0x02, 0x4B, 0x86, 0x38, 0x38, 0x00, 0x00, 
0x00, 0x03, 0x00, 0x29, 0xFF, 0xF8, 0x02, 0x00, 0x02, 0xDA, 0x00, 0x15, 0x00, 0x1E, 0x00, 0x2F, 
0x00, 0x00, 0x21, 0x23, 0x35, 0x06, 0x23, 0x22, 0x26, 0x34, 0x36, 0x3B, 0x01, 0x35, 0x34, 0x23, 
0x22, 0x07, 0x27, 0x36, 0x33, 0x32, 0x16, 0x15, 0x07, 0x35, 0x23, 0x22, 0x15, 0x14, 0x16, 0x32, 
0x36, 0x03, 0x22, 0x26, 0x23, 0x22, 0x07, 0x23, 0x34, 0x36, 0x33, 0x32, 0x16, 0x33, 0x32, 0x35, 
0x33, 0x06, 0x02, 0x00, 0x66, 0x42, 0x6F, 0x53, 0x6D, 0x74, 0x63, 0x91, 0x76, 0x4A, 0x50, 0x32, 
0x61, 0x7B, 0x5E, 0x77, 0x70, 0x7E, 0x79, 0x3C, 0x6B, 0x50, 0x23, 0x1A, 0x5D, 0x0D, 0x21, 0x01, 
0x4A, 0x2F, 0x2A, 0x1B, 0x60, 0x0F, 0x1E, 0x4B, 0x03, 0x47, 0x4F, 0x5E, 0x9D, 0x4E, 0x14, 0x6A, 
0x36, 0x46, 0x4D, 0x5F, 0x66, 0x91, 0x2D, 0x4C, 0x27, 0x29, 0x3C, 0x01, 0xC2, 0x2F, 0x2C, 0x3A, 
0x48, 0x2F, 0x2C, 0x82, 0x00, 0x04, 0x00, 0x29, 0xFF, 0xF8, 0x02, 0x00, 0x02, 0xD3, 0x00, 0x15, 
0x00, 0x1E, 0x00, 0x26, 0x00, 0x2E, 0x00, 0x00, 0x21, 0x23, 0x35, 0x06, 0x23, 0x22, 0x26, 0x34, 
0x36, 0x3B, 0x01, 0x35, 0x34, 0x23, 0x22, 0x07, 0x27, 0x36, 0x33, 0x32, 0x16, 0x15, 0x07, 0x35, 
0x23, 0x22, 0x15, 0x14, 0x16, 0x32, 0x36, 0x00, 0x34, 0x36, 0x32, 0x16, 0x14, 0x06, 0x22, 0x32, 
0x26, 0x34, 0x36, 0x32, 0x16, 0x14, 0x06, 0x02, 0x00, 0x66, 0x42, 0x6F, 0x53, 0x6D, 0x74, 0x63, 
0x91, 0x76, 0x4A, 0x50, 0x32, 0x61, 0x7B, 0x5E, 0x77, 0x70, 0x7E, 0x79, 0x3C, 0x6B, 0x50, 0xFE, 
0xFB, 0x23, 0x34, 0x24, 0x24, 0x34, 0xBA, 0x24, 0x24, 0x33, 0x24, 0x25, 0x47, 0x4F, 0x5E, 0x9D, 
0x4E, 0x14, 0x6A, 0x36, 0x46, 0x4D, 0x5F, 0x66, 0x91, 0x2D, 0x4C, 0x27, 0x29, 0x3C, 0x01, 0xE9, 
0x34, 0x23, 0x23, 0x34, 0x24, 0x24, 0x33, 0x24, 0x23, 0x34, 0x24, 0x00, 0x00, 0x04, 0x00, 0x29, 
0xFF, 0xF8, 0x02, 0x00, 0x03, 0x18, 0x00, 0x15, 0x00, 0x1D, 0x00, 0x26, 0x00, 0x2E, 0x00, 0x00, 
0x21, 0x23, 0x35, 0x06, 0x23, 0x22, 0x26, 0x34, 0x36, 0x3B, 0x01, 0x35, 0x34, 0x23, 0x22, 0x07, 
0x27, 0x36, 0x33, 0x32, 0x16, 0x15, 0x02, 0x14, 0x06, 0x22, 0x26, 0x34, 0x36, 0x32, 0x13, 0x35, 
0x23, 0x22, 0x15, 0x14, 0x16, 0x32, 0x36, 0x02, 0x36, 0x34, 0x26, 0x22, 0x06, 0x14, 0x16, 0x02, 
0x00, 0x66, 0x42, 0x6F, 0x53, 0x6D, 0x74, 0x63, 0x91, 0x76, 0x4A, 0x50, 0x32, 0x61, 0x7B, 0x5E, 
0x77, 0x6D, 0x42, 0x56, 0x41, 0x41, 0x56, 0x3F, 0x7E, 0x79, 0x3C, 0x6B, 0x50, 0x51, 0x1E, 0x1E, 
0x31, 0x1F, 0x1F, 0x47, 0x4F, 0x5E, 0x9D, 0x4E, 0x14, 0x6A, 0x36, 0x46, 0x4D, 0x5F, 0x66, 0x01, 
0x82, 0x54, 0x3E, 0x3E, 0x54, 0x3F, 0xFD, 0xAE, 0x2D, 0x4C, 0x27, 0x29, 0x3C, 0x01, 0xE5, 0x1F, 
0x31, 0x1F, 0x1F, 0x31, 0x1F, 0x00, 0x00, 0x00, 0x00, 0x03, 0x00, 0x29, 0xFF, 0xF8, 0x03, 0x8E, 
0x02, 0x1C, 0x00, 0x1F, 0x00, 0x2A, 0x00, 0x30, 0x00, 0x00, 0x25, 0x21, 0x1E, 0x01, 0x33, 0x32, 
0x37, 0x17, 0x06, 0x20, 0x27, 0x06, 0x23, 0x22, 0x26, 0x34, 0x36, 0x3B, 0x01, 0x35, 0x34, 0x23, 
0x22, 0x07, 0x27, 0x36, 0x32, 0x17, 0x36, 0x32, 0x16, 0x15, 0x05, 0x35, 0x23, 0x22, 0x07, 0x06, 
0x15, 0x14, 0x16, 0x32, 0x36, 0x24, 0x26, 0x22, 0x06, 0x07, 0x05, 0x03, 0x8E, 0xFE, 0x73, 0x01, 
0x5B, 0x3F, 0x5A, 0x34, 0x40, 0x56, 0xFE, 0xFD, 0x49, 0x50, 0x85, 0x54, 0x76, 0x73, 0x64, 0x91, 
0x76, 0x4A, 0x50, 0x32, 0x61, 0xF6, 0x36, 0x48, 0xDB, 0x8F, 0xFE, 0x02, 0x7E, 0x5D, 0x13, 0x09, 
0x3C, 0x6B, 0x50, 0x01, 0x8A, 0x4A, 0x72, 0x57, 0x05, 0x01, 0x1C, 0xE6, 0x40, 0x4E, 0x3F, 0x46, 
0x59, 0x60, 0x60, 0x5F, 0x9C, 0x4A, 0x18, 0x6A, 0x36, 0x46, 0x4D, 0x4A, 0x4A, 0x83, 0x73, 0x60, 
0x20, 0x1C, 0x0E, 0x15, 0x27, 0x29, 0x3C, 0xE8, 0x41, 0x44, 0x3B, 0x01, 0x00, 0x01, 0x00, 0x2F, 
0xFF, 0x2C, 0x02, 0x1E, 0x02, 0x1C, 0x00, 0x20, 0x00, 0x00, 0x05, 0x14, 0x06, 0x22, 0x27, 0x37, 
0x16, 0x32, 0x36, 0x34, 0x26, 0x22, 0x07, 0x37, 0x2E, 0x01, 0x34, 0x36, 0x32, 0x17, 0x07, 0x26, 
0x22, 0x06, 0x14, 0x16, 0x32, 0x37, 0x17, 0x06, 0x0F, 0x01, 0x16, 0x01, 0x99, 0x3E, 0x5F, 0x24, 
0x1A, 0x13, 0x27, 0x16, 0x17, 0x23, 0x0C, 0x21, 0x65, 0x89, 0xA7, 0xF0, 0x53, 0x42, 0x45, 0x8C, 
0x67, 0x65, 0x96, 0x42, 0x42, 0x52, 0x68, 0x11, 0x46, 0x75, 0x26, 0x39, 0x16, 0x39, 0x0A, 0x17, 
0x20, 0x19, 0x05, 0x3E, 0x0C, 0x93, 0xEA, 0x99, 0x53, 0x51, 0x3C, 0x5D, 0x93, 0x66, 0x44, 0x48, 
0x52, 0x0D, 0x21, 0x09, 0x00, 0x03, 0x00, 0x2F, 0xFF, 0xF8, 0x02, 0x40, 0x02, 0xE9, 0x00, 0x03, 
0x00, 0x14, 0x00, 0x1A, 0x00, 0x00, 0x01, 0x23, 0x27, 0x37, 0x01, 0x21, 0x1E, 0x01, 0x33, 0x32, 
0x37, 0x17, 0x06, 0x23, 0x22, 0x26, 0x34, 0x36, 0x32, 0x16, 0x15, 0x25, 0x21, 0x34, 0x26, 0x22, 
0x06, 0x01, 0x9C, 0x66, 0x7A, 0x76, 0x01, 0x0E, 0xFE, 0x5F, 0x04, 0x62, 0x3F, 0x64, 0x34, 0x40, 
0x56, 0x8A, 0x70, 0x9D, 0xA0, 0xD9, 0x98, 0xFE, 0x5F, 0x01, 0x31, 0x54, 0x7B, 0x62, 0x02, 0x58, 
0x60, 0x31, 0xFD, 0xF0, 0x3A, 0x47, 0x3F, 0x46, 0x59, 0x95, 0xFB, 0x94, 0x83, 0x73, 0x0B, 0x43, 
0x48, 0x4B, 0x00, 0x00, 0x00, 0x03, 0x00, 0x2F, 0xFF, 0xF8, 0x02, 0x40, 0x02, 0xEB, 0x00, 0x10, 
0x00, 0x16, 0x00, 0x1A, 0x00, 0x00, 0x25, 0x21, 0x1E, 0x01, 0x33, 0x32, 0x37, 0x17, 0x06, 0x23, 
0x22, 0x26, 0x34, 0x36, 0x32, 0x16, 0x15, 0x25, 0x21, 0x34, 0x26, 0x22, 0x06, 0x37, 0x23, 0x37, 
0x17, 0x02, 0x40, 0xFE, 0x5F, 0x04, 0x62, 0x3F, 0x64, 0x34, 0x40, 0x56, 0x8A, 0x70, 0x9D, 0xA0, 
0xD9, 0x98, 0xFE, 0x5F, 0x01, 0x31, 0x54, 0x7B, 0x62, 0xD9, 0x66, 0x6A, 0x76, 0xD9, 0x3A, 0x47, 
0x3F, 0x46, 0x59, 0x95, 0xFB, 0x94, 0x83, 0x73, 0x0B, 0x43, 0x48, 0x4B, 0xE9, 0x91, 0x31, 0x00, 
0x00, 0x03, 0x00, 0x2F, 0xFF, 0xF8, 0x02, 0x40, 0x02, 0xDE, 0x00, 0x10, 0x00, 0x16, 0x00, 0x1D, 
0x00, 0x00, 0x25, 0x21, 0x1E, 0x01, 0x33, 0x32, 0x37, 0x17, 0x06, 0x23, 0x22, 0x26, 0x34, 0x36, 
0x32, 0x16, 0x15, 0x25, 0x21, 0x34, 0x26, 0x22, 0x06, 0x13, 0x33, 0x17, 0x23, 0x27, 0x07, 0x23, 
0x02, 0x40, 0xFE, 0x5F, 0x04, 0x62, 0x3F, 0x64, 0x34, 0x40, 0x56, 0x8A, 0x70, 0x9D, 0xA0, 0xD9, 
0x98, 0xFE, 0x5F, 0x01, 0x31, 0x54, 0x7B, 0x62, 0x6A, 0x68, 0x7A, 0x61, 0x4D, 0x4D, 0x61, 0xD9, 
0x3A, 0x47, 0x3F, 0x46, 0x59, 0x95, 0xFB, 0x94, 0x83, 0x73, 0x0B, 0x43, 0x48, 0x4B, 0x01, 0x6D, 
0x86, 0x38, 0x38, 0x00, 0x00, 0x04, 0x00, 0x2F, 0xFF, 0xF8, 0x02, 0x40, 0x02, 0xD3, 0x00, 0x07, 
0x00, 0x0F, 0x00, 0x20, 0x00, 0x26, 0x00, 0x00, 0x12, 0x34, 0x36, 0x32, 0x16, 0x14, 0x06, 0x22, 
0x32, 0x26, 0x34, 0x36, 0x32, 0x16, 0x14, 0x06, 0x13, 0x21, 0x1E, 0x01, 0x33, 0x32, 0x37, 0x17, 
0x06, 0x23, 0x22, 0x26, 0x34, 0x36, 0x32, 0x16, 0x15, 0x25, 0x21, 0x34, 0x26, 0x22, 0x06, 0xA2, 
0x24, 0x33, 0x24, 0x25, 0x33, 0xBA, 0x24, 0x24, 0x33, 0x24, 0x24, 0x8E, 0xFE, 0x5F, 0x04, 0x62, 
0x3F, 0x64, 0x34, 0x40, 0x56, 0x8A, 0x70, 0x9D, 0xA0, 0xD9, 0x98, 0xFE, 0x5F, 0x01, 0x31, 0x54, 
0x7B, 0x62, 0x02, 0x7C, 0x34, 0x23, 0x23, 0x34, 0x24, 0x24, 0x33, 0x24, 0x23, 0x34, 0x24, 0xFE, 
0x81, 0x3A, 0x47, 0x3F, 0x46, 0x59, 0x95, 0xFB, 0x94, 0x83, 0x73, 0x0B, 0x43, 0x48, 0x4B, 0x00, 
0x00, 0x02, 0xFF, 0xE8, 0x00, 0x00, 0x00, 0xC8, 0x02, 0xE9, 0x00, 0x03, 0x00, 0x07, 0x00, 0x00, 
0x13, 0x23, 0x27, 0x37, 0x07, 0x33, 0x11, 0x23, 0xC8, 0x66, 0x7A, 0x76, 0x0D, 0x70, 0x70, 0x02, 
0x58, 0x60, 0x31, 0xD5, 0xFD, 0xEC, 0x00, 0x00, 0x00, 0x02, 0x00, 0x51, 0x00, 0x00, 0x01, 0x38, 
0x02, 0xE4, 0x00, 0x03, 0x00, 0x07, 0x00, 0x00, 0x13, 0x23, 0x37, 0x17, 0x07, 0x33, 0x11, 0x23, 
0xBE, 0x5E, 0x6A, 0x6E, 0xE7, 0x70, 0x70, 0x02, 0x58, 0x8C, 0x31, 0x9F, 0xFD, 0xEC, 0x00, 0x00, 
0x00, 0x02, 0xFF, 0xE0, 0x00, 0x00, 0x01, 0x3C, 0x02, 0xDE, 0x00, 0x03, 0x00, 0x0A, 0x00, 0x00, 
0x13, 0x33, 0x11, 0x23, 0x13, 0x33, 0x17, 0x23, 0x27, 0x07, 0x23, 0x51, 0x70, 0x70, 0x09, 0x68, 
0x7A, 0x61, 0x4D, 0x4D, 0x61, 0x02, 0x14, 0xFD, 0xEC, 0x02, 0xDE, 0x86, 0x38, 0x38, 0x00, 0x00, 
0x00, 0x03, 0xFF, 0xF8, 0x00, 0x00, 0x01, 0x2C, 0x02, 0xD3, 0x00, 0x07, 0x00, 0x0F, 0x00, 0x13, 
0x00, 0x00, 0x02, 0x34, 0x36, 0x32, 0x16, 0x14, 0x06, 0x22, 0x32, 0x26, 0x34, 0x36, 0x32, 0x16, 
0x14, 0x06, 0x07, 0x33, 0x11, 0x23, 0x08, 0x24, 0x33, 0x24, 0x25, 0x33, 0xBA, 0x24, 0x24, 0x33, 
0x24, 0x24, 0xB7, 0x70, 0x70, 0x02, 0x7C, 0x34, 0x23, 0x23, 0x34, 0x24, 0x24, 0x33, 0x24, 0x23, 
0x34, 0x24, 0x44, 0xFD, 0xEC, 0x00, 0x00, 0x00, 0x00, 0x02, 0x00, 0x32, 0xFF, 0xF8, 0x02, 0x23, 
0x02, 0xF5, 0x00, 0x18, 0x00, 0x20, 0x00, 0x00, 0x01, 0x26, 0x27, 0x07, 0x27, 0x37, 0x26, 0x27, 
0x37, 0x16, 0x17, 0x37, 0x17, 0x07, 0x16, 0x15, 0x14, 0x06, 0x22, 0x26, 0x34, 0x36, 0x33, 0x32, 
0x17, 0x02, 0x16, 0x32, 0x36, 0x34, 0x26, 0x22, 0x06, 0x01, 0x8F, 0x26, 0x55, 0x5D, 0x39, 0x5E, 
0x02, 0x47, 0x5F, 0x24, 0x25, 0x55, 0x3B, 0x58, 0xB0, 0x82, 0xE0, 0x8F, 0x8C, 0x63, 0x47, 0x25, 
0xEE, 0x4D, 0x7D, 0x4D, 0x4D, 0x7D, 0x4D, 0x01, 0xB5, 0x3F, 0x55, 0x3B, 0x36, 0x3C, 0x03, 0x3B, 
0x37, 0x1C, 0x23, 0x36, 0x36, 0x39, 0xBF, 0xB3, 0x7B, 0x98, 0x86, 0xD3, 0x87, 0x25, 0xFE, 0xFA, 
0x53, 0x53, 0x75, 0x54, 0x54, 0x00, 0x00, 0x00, 0x00, 0x02, 0x00, 0x51, 0x00, 0x00, 0x02, 0x3B, 
0x02, 0xDA, 0x00, 0x12, 0x00, 0x23, 0x00, 0x00, 0x13, 0x11, 0x23, 0x11, 0x33, 0x15, 0x3E, 0x01, 
0x33, 0x32, 0x16, 0x15, 0x11, 0x23, 0x11, 0x34, 0x23, 0x22, 0x06, 0x37, 0x22, 0x26, 0x23, 0x22, 
0x07, 0x23, 0x34, 0x36, 0x33, 0x32, 0x16, 0x33, 0x32, 0x35, 0x33, 0x06, 0xC1, 0x70, 0x70, 0x1B, 
0x5F, 0x37, 0x5A, 0x6F, 0x70, 0x7A, 0x3A, 0x56, 0xD4, 0x1A, 0x5D, 0x0D, 0x21, 0x01, 0x4A, 0x2F, 
0x2A, 0x1B, 0x60, 0x0F, 0x1E, 0x4B, 0x03, 0x01, 0x20, 0xFE, 0xE0, 0x02, 0x14, 0x61, 0x31, 0x38, 
0x6E, 0x68, 0xFE, 0xBA, 0x01, 0x24, 0x93, 0x4D, 0xEB, 0x2F, 0x2C, 0x3A, 0x48, 0x2F, 0x2C, 0x82, 
0x00, 0x03, 0x00, 0x2E, 0xFF, 0xF8, 0x02, 0x5E, 0x02, 0xE9, 0x00, 0x03, 0x00, 0x0B, 0x00, 0x13, 
0x00, 0x00, 0x01, 0x23, 0x27, 0x37, 0x02, 0x32, 0x36, 0x34, 0x26, 0x22, 0x06, 0x14, 0x04, 0x22, 
0x26, 0x34, 0x36, 0x32, 0x16, 0x14, 0x01, 0x8B, 0x66, 0x7A, 0x76, 0x24, 0x92, 0x5F, 0x5F, 0x92, 
0x5F, 0x01, 0x20, 0xF0, 0xA0, 0xA0, 0xF0, 0xA0, 0x02, 0x58, 0x60, 0x31, 0xFD, 0x73, 0x61, 0x9A, 
0x61, 0x61, 0x9A, 0xC5, 0x9F, 0xE6, 0x9F, 0x9F, 0xE6, 0x00, 0x00, 0x00, 0x00, 0x03, 0x00, 0x2E, 
0xFF, 0xF8, 0x02, 0x5E, 0x02, 0xE9, 0x00, 0x07, 0x00, 0x0F, 0x00, 0x13, 0x00, 0x00, 0x36, 0x32, 
0x36, 0x34, 0x26, 0x22, 0x06, 0x14, 0x04, 0x22, 0x26, 0x34, 0x36, 0x32, 0x16, 0x14, 0x03, 0x23, 
0x37, 0x17, 0xFD, 0x92, 0x5F, 0x5F, 0x92, 0x5F, 0x01, 0x20, 0xF0, 0xA0, 0xA0, 0xF0, 0xA0, 0xE5, 
0x66, 0x6A, 0x76, 0x5C, 0x61, 0x9A, 0x61, 0x61, 0x9A, 0xC5, 0x9F, 0xE6, 0x9F, 0x9F, 0xE6, 0x01, 
0xC1, 0x91, 0x31, 0x00, 0x00, 0x03, 0x00, 0x2E, 0xFF, 0xF8, 0x02, 0x5E, 0x02, 0xDE, 0x00, 0x07, 
0x00, 0x0F, 0x00, 0x16, 0x00, 0x00, 0x36, 0x32, 0x36, 0x34, 0x26, 0x22, 0x06, 0x14, 0x04, 0x22, 
0x26, 0x34, 0x36, 0x32, 0x16, 0x14, 0x01, 0x33, 0x17, 0x23, 0x27, 0x07, 0x23, 0xFD, 0x92, 0x5F, 
0x5F, 0x92, 0x5F, 0x01, 0x20, 0xF0, 0xA0, 0xA0, 0xF0, 0xA0, 0xFE, 0xB5, 0x68, 0x7A, 0x61, 0x4D, 
0x4D, 0x61, 0x5C, 0x61, 0x9A, 0x61, 0x61, 0x9A, 0xC5, 0x9F, 0xE6, 0x9F, 0x9F, 0xE6, 0x02, 0x47, 
0x86, 0x38, 0x38, 0x00, 0x00, 0x03, 0x00, 0x2E, 0xFF, 0xF8, 0x02, 0x5E, 0x02, 0xDA, 0x00, 0x07, 
0x00, 0x0F, 0x00, 0x20, 0x00, 0x00, 0x36, 0x32, 0x36, 0x34, 0x26, 0x22, 0x06, 0x14, 0x04, 0x22, 
0x26, 0x34, 0x36, 0x32, 0x16, 0x14, 0x03, 0x22, 0x26, 0x23, 0x22, 0x07, 0x23, 0x34, 0x36, 0x33, 
0x32, 0x16, 0x33, 0x32, 0x35, 0x33, 0x06, 0xFD, 0x92, 0x5F, 0x5F, 0x92, 0x5F, 0x01, 0x20, 0xF0, 
0xA0, 0xA0, 0xF0, 0xA0, 0xCE, 0x1A, 0x5D, 0x0D, 0x21, 0x01, 0x4A, 0x2F, 0x2A, 0x1B, 0x60, 0x0F, 
0x1E, 0x4B, 0x03, 0x5C, 0x61, 0x9A, 0x61, 0x61, 0x9A, 0xC5, 0x9F, 0xE6, 0x9F, 0x9F, 0xE6, 0x01, 
0xBE, 0x2F, 0x2C, 0x3A, 0x48, 0x2F, 0x2C, 0x82, 0x00, 0x04, 0x00, 0x2E, 0xFF, 0xF8, 0x02, 0x5E, 
0x02, 0xD3, 0x00, 0x07, 0x00, 0x0F, 0x00, 0x17, 0x00, 0x1F, 0x00, 0x00, 0x12, 0x34, 0x36, 0x32, 
0x16, 0x14, 0x06, 0x22, 0x32, 0x26, 0x34, 0x36, 0x32, 0x16, 0x14, 0x06, 0x02, 0x32, 0x36, 0x34, 
0x26, 0x22, 0x06, 0x14, 0x04, 0x22, 0x26, 0x34, 0x36, 0x32, 0x16, 0x14, 0xA8, 0x24, 0x33, 0x24, 
0x25, 0x33, 0xBA, 0x24, 0x24, 0x33, 0x24, 0x24, 0xBB, 0x92, 0x5F, 0x5F, 0x92, 0x5F, 0x01, 0x20, 
0xF0, 0xA0, 0xA0, 0xF0, 0xA0, 0x02, 0x7C, 0x34, 0x23, 0x23, 0x34, 0x24, 0x24, 0x33, 0x24, 0x23, 
0x34, 0x24, 0xFE, 0x04, 0x61, 0x9A, 0x61, 0x61, 0x9A, 0xC5, 0x9F, 0xE6, 0x9F, 0x9F, 0xE6, 0x00, 
0x00, 0x03, 0x00, 0x30, 0x00, 0x88, 0x02, 0x08, 0x02, 0x80, 0x00, 0x07, 0x00, 0x0F, 0x00, 0x13, 
0x00, 0x00, 0x36, 0x34, 0x36, 0x32, 0x16, 0x14, 0x06, 0x22, 0x02, 0x34, 0x36, 0x32, 0x16, 0x14, 
0x06, 0x22, 0x07, 0x21, 0x15, 0x21, 0xD2, 0x2B, 0x3E, 0x2C, 0x2C, 0x3E, 0x2B, 0x2B, 0x3E, 0x2C, 
0x2C, 0x3E, 0xCD, 0x01, 0xD8, 0xFE, 0x28, 0xB4, 0x3E, 0x2B, 0x2B, 0x3E, 0x2C, 0x01, 0x8F, 0x3E, 
0x2B, 0x2B, 0x3E, 0x2C, 0x39, 0x5E, 0x00, 0x00, 0x00, 0x03, 0x00, 0x2E, 0xFF, 0x97, 0x02, 0x5E, 
0x02, 0x6E, 0x00, 0x15, 0x00, 0x1C, 0x00, 0x23, 0x00, 0x00, 0x05, 0x22, 0x27, 0x07, 0x23, 0x37, 
0x2E, 0x01, 0x35, 0x34, 0x36, 0x33, 0x32, 0x17, 0x37, 0x33, 0x07, 0x1E, 0x01, 0x15, 0x14, 0x06, 
0x02, 0x06, 0x14, 0x17, 0x13, 0x26, 0x23, 0x11, 0x32, 0x36, 0x34, 0x27, 0x03, 0x16, 0x01, 0x46, 
0x1C, 0x25, 0x30, 0x64, 0x40, 0x3D, 0x46, 0xA0, 0x78, 0x2C, 0x27, 0x2C, 0x64, 0x3E, 0x36, 0x3D, 
0xA0, 0xC1, 0x5F, 0x3F, 0x91, 0x11, 0x17, 0x49, 0x5F, 0x31, 0x8C, 0x07, 0x08, 0x07, 0x68, 0x89, 
0x24, 0x7C, 0x4A, 0x73, 0x9F, 0x0C, 0x5E, 0x84, 0x26, 0x75, 0x45, 0x73, 0x9F, 0x01, 0xC0, 0x61, 
0xA7, 0x32, 0x01, 0x36, 0x04, 0xFE, 0xA4, 0x61, 0x9C, 0x2F, 0xFE, 0xD5, 0x01, 0x00, 0x00, 0x00, 
0x00, 0x02, 0x00, 0x4B, 0xFF, 0xF8, 0x02, 0x35, 0x02, 0xE9, 0x00, 0x03, 0x00, 0x16, 0x00, 0x00, 
0x01, 0x23, 0x27, 0x37, 0x13, 0x11, 0x33, 0x11, 0x23, 0x35, 0x0E, 0x01, 0x23, 0x22, 0x26, 0x35, 
0x11, 0x33, 0x11, 0x14, 0x33, 0x32, 0x36, 0x01, 0x89, 0x66, 0x7A, 0x76, 0xA6, 0x70, 0x70, 0x1B, 
0x5F, 0x37, 0x5A, 0x6F, 0x70, 0x7A, 0x3A, 0x56, 0x02, 0x58, 0x60, 0x31, 0xFE, 0x0B, 0x01, 0x20, 
0xFD, 0xEC, 0x61, 0x31, 0x38, 0x6E, 0x68, 0x01, 0x46, 0xFE, 0xDC, 0x93, 0x4D, 0x00, 0x00, 0x00, 
0x00, 0x02, 0x00, 0x4B, 0xFF, 0xF8, 0x02, 0x35, 0x02, 0xEB, 0x00, 0x12, 0x00, 0x16, 0x00, 0x00, 
0x25, 0x11, 0x33, 0x11, 0x23, 0x35, 0x0E, 0x01, 0x23, 0x22, 0x26, 0x35, 0x11, 0x33, 0x11, 0x14, 
0x33, 0x32, 0x36, 0x03, 0x23, 0x37, 0x17, 0x01, 0xC5, 0x70, 0x70, 0x1B, 0x5F, 0x37, 0x5A, 0x6F, 
0x70, 0x7A, 0x3A, 0x56, 0x67, 0x66, 0x6A, 0x76, 0xF4, 0x01, 0x20, 0xFD, 0xEC, 0x61, 0x31, 0x38, 
0x6E, 0x68, 0x01, 0x46, 0xFE, 0xDC, 0x93, 0x4D, 0x01, 0xB0, 0x91, 0x31, 0x00, 0x02, 0x00, 0x4B, 
0xFF, 0xF8, 0x02, 0x35, 0x02, 0xDE, 0x00, 0x12, 0x00, 0x19, 0x00, 0x00, 0x25, 0x11, 0x33, 0x11, 
0x23, 0x35, 0x0E, 0x01, 0x23, 0x22, 0x26, 0x35, 0x11, 0x33, 0x11, 0x14, 0x33, 0x32, 0x36, 0x03, 
0x33, 0x17, 0x23, 0x27, 0x07, 0x23, 0x01, 0xC5, 0x70, 0x70, 0x1B, 0x5F, 0x37, 0x5A, 0x6F, 0x70, 
0x7A, 0x3A, 0x56, 0xB7, 0x68, 0x7A, 0x61, 0x4D, 0x4D, 0x61, 0xF4, 0x01, 0x20, 0xFD, 0xEC, 0x61, 
0x31, 0x38, 0x6E, 0x68, 0x01, 0x46, 0xFE, 0xDC, 0x93, 0x4D, 0x02, 0x34, 0x86, 0x38, 0x38, 0x00, 
0x00, 0x03, 0x00, 0x4B, 0xFF, 0xF8, 0x02, 0x35, 0x02, 0xD3, 0x00, 0x07, 0x00, 0x0F, 0x00, 0x22, 
0x00, 0x00, 0x12, 0x34, 0x36, 0x32, 0x16, 0x14, 0x06, 0x22, 0x32, 0x26, 0x34, 0x36, 0x32, 0x16, 
0x14, 0x06, 0x13, 0x11, 0x33, 0x11, 0x23, 0x35, 0x0E, 0x01, 0x23, 0x22, 0x26, 0x35, 0x11, 0x33, 
0x11, 0x14, 0x33, 0x32, 0x36, 0xA2, 0x24, 0x33, 0x24, 0x25, 0x33, 0xBA, 0x24, 0x24, 0x33, 0x24, 
0x24, 0x13, 0x70, 0x70, 0x1B, 0x5F, 0x37, 0x5A, 0x6F, 0x70, 0x7A, 0x3A, 0x56, 0x02, 0x7C, 0x34, 
0x23, 0x23, 0x34, 0x24, 0x24, 0x33, 0x24, 0x23, 0x34, 0x24, 0xFE, 0x9C, 0x01, 0x20, 0xFD, 0xEC, 
0x61, 0x31, 0x38, 0x6E, 0x68, 0x01, 0x46, 0xFE, 0xDC, 0x93, 0x4D, 0x00, 0x00, 0x02, 0x00, 0x09, 
0xFF, 0x2C, 0x02, 0x37, 0x03, 0x05, 0x00, 0x10, 0x00, 0x14, 0x00, 0x00, 0x17, 0x22, 0x27, 0x37, 
0x16, 0x32, 0x36, 0x35, 0x34, 0x03, 0x33, 0x1B, 0x01, 0x33, 0x01, 0x0E, 0x01, 0x13, 0x23, 0x37, 
0x17, 0x94, 0x49, 0x3B, 0x33, 0x23, 0x4B, 0x2F, 0xD7, 0x78, 0x9F, 0x9F, 0x78, 0xFE, 0xFE, 0x17, 
0x56, 0x84, 0x66, 0x6A, 0x76, 0xD4, 0x35, 0x5B, 0x21, 0x36, 0x20, 0x0E, 0x02, 0x15, 0xFE, 0x78, 
0x01, 0x88, 0xFD, 0x88, 0x34, 0x3C, 0x03, 0x48, 0x91, 0x31, 0x00, 0x00, 0x00, 0x02, 0x00, 0x51, 
0xFF, 0x3E, 0x02, 0x71, 0x02, 0xE6, 0x00, 0x14, 0x00, 0x1C, 0x00, 0x00, 0x00, 0x16, 0x14, 0x06, 
0x23, 0x22, 0x27, 0x26, 0x2F, 0x01, 0x11, 0x23, 0x11, 0x33, 0x11, 0x3E, 0x02, 0x37, 0x36, 0x33, 
0x12, 0x36, 0x34, 0x26, 0x22, 0x06, 0x14, 0x16, 0x01, 0xE1, 0x90, 0x8F, 0x77, 0x52, 0x3D, 0x0E, 
0x06, 0x07, 0x70, 0x70, 0x03, 0x09, 0x22, 0x13, 0x32, 0x39, 0x2F, 0x5D, 0x5C, 0x88, 0x56, 0x56, 
0x02, 0x1C, 0x9C, 0xEF, 0x99, 0x34, 0x0C, 0x08, 0x09, 0xFE, 0xF5, 0x03, 0xA8, 0xFE, 0xE5, 0x03, 
0x0B, 0x1C, 0x0B, 0x1C, 0xFE, 0x3F, 0x69, 0x8D, 0x69, 0x68, 0x90, 0x67, 0x00, 0x03, 0x00, 0x09, 
0xFF, 0x2C, 0x02, 0x37, 0x02, 0xD3, 0x00, 0x07, 0x00, 0x0F, 0x00, 0x20, 0x00, 0x00, 0x12, 0x34, 
0x36, 0x32, 0x16, 0x14, 0x06, 0x22, 0x32, 0x26, 0x34, 0x36, 0x32, 0x16, 0x14, 0x06, 0x01, 0x22, 
0x27, 0x37, 0x16, 0x32, 0x36, 0x35, 0x34, 0x03, 0x33, 0x1B, 0x01, 0x33, 0x01, 0x0E, 0x01, 0x8A, 
0x24, 0x33, 0x24, 0x25, 0x33, 0xBA, 0x24, 0x24, 0x33, 0x24, 0x24, 0xFE, 0xFA, 0x49, 0x3B, 0x33, 
0x23, 0x4B, 0x2F, 0xD7, 0x78, 0x9F, 0x9F, 0x78, 0xFE, 0xFE, 0x17, 0x56, 0x02, 0x7C, 0x34, 0x23, 
0x23, 0x34, 0x24, 0x24, 0x33, 0x24, 0x23, 0x34, 0x24, 0xFC, 0xD4, 0x35, 0x5B, 0x21, 0x36, 0x20, 
0x0E, 0x02, 0x15, 0xFE, 0x78, 0x01, 0x88, 0xFD, 0x88, 0x34, 0x3C, 0x00, 0x00, 0x01, 0x00, 0x2C, 
0x00, 0x00, 0x02, 0x3B, 0x02, 0xE5, 0x00, 0x1A, 0x00, 0x00, 0x01, 0x15, 0x23, 0x15, 0x3E, 0x01, 
0x33, 0x32, 0x16, 0x15, 0x11, 0x23, 0x11, 0x34, 0x23, 0x22, 0x06, 0x15, 0x11, 0x23, 0x11, 0x23, 
0x35, 0x33, 0x35, 0x33, 0x15, 0x01, 0x5F, 0x9E, 0x18, 0x61, 0x38, 0x5A, 0x6F, 0x70, 0x7A, 0x3A, 
0x56, 0x70, 0x25, 0x25, 0x70, 0x02, 0x95, 0x57, 0x8B, 0x31, 0x38, 0x6E, 0x68, 0xFE, 0xBA, 0x01, 
0x24, 0x93, 0x4D, 0x4A, 0xFE, 0xE0, 0x02, 0x3E, 0x57, 0x50, 0x50, 0x00, 0x00, 0x02, 0xFF, 0xF4, 
0x00, 0x00, 0x01, 0x40, 0x03, 0x77, 0x00, 0x03, 0x00, 0x14, 0x00, 0x00, 0x13, 0x33, 0x11, 0x23, 
0x13, 0x22, 0x26, 0x23, 0x22, 0x07, 0x23, 0x34, 0x36, 0x33, 0x32, 0x16, 0x33, 0x32, 0x35, 0x33, 
0x06, 0x61, 0x76, 0x76, 0x83, 0x1A, 0x5D, 0x0D, 0x21, 0x01, 0x4A, 0x2F, 0x2A, 0x1B, 0x60, 0x0F, 
0x1E, 0x4B, 0x03, 0x02, 0xBB, 0xFD, 0x45, 0x02, 0xF2, 0x2F, 0x2C, 0x3A, 0x48, 0x2F, 0x2C, 0x82, 
0x00, 0x02, 0xFF, 0xEC, 0x00, 0x00, 0x01, 0x38, 0x02, 0xDA, 0x00, 0x03, 0x00, 0x14, 0x00, 0x00, 
0x13, 0x33, 0x11, 0x23, 0x13, 0x22, 0x26, 0x23, 0x22, 0x07, 0x23, 0x34, 0x36, 0x33, 0x32, 0x16, 
0x33, 0x32, 0x35, 0x33, 0x06, 0x51, 0x70, 0x70, 0x8B, 0x1A, 0x5D, 0x0D, 0x21, 0x01, 0x4A, 0x2F, 
0x2A, 0x1B, 0x60, 0x0F, 0x1E, 0x4B, 0x03, 0x02, 0x14, 0xFD, 0xEC, 0x02, 0x55, 0x2F, 0x2C, 0x3A, 
0x48, 0x2F, 0x2C, 0x82, 0x00, 0x01, 0x00, 0x51, 0x00, 0x00, 0x00, 0xC1, 0x02, 0x14, 0x00, 0x03, 
0x00, 0x00, 0x13, 0x33, 0x11, 0x23, 0x51, 0x70, 0x70, 0x02, 0x14, 0xFD, 0xEC, 0x00, 0x00, 0x00, 
0x00, 0x04, 0x00, 0x43, 0xFF, 0x2C, 0x02, 0x18, 0x02, 0xF7, 0x00, 0x03, 0x00, 0x0B, 0x00, 0x17, 
0x00, 0x1F, 0x00, 0x00, 0x33, 0x23, 0x11, 0x33, 0x26, 0x34, 0x36, 0x32, 0x16, 0x14, 0x06, 0x22, 
0x01, 0x11, 0x33, 0x11, 0x14, 0x06, 0x22, 0x27, 0x37, 0x16, 0x32, 0x36, 0x02, 0x34, 0x36, 0x32, 
0x16, 0x14, 0x06, 0x22, 0xC1, 0x70, 0x70, 0x7E, 0x2A, 0x3A, 0x2A, 0x2A, 0x3A, 0x01, 0x2D, 0x70, 
0x65, 0x8F, 0x3B, 0x34, 0x22, 0x45, 0x24, 0x10, 0x2A, 0x3A, 0x2A, 0x2A, 0x3A, 0x02, 0x14, 0x7F, 
0x3A, 0x2A, 0x2A, 0x3A, 0x2A, 0xFD, 0x7E, 0x02, 0x2D, 0xFD, 0xCF, 0x54, 0x63, 0x35, 0x54, 0x21, 
0x2C, 0x02, 0xD3, 0x3A, 0x2A, 0x2A, 0x3A, 0x2A, 0x00, 0x02, 0x00, 0x1F, 0xFF, 0xFA, 0x01, 0xD2, 
0x03, 0x7B, 0x00, 0x0F, 0x00, 0x16, 0x00, 0x00, 0x13, 0x35, 0x21, 0x11, 0x14, 0x06, 0x23, 0x22, 
0x27, 0x37, 0x16, 0x33, 0x32, 0x36, 0x35, 0x11, 0x03, 0x33, 0x17, 0x23, 0x27, 0x07, 0x23, 0x78, 
0x01, 0x54, 0x7C, 0x61, 0x7A, 0x56, 0x43, 0x44, 0x41, 0x2E, 0x41, 0x66, 0x68, 0x7A, 0x61, 0x4D, 
0x4D, 0x61, 0x02, 0x51, 0x6A, 0xFE, 0x33, 0x7A, 0x7A, 0x56, 0x5D, 0x41, 0x3E, 0x3E, 0x01, 0x69, 
0x01, 0x2A, 0x86, 0x38, 0x38, 0x00, 0x00, 0x00, 0x00, 0x02, 0xFF, 0x92, 0xFF, 0x2C, 0x01, 0x3A, 
0x02, 0xDE, 0x00, 0x0B, 0x00, 0x12, 0x00, 0x00, 0x17, 0x11, 0x33, 0x11, 0x14, 0x06, 0x22, 0x27, 
0x37, 0x16, 0x32, 0x36, 0x13, 0x33, 0x17, 0x23, 0x27, 0x07, 0x23, 0x51, 0x70, 0x65, 0x8F, 0x3B, 
0x34, 0x22, 0x45, 0x24, 0x07, 0x68, 0x7A, 0x61, 0x4D, 0x4D, 0x61, 0x19, 0x02, 0x2D, 0xFD, 0xCF, 
0x54, 0x63, 0x35, 0x54, 0x21, 0x2C, 0x03, 0x1E, 0x86, 0x38, 0x38, 0x00, 0x00, 0x02, 0x00, 0x51, 
0xFF, 0x2C, 0x02, 0x38, 0x02, 0xE6, 0x00, 0x0B, 0x00, 0x1C, 0x00, 0x00, 0x33, 0x23, 0x11, 0x33, 
0x11, 0x37, 0x33, 0x07, 0x13, 0x23, 0x27, 0x07, 0x13, 0x14, 0x06, 0x22, 0x27, 0x37, 0x16, 0x32, 
0x36, 0x34, 0x26, 0x22, 0x07, 0x37, 0x33, 0x07, 0x16, 0xC1, 0x70, 0x70, 0xD8, 0x90, 0xCA, 0xD9, 
0x88, 0x9E, 0x51, 0xD0, 0x3E, 0x5F, 0x24, 0x1A, 0x13, 0x27, 0x16, 0x17, 0x23, 0x0C, 0x24, 0x47, 
0x14, 0x46, 0x02, 0xE6, 0xFE, 0x4C, 0xE2, 0xD3, 0xFE, 0xBF, 0xE9, 0x52, 0xFE, 0xF4, 0x26, 0x39, 
0x16, 0x39, 0x0A, 0x17, 0x20, 0x19, 0x05, 0x44, 0x26, 0x09, 0x00, 0x00, 0x00, 0x01, 0x00, 0x51, 
0x00, 0x00, 0x02, 0x38, 0x02, 0x14, 0x00, 0x0B, 0x00, 0x00, 0x33, 0x23, 0x11, 0x33, 0x15, 0x37, 
0x33, 0x07, 0x13, 0x23, 0x27, 0x07, 0xC1, 0x70, 0x70, 0xD8, 0x90, 0xCA, 0xD9, 0x88, 0x9E, 0x51, 
0x02, 0x14, 0xE2, 0xE2, 0xD3, 0xFE, 0xBF, 0xE9, 0x52, 0x00, 0x00, 0x00, 0x00, 0x02, 0x00, 0x51, 
0x00, 0x00, 0x01, 0x9D, 0x02, 0xE6, 0x00, 0x03, 0x00, 0x0B, 0x00, 0x00, 0x33, 0x23, 0x11, 0x33, 
0x12, 0x34, 0x36, 0x32, 0x16, 0x14, 0x06, 0x22, 0xC1, 0x70, 0x70, 0x47, 0x2B, 0x3E, 0x2C, 0x2C, 
0x3E, 0x02, 0xE6, 0xFE, 0x3A, 0x3E, 0x2B, 0x2B, 0x3E, 0x2C, 0x00, 0x00, 0x00, 0x01, 0x00, 0x1E, 
0x00, 0x00, 0x02, 0x22, 0x02, 0xBB, 0x00, 0x0D, 0x00, 0x00, 0x13, 0x33, 0x11, 0x37, 0x15, 0x07, 
0x15, 0x21, 0x15, 0x21, 0x35, 0x07, 0x35, 0x37, 0x6D, 0x76, 0xDB, 0xDB, 0x01, 0x3F, 0xFE, 0x4B, 
0x4F, 0x4F, 0x02, 0xBB, 0xFE, 0xAF, 0x44, 0x69, 0x44, 0x91, 0x70, 0xDC, 0x18, 0x69, 0x18, 0x00, 
0x00, 0x01, 0x00, 0x16, 0x00, 0x00, 0x01, 0x23, 0x02, 0xBB, 0x00, 0x0B, 0x00, 0x00, 0x13, 0x33, 
0x11, 0x37, 0x15, 0x07, 0x11, 0x23, 0x35, 0x07, 0x35, 0x37, 0x68, 0x70, 0x4B, 0x4B, 0x70, 0x52, 
0x52, 0x02, 0xBB, 0xFE, 0xBC, 0x16, 0x69, 0x16, 0xFE, 0xF2, 0xEF, 0x17, 0x69, 0x17, 0x00, 0x00, 
0x00, 0x02, 0x00, 0x61, 0x00, 0x00, 0x02, 0xE3, 0x03, 0xA4, 0x00, 0x09, 0x00, 0x0D, 0x00, 0x00, 
0x01, 0x33, 0x11, 0x23, 0x01, 0x11, 0x23, 0x11, 0x33, 0x01, 0x03, 0x23, 0x37, 0x17, 0x02, 0x6D, 
0x76, 0x80, 0xFE, 0x74, 0x76, 0x76, 0x01, 0x96, 0x96, 0x66, 0x6A, 0x76, 0x02, 0xBB, 0xFD, 0x45, 
0x01, 0xFE, 0xFE, 0x02, 0x02, 0xBB, 0xFD, 0xF6, 0x02, 0x62, 0x91, 0x31, 0x00, 0x02, 0x00, 0x51, 
0x00, 0x00, 0x02, 0x3B, 0x03, 0x05, 0x00, 0x12, 0x00, 0x16, 0x00, 0x00, 0x13, 0x11, 0x23, 0x11, 
0x33, 0x15, 0x3E, 0x01, 0x33, 0x32, 0x16, 0x15, 0x11, 0x23, 0x11, 0x34, 0x23, 0x22, 0x06, 0x13, 
0x23, 0x37, 0x17, 0xC1, 0x70, 0x70, 0x1B, 0x5F, 0x37, 0x5A, 0x6F, 0x70, 0x7A, 0x3A, 0x56, 0xAC, 
0x66, 0x6A, 0x76, 0x01, 0x20, 0xFE, 0xE0, 0x02, 0x14, 0x61, 0x31, 0x38, 0x6E, 0x68, 0xFE, 0xBA, 
0x01, 0x24, 0x93, 0x4D, 0x01, 0x0A, 0x91, 0x31, 0x00, 0x02, 0x00, 0x35, 0x00, 0x00, 0x03, 0xF4, 
0x02, 0xBB, 0x00, 0x0F, 0x00, 0x17, 0x00, 0x00, 0x01, 0x15, 0x21, 0x15, 0x21, 0x15, 0x21, 0x15, 
0x21, 0x15, 0x21, 0x22, 0x26, 0x10, 0x36, 0x33, 0x06, 0x14, 0x16, 0x3B, 0x01, 0x11, 0x23, 0x22, 
0x03, 0xE8, 0xFE, 0x8B, 0x01, 0x4F, 0xFE, 0xB1, 0x01, 0x81, 0xFD, 0xA5, 0x97, 0xCD, 0xCD, 0x97, 
0xE4, 0x8B, 0x64, 0x59, 0x59, 0x65, 0x02, 0xBB, 0x6F, 0xB9, 0x69, 0xBB, 0x6F, 0xC8, 0x01, 0x2B, 
0xC8, 0xF7, 0xCC, 0x91, 0x01, 0xED, 0x00, 0x00, 0x00, 0x03, 0x00, 0x2E, 0xFF, 0xF8, 0x04, 0x00, 
0x02, 0x1C, 0x00, 0x1B, 0x00, 0x23, 0x00, 0x29, 0x00, 0x00, 0x25, 0x21, 0x1E, 0x01, 0x33, 0x32, 
0x37, 0x17, 0x06, 0x23, 0x22, 0x26, 0x27, 0x06, 0x23, 0x22, 0x26, 0x34, 0x36, 0x33, 0x32, 0x17, 
0x3E, 0x01, 0x33, 0x32, 0x16, 0x15, 0x04, 0x32, 0x36, 0x34, 0x26, 0x22, 0x06, 0x14, 0x25, 0x21, 
0x34, 0x26, 0x22, 0x06, 0x04, 0x00, 0xFE, 0x5F, 0x04, 0x62, 0x3F, 0x64, 0x34, 0x40, 0x56, 0x8A, 
0x41, 0x72, 0x25, 0x51, 0x8D, 0x78, 0xA0, 0xA0, 0x78, 0x8C, 0x52, 0x25, 0x73, 0x3E, 0x6E, 0x98, 
0xFC, 0xFD, 0x92, 0x5F, 0x5F, 0x92, 0x5F, 0x01, 0xC1, 0x01, 0x31, 0x54, 0x7B, 0x62, 0xD9, 0x3A, 
0x47, 0x3F, 0x46, 0x59, 0x36, 0x32, 0x68, 0x9F, 0xE6, 0x9F, 0x69, 0x33, 0x36, 0x83, 0x73, 0xCA, 
0x61, 0x9A, 0x61, 0x61, 0x9A, 0x74, 0x43, 0x48, 0x4B, 0x00, 0x00, 0x00, 0x00, 0x03, 0x00, 0x61, 
0x00, 0x00, 0x02, 0xAF, 0x03, 0xA4, 0x00, 0x0C, 0x00, 0x14, 0x00, 0x18, 0x00, 0x00, 0x01, 0x14, 
0x07, 0x17, 0x23, 0x27, 0x23, 0x15, 0x23, 0x11, 0x21, 0x32, 0x16, 0x06, 0x36, 0x34, 0x26, 0x2B, 
0x01, 0x15, 0x33, 0x13, 0x23, 0x37, 0x17, 0x02, 0x8F, 0x97, 0xB7, 0x96, 0xA7, 0x9B, 0x76, 0x01, 
0x04, 0xA0, 0x8A, 0xC1, 0x48, 0x4A, 0x5F, 0x96, 0x93, 0x0A, 0x66, 0x6A, 0x76, 0x01, 0xD8, 0xAD, 
0x2D, 0xFE, 0xEB, 0xEB, 0x02, 0xBB, 0x6C, 0xF9, 0x3E, 0x89, 0x33, 0xFA, 0x01, 0xBD, 0x91, 0x31, 
0x00, 0x03, 0x00, 0x61, 0xFF, 0x06, 0x02, 0xAF, 0x02, 0xBB, 0x00, 0x0C, 0x00, 0x14, 0x00, 0x18, 
0x00, 0x00, 0x01, 0x14, 0x07, 0x17, 0x23, 0x27, 0x23, 0x15, 0x23, 0x11, 0x21, 0x32, 0x16, 0x06, 
0x36, 0x34, 0x26, 0x2B, 0x01, 0x15, 0x33, 0x03, 0x37, 0x33, 0x07, 0x02, 0x8F, 0x97, 0xB7, 0x96, 
0xA7, 0x9B, 0x76, 0x01, 0x04, 0xA0, 0x8A, 0xC1, 0x48, 0x4A, 0x5F, 0x96, 0x93, 0x65, 0x41, 0x6F, 
0x50, 0x01, 0xD8, 0xAD, 0x2D, 0xFE, 0xEB, 0xEB, 0x02, 0xBB, 0x6C, 0xF9, 0x3E, 0x89, 0x33, 0xFA, 
0xFD, 0xB0, 0xC3, 0xC3, 0x00, 0x02, 0x00, 0x29, 0xFF, 0x06, 0x01, 0x6E, 0x02, 0x1C, 0x00, 0x03, 
0x00, 0x11, 0x00, 0x00, 0x17, 0x37, 0x33, 0x07, 0x13, 0x22, 0x06, 0x1D, 0x01, 0x23, 0x11, 0x33, 
0x15, 0x3E, 0x01, 0x37, 0x17, 0x22, 0x29, 0x41, 0x6F, 0x50, 0xDF, 0x53, 0x54, 0x70, 0x70, 0x1B, 
0x5D, 0x34, 0x01, 0x03, 0xFA, 0xC3, 0xC3, 0x02, 0xA5, 0x6C, 0x5B, 0xE4, 0x02, 0x14, 0x6B, 0x32, 
0x40, 0x01, 0x71, 0x00, 0x00, 0x03, 0x00, 0x61, 0x00, 0x00, 0x02, 0xAF, 0x03, 0x7E, 0x00, 0x0C, 
0x00, 0x14, 0x00, 0x1B, 0x00, 0x00, 0x01, 0x14, 0x07, 0x17, 0x23, 0x27, 0x23, 0x15, 0x23, 0x11, 
0x21, 0x32, 0x16, 0x06, 0x36, 0x34, 0x26, 0x2B, 0x01, 0x15, 0x33, 0x13, 0x23, 0x27, 0x33, 0x17, 
0x37, 0x33, 0x02, 0x8F, 0x97, 0xB7, 0x96, 0xA7, 0x9B, 0x76, 0x01, 0x04, 0xA0, 0x8A, 0xC1, 0x48, 
0x4A, 0x5F, 0x96, 0x93, 0x22, 0x68, 0x7A, 0x61, 0x4D, 0x4D, 0x61, 0x01, 0xD8, 0xAD, 0x2D, 0xFE, 
0xEB, 0xEB, 0x02, 0xBB, 0x6C, 0xF9, 0x3E, 0x89, 0x33, 0xFA, 0x01, 0xA2, 0x86, 0x38, 0x38, 0x00, 
0x00, 0x02, 0x00, 0x2A, 0x00, 0x00, 0x01, 0x86, 0x02, 0xDE, 0x00, 0x0D, 0x00, 0x14, 0x00, 0x00, 
0x01, 0x22, 0x06, 0x1D, 0x01, 0x23, 0x11, 0x33, 0x15, 0x3E, 0x01, 0x37, 0x17, 0x22, 0x27, 0x23, 
0x27, 0x33, 0x17, 0x37, 0x33, 0x01, 0x68, 0x53, 0x54, 0x70, 0x70, 0x1B, 0x5D, 0x34, 0x01, 0x03, 
0x5F, 0x68, 0x7A, 0x61, 0x4D, 0x4D, 0x61, 0x01, 0xAB, 0x6C, 0x5B, 0xE4, 0x02, 0x14, 0x6B, 0x32, 
0x40, 0x01, 0x71, 0xAD, 0x86, 0x38, 0x38, 0x00, 0x00, 0x02, 0x00, 0x28, 0xFF, 0xF8, 0x02, 0x48, 
0x03, 0x7E, 0x00, 0x1C, 0x00, 0x23, 0x00, 0x00, 0x00, 0x06, 0x14, 0x1E, 0x02, 0x14, 0x06, 0x23, 
0x22, 0x27, 0x37, 0x16, 0x33, 0x32, 0x36, 0x34, 0x2E, 0x02, 0x34, 0x36, 0x33, 0x32, 0x16, 0x17, 
0x07, 0x2E, 0x01, 0x37, 0x23, 0x27, 0x33, 0x17, 0x37, 0x33, 0x01, 0x02, 0x42, 0x43, 0xD8, 0x6D, 
0x8A, 0x71, 0xA6, 0x7F, 0x4B, 0x6A, 0x73, 0x39, 0x44, 0x40, 0xD8, 0x71, 0x8E, 0x69, 0x43, 0x85, 
0x30, 0x3F, 0x1F, 0x6B, 0x06, 0x68, 0x7A, 0x61, 0x4D, 0x4D, 0x61, 0x02, 0x62, 0x2A, 0x55, 0x2E, 
0x34, 0x5F, 0xB8, 0x72, 0x72, 0x59, 0x5C, 0x31, 0x51, 0x2E, 0x34, 0x5A, 0xC2, 0x69, 0x2C, 0x28, 
0x5A, 0x1C, 0x24, 0x96, 0x86, 0x38, 0x38, 0x00, 0x00, 0x02, 0x00, 0x21, 0xFF, 0xF8, 0x01, 0xCC, 
0x02, 0xDE, 0x00, 0x23, 0x00, 0x2A, 0x00, 0x00, 0x24, 0x06, 0x23, 0x22, 0x26, 0x27, 0x37, 0x16, 
0x33, 0x32, 0x36, 0x35, 0x34, 0x27, 0x26, 0x27, 0x26, 0x35, 0x34, 0x36, 0x32, 0x17, 0x07, 0x26, 
0x23, 0x22, 0x06, 0x15, 0x14, 0x17, 0x1E, 0x03, 0x17, 0x16, 0x03, 0x23, 0x27, 0x33, 0x17, 0x37, 
0x33, 0x01, 0xCC, 0x6E, 0x56, 0x3A, 0x7D, 0x30, 0x36, 0x5D, 0x57, 0x26, 0x2C, 0x6A, 0x08, 0x04, 
0xA6, 0x73, 0xB8, 0x52, 0x2A, 0x41, 0x4C, 0x28, 0x32, 0x1A, 0x12, 0x41, 0x32, 0x2F, 0x1B, 0x36, 
0x9C, 0x68, 0x7A, 0x61, 0x4D, 0x4D, 0x61, 0x53, 0x5B, 0x2A, 0x26, 0x57, 0x46, 0x23, 0x1B, 0x28, 
0x20, 0x03, 0x01, 0x2D, 0x69, 0x4A, 0x59, 0x36, 0x53, 0x2B, 0x1D, 0x1D, 0x1A, 0x0C, 0x09, 0x10, 
0x10, 0x14, 0x12, 0x24, 0x01, 0x6D, 0x86, 0x38, 0x38, 0x00, 0x00, 0x00, 0x00, 0x02, 0x00, 0x2F, 
0x00, 0x00, 0x02, 0x70, 0x03, 0x7E, 0x00, 0x0B, 0x00, 0x12, 0x00, 0x00, 0x01, 0x21, 0x35, 0x21, 
0x15, 0x01, 0x15, 0x21, 0x15, 0x21, 0x35, 0x01, 0x27, 0x23, 0x27, 0x33, 0x17, 0x37, 0x33, 0x01, 
0xC6, 0xFE, 0x76, 0x02, 0x2E, 0xFE, 0x6A, 0x01, 0x9C, 0xFD, 0xBF, 0x01, 0x97, 0x37, 0x68, 0x7A, 
0x61, 0x4D, 0x4D, 0x61, 0x02, 0x4F, 0x6C, 0x5C, 0xFE, 0x11, 0x03, 0x6D, 0x5B, 0x01, 0xF1, 0xAC, 
0x86, 0x38, 0x38, 0x00, 0x00, 0x02, 0x00, 0x2C, 0x00, 0x00, 0x01, 0xF0, 0x02, 0xDE, 0x00, 0x09, 
0x00, 0x10, 0x00, 0x00, 0x13, 0x35, 0x21, 0x15, 0x01, 0x21, 0x15, 0x21, 0x35, 0x01, 0x27, 0x23, 
0x27, 0x33, 0x17, 0x37, 0x33, 0x40, 0x01, 0xA0, 0xFE, 0xD5, 0x01, 0x3B, 0xFE, 0x3C, 0x01, 0x23, 
0x0A, 0x68, 0x7A, 0x61, 0x4D, 0x4D, 0x61, 0x01, 0xB2, 0x60, 0x65, 0xFE, 0xB4, 0x61, 0x6D, 0x01, 
0x45, 0xA6, 0x86, 0x38, 0x38, 0x00, 0x00, 0x00, 0x00, 0x01, 0x00, 0x1C, 0xFF, 0x2C, 0x02, 0x83, 
0x02, 0xF5, 0x00, 0x1B, 0x00, 0x00, 0x04, 0x06, 0x22, 0x27, 0x37, 0x16, 0x32, 0x36, 0x37, 0x13, 
0x23, 0x37, 0x33, 0x37, 0x3E, 0x01, 0x32, 0x17, 0x07, 0x26, 0x22, 0x06, 0x0F, 0x01, 0x33, 0x07, 
0x23, 0x03, 0x01, 0x51, 0x60, 0x9A, 0x3B, 0x32, 0x26, 0x47, 0x2B, 0x05, 0x31, 0x45, 0x0C, 0x45, 
0x15, 0x0B, 0x73, 0x94, 0x34, 0x3A, 0x1C, 0x48, 0x2F, 0x05, 0x16, 0x8F, 0x0C, 0x8F, 0x33, 0x6E, 
0x66, 0x35, 0x54, 0x24, 0x34, 0x22, 0x01, 0x5E, 0x5D, 0x9C, 0x54, 0x63, 0x35, 0x4F, 0x23, 0x2E, 
0x25, 0x9F, 0x5D, 0xFE, 0x97, 0x00, 0x00, 0x00, 0x00, 0x01, 0x00, 0xA6, 0x02, 0x58, 0x02, 0x02, 
0x02, 0xDE, 0x00, 0x06, 0x00, 0x00, 0x01, 0x33, 0x17, 0x23, 0x27, 0x07, 0x23, 0x01, 0x20, 0x68, 
0x7A, 0x61, 0x4D, 0x4D, 0x61, 0x02, 0xDE, 0x86, 0x38, 0x38, 0x00, 0x00, 0x00, 0x01, 0x00, 0x64, 
0x02, 0xF8, 0x01, 0xC0, 0x03, 0x7E, 0x00, 0x06, 0x00, 0x00, 0x01, 0x23, 0x27, 0x33, 0x17, 0x37, 
0x33, 0x01, 0x46, 0x68, 0x7A, 0x61, 0x4D, 0x4D, 0x61, 0x02, 0xF8, 0x86, 0x38, 0x38, 0x00, 0x00, 
0x00, 0x01, 0x00, 0x64, 0x02, 0x42, 0x01, 0xBA, 0x02, 0xD6, 0x00, 0x09, 0x00, 0x00, 0x00, 0x22, 
0x26, 0x27, 0x33, 0x16, 0x32, 0x37, 0x33, 0x06, 0x01, 0x58, 0x92, 0x5D, 0x05, 0x53, 0x14, 0x88, 
0x14, 0x53, 0x05, 0x02, 0x42, 0x4E, 0x46, 0x3F, 0x3F, 0x46, 0x00, 0x00, 0x00, 0x01, 0x00, 0x70, 
0x02, 0x63, 0x01, 0x05, 0x02, 0xF8, 0x00, 0x07, 0x00, 0x00, 0x12, 0x34, 0x36, 0x32, 0x16, 0x14, 
0x06, 0x22, 0x70, 0x2B, 0x3E, 0x2C, 0x2C, 0x3E, 0x02, 0x8F, 0x3E, 0x2B, 0x2B, 0x3E, 0x2C, 0x00, 
0x00, 0x02, 0x00, 0x50, 0x02, 0x47, 0x01, 0x29, 0x03, 0x18, 0x00, 0x07, 0x00, 0x0F, 0x00, 0x00, 
0x00, 0x14, 0x06, 0x22, 0x26, 0x34, 0x36, 0x32, 0x06, 0x36, 0x34, 0x26, 0x22, 0x06, 0x14, 0x16, 
0x01, 0x29, 0x42, 0x56, 0x41, 0x41, 0x56, 0x12, 0x1E, 0x1E, 0x31, 0x1F, 0x1F, 0x02, 0xD9, 0x54, 
0x3E, 0x3E, 0x54, 0x3F, 0xA0, 0x1F, 0x31, 0x1F, 0x1F, 0x31, 0x1F, 0x00, 0x00, 0x01, 0x00, 0x12, 
0xFF, 0x2C, 0x00, 0xC5, 0xFF, 0xF8, 0x00, 0x0D, 0x00, 0x00, 0x17, 0x06, 0x14, 0x32, 0x37, 0x17, 
0x06, 0x23, 0x22, 0x26, 0x34, 0x3F, 0x01, 0x33, 0x6D, 0x17, 0x32, 0x0D, 0x30, 0x22, 0x39, 0x24, 
0x34, 0x20, 0x15, 0x3F, 0x31, 0x26, 0x3B, 0x18, 0x22, 0x38, 0x30, 0x50, 0x2E, 0x1E, 0x00, 0x00, 
0x00, 0x01, 0x00, 0x5F, 0x02, 0xE3, 0x01, 0xAB, 0x03, 0x68, 0x00, 0x10, 0x00, 0x00, 0x01, 0x22, 
0x26, 0x23, 0x22, 0x07, 0x23, 0x34, 0x36, 0x33, 0x32, 0x16, 0x33, 0x32, 0x35, 0x33, 0x06, 0x01, 
0x4F, 0x1A, 0x5D, 0x0D, 0x21, 0x01, 0x4A, 0x2F, 0x2A, 0x1B, 0x60, 0x0F, 0x1E, 0x4B, 0x03, 0x02, 
0xE3, 0x2F, 0x2C, 0x3A, 0x48, 0x2F, 0x2C, 0x82, 0x00, 0x02, 0x00, 0x34, 0x02, 0x59, 0x01, 0xD6, 
0x02, 0xEA, 0x00, 0x03, 0x00, 0x07, 0x00, 0x00, 0x13, 0x23, 0x37, 0x1F, 0x01, 0x23, 0x37, 0x17, 
0x9A, 0x66, 0x6A, 0x76, 0x48, 0x66, 0x6A, 0x76, 0x02, 0x59, 0x91, 0x31, 0x60, 0x91, 0x31, 0x00, 
0x00, 0x01, 0x00, 0x1E, 0x00, 0x00, 0x02, 0xCF, 0x02, 0x14, 0x00, 0x18, 0x00, 0x00, 0x13, 0x34, 
0x36, 0x33, 0x21, 0x15, 0x23, 0x11, 0x23, 0x11, 0x23, 0x06, 0x02, 0x07, 0x23, 0x36, 0x12, 0x37, 
0x23, 0x22, 0x06, 0x14, 0x17, 0x07, 0x26, 0x1E, 0x59, 0x54, 0x02, 0x04, 0x74, 0x70, 0x99, 0x04, 
0x29, 0x1A, 0x6F, 0x1B, 0x29, 0x02, 0x10, 0x26, 0x2D, 0x08, 0x54, 0x15, 0x01, 0x75, 0x46, 0x59, 
0x64, 0xFE, 0x50, 0x01, 0xB0, 0x63, 0xFE, 0xF7, 0x44, 0x51, 0x01, 0x01, 0x5E, 0x28, 0x34, 0x12, 
0x23, 0x2A, 0x00, 0x00, 0x00, 0x01, 0x00, 0x52, 0x00, 0xE2, 0x01, 0xC8, 0x01, 0x25, 0x00, 0x03, 
0x00, 0x00, 0x37, 0x35, 0x21, 0x15, 0x52, 0x01, 0x76, 0xE2, 0x43, 0x43, 0x00, 0x01, 0x00, 0x52, 
0x00, 0xE3, 0x02, 0x83, 0x01, 0x25, 0x00, 0x03, 0x00, 0x00, 0x37, 0x35, 0x21, 0x15, 0x52, 0x02, 
0x31, 0xE3, 0x42, 0x42, 0x00, 0x01, 0x00, 0x23, 0x01, 0xF9, 0x00, 0xAD, 0x02, 0xC1, 0x00, 0x09, 
0x00, 0x00, 0x13, 0x16, 0x14, 0x06, 0x22, 0x26, 0x34, 0x3F, 0x01, 0x33, 0x86, 0x1C, 0x24, 0x36, 
0x25, 0x12, 0x3B, 0x3D, 0x02, 0x6B, 0x12, 0x3D, 0x23, 0x22, 0x37, 0x1A, 0x55, 0x00, 0x00, 0x00, 
0x00, 0x01, 0x00, 0x23, 0x01, 0xF4, 0x00, 0xAD, 0x02, 0xBC, 0x00, 0x09, 0x00, 0x00, 0x13, 0x26, 
0x34, 0x36, 0x32, 0x16, 0x14, 0x0F, 0x01, 0x23, 0x49, 0x1B, 0x24, 0x36, 0x25, 0x12, 0x3B, 0x3D, 
0x02, 0x4A, 0x10, 0x3F, 0x23, 0x22, 0x37, 0x1A, 0x55, 0x00, 0x00, 0x00, 0x00, 0x01, 0x00, 0x23, 
0xFF, 0xAF, 0x00, 0xAD, 0x00, 0x77, 0x00, 0x09, 0x00, 0x00, 0x37, 0x26, 0x34, 0x36, 0x32, 0x16, 
0x14, 0x0F, 0x01, 0x23, 0x49, 0x1B, 0x24, 0x36, 0x25, 0x12, 0x3B, 0x3D, 0x05, 0x11, 0x3E, 0x23, 
0x22, 0x37, 0x1A, 0x55, 0x00, 0x02, 0x00, 0x23, 0x01, 0xF9, 0x01, 0x46, 0x02, 0xC1, 0x00, 0x09, 
0x00, 0x13, 0x00, 0x00, 0x13, 0x16, 0x14, 0x06, 0x22, 0x26, 0x34, 0x3F, 0x01, 0x33, 0x17, 0x16, 
0x14, 0x06, 0x22, 0x26, 0x34, 0x3F, 0x01, 0x33, 0x86, 0x1C, 0x24, 0x36, 0x25, 0x12, 0x3B, 0x3D, 
0x72, 0x1C, 0x24, 0x36, 0x25, 0x12, 0x3B, 0x3D, 0x02, 0x6B, 0x12, 0x3D, 0x23, 0x22, 0x37, 0x1A, 
0x55, 0x56, 0x12, 0x3D, 0x23, 0x22, 0x37, 0x1A, 0x55, 0x00, 0x00, 0x00, 0x00, 0x02, 0x00, 0x23, 
0x01, 0xF4, 0x01, 0x45, 0x02, 0xBC, 0x00, 0x09, 0x00, 0x13, 0x00, 0x00, 0x13, 0x26, 0x34, 0x36, 
0x32, 0x16, 0x14, 0x0F, 0x01, 0x23, 0x37, 0x26, 0x34, 0x36, 0x32, 0x16, 0x14, 0x0F, 0x01, 0x23, 
0x49, 0x1B, 0x24, 0x36, 0x25, 0x12, 0x3B, 0x3D, 0xBE, 0x1B, 0x24, 0x36, 0x25, 0x12, 0x3B, 0x3D, 
0x02, 0x4A, 0x10, 0x3F, 0x23, 0x22, 0x37, 0x1A, 0x55, 0x56, 0x10, 0x3F, 0x23, 0x22, 0x37, 0x1A, 
0x55, 0x00, 0x00, 0x00, 0x00, 0x02, 0x00, 0x23, 0xFF, 0xAF, 0x01, 0x45, 0x00, 0x77, 0x00, 0x09, 
0x00, 0x13, 0x00, 0x00, 0x37, 0x26, 0x34, 0x36, 0x32, 0x16, 0x14, 0x0F, 0x01, 0x23, 0x37, 0x26, 
0x34, 0x36, 0x32, 0x16, 0x14, 0x0F, 0x01, 0x23, 0x49, 0x1B, 0x24, 0x36, 0x25, 0x12, 0x3B, 0x3D, 
0xBE, 0x1B, 0x24, 0x36, 0x25, 0x12, 0x3B, 0x3D, 0x05, 0x11, 0x3E, 0x23, 0x22, 0x37, 0x1A, 0x55, 
0x56, 0x11, 0x3E, 0x23, 0x22, 0x37, 0x1A, 0x55, 0x00, 0x01, 0x00, 0x24, 0xFF, 0x3E, 0x01, 0xE8, 
0x02, 0xBD, 0x00, 0x0B, 0x00, 0x00, 0x17, 0x11, 0x23, 0x35, 0x33, 0x35, 0x33, 0x15, 0x33, 0x15, 
0x23, 0x11, 0xCE, 0xAA, 0xAA, 0x6A, 0xB0, 0xB0, 0xC2, 0x02, 0x4A, 0x66, 0xCF, 0xCF, 0x66, 0xFD, 
0xB6, 0x00, 0x00, 0x00, 0x00, 0x01, 0x00, 0x26, 0xFF, 0x3E, 0x01, 0xE0, 0x02, 0xBD, 0x00, 0x13, 
0x00, 0x00, 0x01, 0x15, 0x33, 0x15, 0x23, 0x11, 0x23, 0x11, 0x23, 0x35, 0x33, 0x35, 0x23, 0x35, 
0x33, 0x35, 0x33, 0x15, 0x33, 0x15, 0x01, 0x36, 0x6B, 0x6B, 0x6A, 0x6E, 0x6E, 0xA6, 0xA6, 0x6A, 
0xAA, 0x01, 0x88, 0xEB, 0x52, 0xFE, 0xF3, 0x01, 0x0D, 0x52, 0xEB, 0x66, 0xCF, 0xCF, 0x66, 0x00, 
0x00, 0x01, 0x00, 0x55, 0x00, 0xBB, 0x01, 0x57, 0x01, 0xBD, 0x00, 0x07, 0x00, 0x00, 0x12, 0x34, 
0x36, 0x32, 0x16, 0x14, 0x06, 0x22, 0x55, 0x4C, 0x6A, 0x4C, 0x4C, 0x6A, 0x01, 0x07, 0x6A, 0x4C, 
0x4C, 0x6A, 0x4C, 0x00, 0x00, 0x03, 0x00, 0x42, 0xFF, 0xF8, 0x02, 0x79, 0x00, 0x8D, 0x00, 0x07, 
0x00, 0x0F, 0x00, 0x17, 0x00, 0x00, 0x36, 0x34, 0x36, 0x32, 0x16, 0x14, 0x06, 0x22, 0x36, 0x34, 
0x36, 0x32, 0x16, 0x14, 0x06, 0x22, 0x36, 0x34, 0x36, 0x32, 0x16, 0x14, 0x06, 0x22, 0x42, 0x2B, 
0x3E, 0x2C, 0x2C, 0x3E, 0xA6, 0x2B, 0x3E, 0x2C, 0x2C, 0x3E, 0xA6, 0x2B, 0x3E, 0x2C, 0x2C, 0x3E, 
0x24, 0x3E, 0x2B, 0x2B, 0x3E, 0x2C, 0x2C, 0x3E, 0x2B, 0x2B, 0x3E, 0x2C, 0x2C, 0x3E, 0x2B, 0x2B, 
0x3E, 0x2C, 0x00, 0x00, 0x00, 0x07, 0x00, 0x30, 0xFF, 0xF8, 0x04, 0x6A, 0x02, 0xC9, 0x00, 0x07, 
0x00, 0x0B, 0x00, 0x13, 0x00, 0x1B, 0x00, 0x23, 0x00, 0x2B, 0x00, 0x33, 0x00, 0x00, 0x00, 0x14, 
0x06, 0x22, 0x26, 0x34, 0x36, 0x32, 0x05, 0x01, 0x23, 0x01, 0x04, 0x34, 0x26, 0x22, 0x06, 0x14, 
0x16, 0x32, 0x00, 0x14, 0x06, 0x22, 0x26, 0x34, 0x36, 0x32, 0x06, 0x34, 0x26, 0x22, 0x06, 0x14, 
0x16, 0x32, 0x24, 0x14, 0x06, 0x22, 0x26, 0x34, 0x36, 0x32, 0x06, 0x34, 0x26, 0x22, 0x06, 0x14, 
0x16, 0x32, 0x01, 0x5E, 0x57, 0x81, 0x56, 0x57, 0x81, 0x01, 0xC2, 0xFE, 0x00, 0x81, 0x02, 0x00, 
0xFE, 0xB7, 0x22, 0x31, 0x20, 0x22, 0x31, 0x02, 0x0B, 0x57, 0x81, 0x56, 0x57, 0x81, 0x06, 0x22, 
0x31, 0x20, 0x22, 0x31, 0x01, 0xFB, 0x57, 0x81, 0x56, 0x57, 0x81, 0x06, 0x22, 0x31, 0x20, 0x22, 
0x31, 0x02, 0x6C, 0x84, 0x5E, 0x5D, 0x84, 0x5E, 0x0E, 0xFD, 0x45, 0x02, 0xBB, 0xB1, 0x3C, 0x29, 
0x29, 0x3C, 0x29, 0xFE, 0xF9, 0x84, 0x5E, 0x5D, 0x84, 0x5E, 0xC1, 0x3C, 0x29, 0x29, 0x3C, 0x29, 
0x8D, 0x84, 0x5E, 0x5D, 0x84, 0x5E, 0xC1, 0x3C, 0x29, 0x29, 0x3C, 0x29, 0x00, 0x01, 0x00, 0x38, 
0x00, 0x40, 0x01, 0x1B, 0x01, 0xA0, 0x00, 0x05, 0x00, 0x00, 0x01, 0x07, 0x17, 0x23, 0x27, 0x37, 
0x01, 0x1B, 0x73, 0x73, 0x6C, 0x77, 0x77, 0x01, 0xA0, 0xB0, 0xB0, 0xB0, 0xB0, 0x00, 0x00, 0x00, 
0x00, 0x01, 0x00, 0x42, 0x00, 0x40, 0x01, 0x25, 0x01, 0xA0, 0x00, 0x05, 0x00, 0x00, 0x37, 0x27, 
0x33, 0x17, 0x07, 0x23, 0xB5, 0x73, 0x6C, 0x77, 0x77, 0x6C, 0xF0, 0xB0, 0xB0, 0xB0, 0x00, 0x00, 
0x00, 0x01, 0xFF, 0xFE, 0x00, 0x00, 0x02, 0x7F, 0x02, 0xBB, 0x00, 0x03, 0x00, 0x00, 0x09, 0x01, 
0x23, 0x01, 0x02, 0x7F, 0xFE, 0x00, 0x81, 0x02, 0x00, 0x02, 0xBB, 0xFD, 0x45, 0x02, 0xBB, 0x00, 
0x00, 0x01, 0x00, 0x34, 0x00, 0x04, 0x02, 0xCC, 0x02, 0xCC, 0x00, 0x27, 0x00, 0x00, 0x13, 0x35, 
0x33, 0x3E, 0x01, 0x33, 0x32, 0x17, 0x07, 0x2E, 0x01, 0x22, 0x06, 0x07, 0x33, 0x15, 0x21, 0x06, 
0x14, 0x17, 0x21, 0x15, 0x23, 0x16, 0x33, 0x32, 0x36, 0x37, 0x17, 0x06, 0x23, 0x22, 0x26, 0x27, 
0x23, 0x35, 0x33, 0x26, 0x34, 0x37, 0x34, 0x68, 0x21, 0xA8, 0x6B, 0x9F, 0x5D, 0x47, 0x2C, 0x4F, 
0x74, 0x5D, 0x17, 0xEE, 0xFE, 0xFD, 0x01, 0x03, 0x01, 0x01, 0xE6, 0x36, 0x6D, 0x36, 0x4D, 0x2B, 
0x47, 0x5D, 0x98, 0x68, 0xA1, 0x23, 0x6D, 0x5A, 0x03, 0x01, 0x01, 0x89, 0x56, 0x6B, 0x82, 0x73, 
0x5A, 0x2F, 0x26, 0x3D, 0x38, 0x56, 0x0C, 0x31, 0x16, 0x56, 0x68, 0x29, 0x2C, 0x56, 0x73, 0x77, 
0x65, 0x56, 0x18, 0x30, 0x0B, 0x00, 0x00, 0x00, 0x00, 0x02, 0x00, 0x3B, 0x01, 0x22, 0x03, 0x93, 
0x02, 0xBB, 0x00, 0x07, 0x00, 0x14, 0x00, 0x00, 0x13, 0x11, 0x23, 0x11, 0x23, 0x35, 0x21, 0x15, 
0x13, 0x23, 0x11, 0x33, 0x1B, 0x01, 0x33, 0x11, 0x23, 0x11, 0x03, 0x23, 0x03, 0xFC, 0x45, 0x7C, 
0x01, 0x3D, 0x92, 0x45, 0x6C, 0x7B, 0x7C, 0x6B, 0x45, 0x8F, 0x27, 0x8E, 0x02, 0x7C, 0xFE, 0xA6, 
0x01, 0x5A, 0x3F, 0x3F, 0xFE, 0xA6, 0x01, 0x99, 0xFE, 0xFF, 0x01, 0x01, 0xFE, 0x67, 0x01, 0x3F, 
0xFE, 0xE4, 0x01, 0x1C, 0x00, 0x01, 0x00, 0x36, 0x00, 0x00, 0x03, 0x54, 0x02, 0xCC, 0x00, 0x19, 
0x00, 0x00, 0x00, 0x20, 0x16, 0x10, 0x07, 0x33, 0x15, 0x21, 0x35, 0x3E, 0x01, 0x35, 0x34, 0x26, 
0x22, 0x06, 0x15, 0x14, 0x16, 0x17, 0x15, 0x21, 0x35, 0x33, 0x26, 0x10, 0x01, 0x29, 0x01, 0x38, 
0xD4, 0x75, 0x94, 0xFE, 0xB2, 0x51, 0x65, 0x8F, 0xD0, 0x8F, 0x65, 0x51, 0xFE, 0xB2, 0x94, 0x75, 
0x02, 0xCC, 0xCF, 0xFE, 0xD9, 0x67, 0x6F, 0x6E, 0x16, 0x87, 0x57, 0x6A, 0x94, 0x94, 0x6A, 0x57, 
0x87, 0x16, 0x6E, 0x6F, 0x67, 0x01, 0x27, 0x00, 0x00, 0x02, 0x00, 0x30, 0xFF, 0xF8, 0x02, 0x2D, 
0x02, 0xC9, 0x00, 0x1A, 0x00, 0x24, 0x00, 0x00, 0x01, 0x1E, 0x01, 0x14, 0x0E, 0x02, 0x23, 0x22, 
0x26, 0x34, 0x36, 0x33, 0x32, 0x16, 0x17, 0x34, 0x27, 0x26, 0x23, 0x22, 0x06, 0x0F, 0x01, 0x27, 
0x36, 0x32, 0x03, 0x22, 0x06, 0x14, 0x16, 0x32, 0x36, 0x3F, 0x01, 0x26, 0x01, 0xD6, 0x29, 0x2E, 
0x1C, 0x3C, 0x6C, 0x49, 0x67, 0x89, 0x8A, 0x50, 0x3B, 0x5C, 0x16, 0x28, 0x25, 0x64, 0x1E, 0x3C, 
0x0E, 0x0F, 0x3E, 0x5A, 0xDC, 0x71, 0x32, 0x45, 0x45, 0x77, 0x50, 0x08, 0x02, 0x42, 0x02, 0x79, 
0x29, 0x8C, 0xA9, 0x7F, 0x69, 0x3B, 0x8E, 0xCC, 0x6B, 0x2A, 0x1B, 0x65, 0x47, 0x41, 0x16, 0x0B, 
0x0B, 0x4D, 0x43, 0xFE, 0x91, 0x40, 0x6F, 0x46, 0x50, 0x41, 0x1A, 0x4A, 0x00, 0x02, 0x00, 0x1E, 
0x00, 0x00, 0x02, 0xF8, 0x02, 0xBB, 0x00, 0x03, 0x00, 0x06, 0x00, 0x00, 0x09, 0x01, 0x21, 0x01, 
0x03, 0x05, 0x03, 0x01, 0xC4, 0x01, 0x34, 0xFD, 0x26, 0x01, 0x34, 0x84, 0x01, 0x7A, 0xBD, 0x02, 
0xBB, 0xFD, 0x45, 0x02, 0xBB, 0xFD, 0xB4, 0x02, 0x01, 0xAA, 0x00, 0x00, 0x00, 0x01, 0x00, 0x5C, 
0xFF, 0x2C, 0x02, 0xC5, 0x03, 0x14, 0x00, 0x07, 0x00, 0x00, 0x05, 0x23, 0x11, 0x21, 0x11, 0x23, 
0x11, 0x21, 0x02, 0xC5, 0x7C, 0xFE, 0x8F, 0x7C, 0x02, 0x69, 0xD4, 0x03, 0x77, 0xFC, 0x89, 0x03, 
0xE8, 0x00, 0x00, 0x00, 0x00, 0x01, 0x00, 0x25, 0xFF, 0x2C, 0x02, 0x97, 0x03, 0x14, 0x00, 0x0B, 
0x00, 0x00, 0x05, 0x21, 0x35, 0x09, 0x01, 0x35, 0x21, 0x15, 0x21, 0x09, 0x01, 0x21, 0x02, 0x97, 
0xFD, 0x8E, 0x01, 0x2F, 0xFE, 0xDE, 0x02, 0x51, 0xFE, 0x62, 0x01, 0x0B, 0xFE, 0xE2, 0x01, 0xC5, 
0xD4, 0x59, 0x01, 0xA1, 0x01, 0x95, 0x59, 0x71, 0xFE, 0x84, 0xFE, 0x76, 0x00, 0x01, 0x00, 0x30, 
0x01, 0x54, 0x02, 0x08, 0x01, 0xB2, 0x00, 0x03, 0x00, 0x00, 0x13, 0x21, 0x15, 0x21, 0x30, 0x01, 
0xD8, 0xFE, 0x28, 0x01, 0xB2, 0x5E, 0x00, 0x00, 0x00, 0x01, 0x00, 0x18, 0xFF, 0x64, 0x02, 0xC8, 
0x02, 0xF5, 0x00, 0x08, 0x00, 0x00, 0x13, 0x35, 0x33, 0x1B, 0x01, 0x33, 0x01, 0x23, 0x03, 0x18, 
0xB7, 0x8B, 0xFD, 0x71, 0xFE, 0xD5, 0x88, 0x98, 0x01, 0x37, 0x63, 0xFE, 0x4D, 0x03, 0x0E, 0xFC, 
0x6F, 0x01, 0xD3, 0x00, 0x00, 0x03, 0x00, 0x47, 0x00, 0x52, 0x03, 0x1D, 0x01, 0xB9, 0x00, 0x16, 
0x00, 0x1F, 0x00, 0x28, 0x00, 0x00, 0x01, 0x32, 0x16, 0x14, 0x06, 0x23, 0x22, 0x27, 0x26, 0x27, 
0x06, 0x07, 0x06, 0x22, 0x26, 0x34, 0x36, 0x33, 0x32, 0x16, 0x17, 0x3E, 0x01, 0x05, 0x22, 0x06, 
0x14, 0x16, 0x33, 0x32, 0x37, 0x26, 0x05, 0x32, 0x36, 0x34, 0x26, 0x23, 0x22, 0x07, 0x16, 0x02, 
0x76, 0x4C, 0x5B, 0x5E, 0x4D, 0x3E, 0x2F, 0x20, 0x33, 0x33, 0x1C, 0x33, 0x8B, 0x5E, 0x5B, 0x4C, 
0x3B, 0x59, 0x30, 0x30, 0x59, 0xFE, 0xB3, 0x22, 0x2A, 0x2B, 0x24, 0x3C, 0x4B, 0x57, 0x01, 0x52, 
0x24, 0x2B, 0x2A, 0x22, 0x33, 0x57, 0x4B, 0x01, 0xB9, 0x66, 0x9B, 0x66, 0x22, 0x18, 0x35, 0x35, 
0x15, 0x25, 0x66, 0x9B, 0x66, 0x3E, 0x39, 0x39, 0x3E, 0x5A, 0x32, 0x4B, 0x33, 0x54, 0x5C, 0xB0, 
0x33, 0x4B, 0x32, 0x5C, 0x54, 0x00, 0x00, 0x00, 0x00, 0x01, 0x00, 0x0D, 0xFF, 0x56, 0x01, 0x74, 
0x03, 0x64, 0x00, 0x1F, 0x00, 0x00, 0x01, 0x26, 0x22, 0x0E, 0x02, 0x07, 0x06, 0x14, 0x12, 0x14, 
0x06, 0x07, 0x06, 0x23, 0x22, 0x27, 0x37, 0x16, 0x32, 0x36, 0x37, 0x36, 0x34, 0x02, 0x34, 0x36, 
0x37, 0x36, 0x33, 0x32, 0x17, 0x01, 0x67, 0x14, 0x27, 0x1D, 0x12, 0x0B, 0x02, 0x03, 0x0F, 0x0E, 
0x11, 0x23, 0x61, 0x2E, 0x1E, 0x10, 0x18, 0x31, 0x22, 0x08, 0x0B, 0x10, 0x0F, 0x12, 0x26, 0x65, 
0x25, 0x18, 0x02, 0xFD, 0x0A, 0x0C, 0x1C, 0x1B, 0x1A, 0x26, 0x84, 0xFE, 0xBB, 0x94, 0x59, 0x27, 
0x51, 0x11, 0x5D, 0x0C, 0x1A, 0x1C, 0x2B, 0xB2, 0x01, 0x3C, 0x90, 0x5A, 0x26, 0x4D, 0x0D, 0x00, 
0x00, 0x02, 0x00, 0x59, 0x00, 0xBE, 0x02, 0x5B, 0x02, 0x5E, 0x00, 0x14, 0x00, 0x29, 0x00, 0x00, 
0x01, 0x14, 0x06, 0x23, 0x22, 0x26, 0x27, 0x26, 0x22, 0x06, 0x07, 0x23, 0x34, 0x36, 0x33, 0x32, 
0x1E, 0x01, 0x32, 0x36, 0x37, 0x17, 0x14, 0x06, 0x23, 0x22, 0x26, 0x27, 0x26, 0x22, 0x06, 0x07, 
0x23, 0x34, 0x36, 0x33, 0x32, 0x1E, 0x01, 0x32, 0x36, 0x37, 0x02, 0x5B, 0x51, 0x40, 0x26, 0x39, 
0x3C, 0x21, 0x2C, 0x1A, 0x05, 0x6A, 0x51, 0x40, 0x25, 0x3A, 0x5B, 0x2E, 0x1A, 0x05, 0x6A, 0x51, 
0x40, 0x26, 0x39, 0x3C, 0x21, 0x2C, 0x1A, 0x05, 0x6A, 0x51, 0x40, 0x25, 0x3A, 0x5B, 0x2E, 0x1A, 
0x05, 0x02, 0x5A, 0x5A, 0x62, 0x18, 0x25, 0x13, 0x22, 0x2A, 0x5A, 0x62, 0x18, 0x38, 0x22, 0x2A, 
0xE0, 0x5A, 0x62, 0x18, 0x25, 0x13, 0x22, 0x2A, 0x5A, 0x62, 0x18, 0x38, 0x22, 0x2A, 0x00, 0x00, 
0x00, 0x01, 0x00, 0x40, 0x00, 0x41, 0x02, 0x38, 0x02, 0xBC, 0x00, 0x13, 0x00, 0x00, 0x13, 0x33, 
0x37, 0x23, 0x35, 0x21, 0x37, 0x33, 0x07, 0x33, 0x15, 0x23, 0x07, 0x33, 0x15, 0x21, 0x07, 0x23, 
0x37, 0x23, 0x40, 0xBE, 0x2E, 0xEC, 0x01, 0x1E, 0x4B, 0x64, 0x4B, 0x76, 0xA8, 0x2E, 0xD6, 0xFE, 
0xF7, 0x4A, 0x64, 0x4A, 0x8B, 0x01, 0x4D, 0x63, 0x6C, 0xA0, 0xA0, 0x6C, 0x63, 0x6C, 0xA0, 0xA0, 
0x00, 0x02, 0x00, 0x43, 0xFF, 0xCC, 0x02, 0x1B, 0x02, 0xA6, 0x00, 0x07, 0x00, 0x0B, 0x00, 0x00, 
0x13, 0x35, 0x25, 0x15, 0x05, 0x15, 0x05, 0x15, 0x05, 0x21, 0x15, 0x21, 0x43, 0x01, 0xD7, 0xFE, 
0xA0, 0x01, 0x60, 0xFE, 0x29, 0x01, 0xD8, 0xFE, 0x28, 0x01, 0x4E, 0x7E, 0xDA, 0x72, 0x9F, 0x0B, 
0xA3, 0x72, 0x47, 0x62, 0x00, 0x02, 0x00, 0x4C, 0xFF, 0xCC, 0x02, 0x24, 0x02, 0xA6, 0x00, 0x07, 
0x00, 0x0B, 0x00, 0x00, 0x01, 0x15, 0x05, 0x35, 0x25, 0x35, 0x25, 0x35, 0x03, 0x21, 0x15, 0x21, 
0x02, 0x24, 0xFE, 0x29, 0x01, 0x60, 0xFE, 0xA0, 0x01, 0x01, 0xD8, 0xFE, 0x28, 0x01, 0xCC, 0x7E, 
0xD9, 0x72, 0xA3, 0x0B, 0x9F, 0x72, 0xFD, 0x88, 0x62, 0x00, 0x00, 0x00, 0x00, 0x01, 0x00, 0x5B, 
0x00, 0x21, 0x02, 0x2F, 0x01, 0xD4, 0x00, 0x03, 0x00, 0x00, 0x37, 0x11, 0x21, 0x11, 0x5B, 0x01, 
0xD4, 0x21, 0x01, 0xB3, 0xFE, 0x4D, 0x00, 0x00, 0x00, 0x03, 0x00, 0x28, 0x00, 0x00, 0x02, 0x53, 
0x02, 0xF7, 0x00, 0x13, 0x00, 0x17, 0x00, 0x1F, 0x00, 0x00, 0x13, 0x15, 0x33, 0x15, 0x23, 0x11, 
0x23, 0x11, 0x23, 0x35, 0x33, 0x35, 0x34, 0x36, 0x32, 0x17, 0x07, 0x26, 0x22, 0x06, 0x01, 0x23, 
0x11, 0x33, 0x26, 0x34, 0x36, 0x32, 0x16, 0x14, 0x06, 0x22, 0xDB, 0x8C, 0x8C, 0x70, 0x43, 0x43, 
0x65, 0x8F, 0x3B, 0x2E, 0x21, 0x48, 0x28, 0x01, 0x68, 0x70, 0x70, 0x7E, 0x2A, 0x3A, 0x2A, 0x2A, 
0x3A, 0x02, 0x40, 0x2C, 0x5A, 0xFE, 0x46, 0x01, 0xBA, 0x5A, 0x29, 0x54, 0x63, 0x35, 0x4F, 0x23, 
0x2D, 0xFD, 0x9A, 0x02, 0x14, 0x7F, 0x3A, 0x2A, 0x2A, 0x3A, 0x2A, 0x00, 0x00, 0x02, 0x00, 0x28, 
0x00, 0x00, 0x02, 0x43, 0x02, 0xF4, 0x00, 0x13, 0x00, 0x17, 0x00, 0x00, 0x13, 0x15, 0x33, 0x15, 
0x23, 0x11, 0x23, 0x11, 0x23, 0x35, 0x33, 0x35, 0x34, 0x36, 0x32, 0x17, 0x07, 0x26, 0x22, 0x06, 
0x01, 0x23, 0x11, 0x33, 0xDB, 0x8C, 0x8C, 0x70, 0x43, 0x43, 0x65, 0x8F, 0x3B, 0x2E, 0x21, 0x48, 
0x28, 0x01, 0x68, 0x70, 0x70, 0x02, 0x40, 0x2C, 0x5A, 0xFE, 0x46, 0x01, 0xBA, 0x5A, 0x29, 0x54, 
0x63, 0x35, 0x4F, 0x23, 0x2D, 0xFD, 0x9A, 0x02, 0xE6, 0x00, 0x00, 0x00, 0x00, 0x00, 0x00, 0x18, 
0x01, 0x26, 0x00, 0x01, 0x00, 0x00, 0x00, 0x00, 0x00, 0x00, 0x00, 0x6F, 0x00, 0xE0, 0x00, 0x01, 
0x00, 0x00, 0x00, 0x00, 0x00, 0x01, 0x00, 0x0A, 0x01, 0x66, 0x00, 0x01, 0x00, 0x00, 0x00, 0x00, 
0x00, 0x02, 0x00, 0x07, 0x01, 0x81, 0x00, 0x01, 0x00, 0x00, 0x00, 0x00, 0x00, 0x03, 0x00, 0x22, 
0x01, 0xCF, 0x00, 0x01, 0x00, 0x00, 0x00, 0x00, 0x00, 0x04, 0x00, 0x12, 0x02, 0x18, 0x00, 0x01, 
0x00, 0x00, 0x00, 0x00, 0x00, 0x05, 0x00, 0x0D, 0x02, 0x47, 0x00, 0x01, 0x00, 0x00, 0x00, 0x00, 
0x00, 0x06, 0x00, 0x12, 0x02, 0x7B, 0x00, 0x01, 0x00, 0x00, 0x00, 0x00, 0x00, 0x07, 0x00, 0x2F, 
0x02, 0xEE, 0x00, 0x01, 0x00, 0x00, 0x00, 0x00, 0x00, 0x08, 0x00, 0x11, 0x03, 0x42, 0x00, 0x01, 
0x00, 0x00, 0x00, 0x00, 0x00, 0x09, 0x00, 0x11, 0x03, 0x78, 0x00, 0x01, 0x00, 0x00, 0x00, 0x00, 
0x00, 0x0D, 0x00, 0x90, 0x04, 0xAC, 0x00, 0x01, 0x00, 0x00, 0x00, 0x00, 0x00, 0x0E, 0x00, 0x1A, 
0x05, 0x73, 0x00, 0x03, 0x00, 0x01, 0x04, 0x09, 0x00, 0x00, 0x00, 0xDE, 0x00, 0x00, 0x00, 0x03, 
0x00, 0x01, 0x04, 0x09, 0x00, 0x01, 0x00, 0x14, 0x01, 0x50, 0x00, 0x03, 0x00, 0x01, 0x04, 0x09, 
0x00, 0x02, 0x00, 0x0E, 0x01, 0x71, 0x00, 0x03, 0x00, 0x01, 0x04, 0x09, 0x00, 0x03, 0x00, 0x44, 
0x01, 0x89, 0x00, 0x03, 0x00, 0x01, 0x04, 0x09, 0x00, 0x04, 0x00, 0x24, 0x01, 0xF2, 0x00, 0x03, 
0x00, 0x01, 0x04, 0x09, 0x00, 0x05, 0x00, 0x1A, 0x02, 0x2B, 0x00, 0x03, 0x00, 0x01, 0x04, 0x09, 
0x00, 0x06, 0x00, 0x24, 0x02, 0x55, 0x00, 0x03, 0x00, 0x01, 0x04, 0x09, 0x00, 0x07, 0x00, 0x5E, 
0x02, 0x8E, 0x00, 0x03, 0x00, 0x01, 0x04, 0x09, 0x00, 0x08, 0x00, 0x22, 0x03, 0x1E, 0x00, 0x03, 
0x00, 0x01, 0x04, 0x09, 0x00, 0x09, 0x00, 0x22, 0x03, 0x54, 0x00, 0x03, 0x00, 0x01, 0x04, 0x09, 
0x00, 0x0D, 0x01, 0x20, 0x03, 0x8A, 0x00, 0x03, 0x00, 0x01, 0x04, 0x09, 0x00, 0x0E, 0x00, 0x34, 
0x05, 0x3D, 0x00, 0x43, 0x00, 0x6F, 0x00, 0x70, 0x00, 0x79, 0x00, 0x72, 0x00, 0x69, 0x00, 0x67, 
0x00, 0x68, 0x00, 0x74, 0x00, 0x20, 0x00, 0x28, 0x00, 0x63, 0x00, 0x29, 0x00, 0x20, 0x00, 0x32, 
0x00, 0x30, 0x00, 0x31, 0x00, 0x31, 0x00, 0x2D, 0x00, 0x32, 0x00, 0x30, 0x00, 0x31, 0x00, 0x32, 
0x00, 0x2C, 0x00, 0x20, 0x00, 0x4A, 0x00, 0x75, 0x00, 0x6C, 0x00, 0x69, 0x00, 0x65, 0x00, 0x74, 
0x00, 0x61, 0x00, 0x20, 0x00, 0x55, 0x00, 0x6C, 0x00, 0x61, 0x00, 0x6E, 0x00, 0x6F, 0x00, 0x76, 
0x00, 0x73, 0x00, 0x6B, 0x00, 0x79, 0x00, 0x20, 0x00, 0x28, 0x00, 0x6A, 0x00, 0x75, 0x00, 0x6C, 
0x00, 0x69, 0x00, 0x65, 0x00, 0x74, 0x00, 0x61, 0x00, 0x2E, 0x00, 0x75, 0x00, 0x6C, 0x00, 0x61, 
0x00, 0x6E, 0x00, 0x6F, 0x00, 0x76, 0x00, 0x73, 0x00, 0x6B, 0x00, 0x79, 0x00, 0x40, 0x00, 0x67, 
0x00, 0x6D, 0x00, 0x61, 0x00, 0x69, 0x00, 0x6C, 0x00, 0x2E, 0x00, 0x63, 0x00, 0x6F, 0x00, 0x6D, 
0x00, 0x29, 0x00, 0x2C, 0x00, 0x20, 0x00, 0x77, 0x00, 0x69, 0x00, 0x74, 0x00, 0x68, 0x00, 0x20, 
0x00, 0x52, 0x00, 0x65, 0x00, 0x73, 0x00, 0x65, 0x00, 0x72, 0x00, 0x76, 0x00, 0x65, 0x00, 0x64, 
0x00, 0x20, 0x00, 0x46, 0x00, 0x6F, 0x00, 0x6E, 0x00, 0x74, 0x00, 0x20, 0x00, 0x4E, 0x00, 0x61, 
0x00, 0x6D, 0x00, 0x65, 0x00, 0x73, 0x00, 0x20, 0x00, 0x27, 0x00, 0x4D, 0x00, 0x6F, 0x00, 0x6E, 
0x00, 0x74, 0x00, 0x73, 0x00, 0x65, 0x00, 0x72, 0x00, 0x72, 0x00, 0x61, 0x00, 0x74, 0x00, 0x27, 
0x00, 0x00, 0x43, 0x6F, 0x70, 0x79, 0x72, 0x69, 0x67, 0x68, 0x74, 0x20, 0x28, 0x63, 0x29, 0x20, 
0x32, 0x30, 0x31, 0x31, 0x2D, 0x32, 0x30, 0x31, 0x32, 0x2C, 0x20, 0x4A, 0x75, 0x6C, 0x69, 0x65, 
0x74, 0x61, 0x20, 0x55, 0x6C, 0x61, 0x6E, 0x6F, 0x76, 0x73, 0x6B, 0x79, 0x20, 0x28, 0x6A, 0x75, 
0x6C, 0x69, 0x65, 0x74, 0x61, 0x2E, 0x75, 0x6C, 0x61, 0x6E, 0x6F, 0x76, 0x73, 0x6B, 0x79, 0x40, 
0x67, 0x6D, 0x61, 0x69, 0x6C, 0x2E, 0x63, 0x6F, 0x6D, 0x29, 0x2C, 0x20, 0x77, 0x69, 0x74, 0x68, 
0x20, 0x52, 0x65, 0x73, 0x65, 0x72, 0x76, 0x65, 0x64, 0x20, 0x46, 0x6F, 0x6E, 0x74, 0x20, 0x4E, 
0x61, 0x6D, 0x65, 0x73, 0x20, 0x27, 0x4D, 0x6F, 0x6E, 0x74, 0x73, 0x65, 0x72, 0x72, 0x61, 0x74, 
0x27, 0x00, 0x00, 0x4D, 0x00, 0x6F, 0x00, 0x6E, 0x00, 0x74, 0x00, 0x73, 0x00, 0x65, 0x00, 0x72, 
0x00, 0x72, 0x00, 0x61, 0x00, 0x74, 0x00, 0x00, 0x4D, 0x6F, 0x6E, 0x74, 0x73, 0x65, 0x72, 0x72, 
0x61, 0x74, 0x00, 0x00, 0x52, 0x00, 0x65, 0x00, 0x67, 0x00, 0x75, 0x00, 0x6C, 0x00, 0x61, 0x00, 
0x72, 0x00, 0x00, 0x52, 0x65, 0x67, 0x75, 0x6C, 0x61, 0x72, 0x00, 0x00, 0x4A, 0x00, 0x75, 0x00, 
0x6C, 0x00, 0x69, 0x00, 0x65, 0x00, 0x74, 0x00, 0x61, 0x00, 0x55, 0x00, 0x6C, 0x00, 0x61, 0x00, 
0x6E, 0x00, 0x6F, 0x00, 0x76, 0x00, 0x73, 0x00, 0x6B, 0x00, 0x79, 0x00, 0x3A, 0x00, 0x20, 0x00, 
0x4D, 0x00, 0x6F, 0x00, 0x6E, 0x00, 0x74, 0x00, 0x73, 0x00, 0x65, 0x00, 0x72, 0x00, 0x72, 0x00, 
0x61, 0x00, 0x74, 0x00, 0x3A, 0x00, 0x20, 0x00, 0x32, 0x00, 0x30, 0x00, 0x31, 0x00, 0x30, 0x00, 
0x00, 0x4A, 0x75, 0x6C, 0x69, 0x65, 0x74, 0x61, 0x55, 0x6C, 0x61, 0x6E, 0x6F, 0x76, 0x73, 0x6B, 
0x79, 0x3A, 0x20, 0x4D, 0x6F, 0x6E, 0x74, 0x73, 0x65, 0x72, 0x72, 0x61, 0x74, 0x3A, 0x20, 0x32, 
0x30, 0x31, 0x30, 0x00, 0x00, 0x4D, 0x00, 0x6F, 0x00, 0x6E, 0x00, 0x74, 0x00, 0x73, 0x00, 0x65, 
0x00, 0x72, 0x00, 0x72, 0x00, 0x61, 0x00, 0x74, 0x00, 0x2D, 0x00, 0x52, 0x00, 0x65, 0x00, 0x67, 
0x00, 0x75, 0x00, 0x6C, 0x00, 0x61, 0x00, 0x72, 0x00, 0x00, 0x4D, 0x6F, 0x6E, 0x74, 0x73, 0x65, 
0x72, 0x72, 0x61, 0x74, 0x2D, 0x52, 0x65, 0x67, 0x75, 0x6C, 0x61, 0x72, 0x00, 0x00, 0x56, 0x00, 
0x65, 0x00, 0x72, 0x00, 0x73, 0x00, 0x69, 0x00, 0x6F, 0x00, 0x6E, 0x00, 0x20, 0x00, 0x32, 0x00, 
0x2E, 0x00, 0x30, 0x00, 0x30, 0x00, 0x31, 0x00, 0x00, 0x56, 0x65, 0x72, 0x73, 0x69, 0x6F, 0x6E, 
0x20, 0x32, 0x2E, 0x30, 0x30, 0x31, 0x00, 0x00, 0x4D, 0x00, 0x6F, 0x00, 0x6E, 0x00, 0x74, 0x00, 
0x73, 0x00, 0x65, 0x00, 0x72, 0x00, 0x72, 0x00, 0x61, 0x00, 0x74, 0x00, 0x2D, 0x00, 0x52, 0x00, 
0x65, 0x00, 0x67, 0x00, 0x75, 0x00, 0x6C, 0x00, 0x61, 0x00, 0x72, 0x00, 0x00, 0x4D, 0x6F, 0x6E, 
0x74, 0x73, 0x65, 0x72, 0x72, 0x61, 0x74, 0x2D, 0x52, 0x65, 0x67, 0x75, 0x6C, 0x61, 0x72, 0x00, 
0x00, 0x4D, 0x00, 0x6F, 0x00, 0x6E, 0x00, 0x74, 0x00, 0x73, 0x00, 0x65, 0x00, 0x72, 0x00, 0x72, 
0x00, 0x61, 0x00, 0x74, 0x00, 0x20, 0x00, 0x69, 0x00, 0x73, 0x00, 0x20, 0x00, 0x61, 0x00, 0x20, 
0x00, 0x74, 0x00, 0x72, 0x00, 0x61, 0x00, 0x64, 0x00, 0x65, 0x00, 0x6D, 0x00, 0x61, 0x00, 0x72, 
0x00, 0x6B, 0x00, 0x20, 0x00, 0x6F, 0x00, 0x66, 0x00, 0x20, 0x00, 0x4A, 0x00, 0x75, 0x00, 0x6C, 
0x00, 0x69, 0x00, 0x65, 0x00, 0x74, 0x00, 0x61, 0x00, 0x20, 0x00, 0x55, 0x00, 0x6C, 0x00, 0x61, 
0x00, 0x6E, 0x00, 0x6F, 0x00, 0x76, 0x00, 0x73, 0x00, 0x6B, 0x00, 0x79, 0x00, 0x2E, 0x00, 0x00, 
0x4D, 0x6F, 0x6E, 0x74, 0x73, 0x65, 0x72, 0x72, 0x61, 0x74, 0x20, 0x69, 0x73, 0x20, 0x61, 0x20, 
0x74, 0x72, 0x61, 0x64, 0x65, 0x6D, 0x61, 0x72, 0x6B, 0x20, 0x6F, 0x66, 0x20, 0x4A, 0x75, 0x6C, 
0x69, 0x65, 0x74, 0x61, 0x20, 0x55, 0x6C, 0x61, 0x6E, 0x6F, 0x76, 0x73, 0x6B, 0x79, 0x2E, 0x00, 
0x00, 0x4A, 0x00, 0x75, 0x00, 0x6C, 0x00, 0x69, 0x00, 0x65, 0x00, 0x74, 0x00, 0x61, 0x00, 0x20, 
0x00, 0x55, 0x00, 0x6C, 0x00, 0x61, 0x00, 0x6E, 0x00, 0x6F, 0x00, 0x76, 0x00, 0x73, 0x00, 0x6B, 
0x00, 0x79, 0x00, 0x00, 0x4A, 0x75, 0x6C, 0x69, 0x65, 0x74, 0x61, 0x20, 0x55, 0x6C, 0x61, 0x6E, 
0x6F, 0x76, 0x73, 0x6B, 0x79, 0x00, 0x00, 0x4A, 0x00, 0x75, 0x00, 0x6C, 0x00, 0x69, 0x00, 0x65, 
0x00, 0x74, 0x00, 0x61, 0x00, 0x20, 0x00, 0x55, 0x00, 0x6C, 0x00, 0x61, 0x00, 0x6E, 0x00, 0x6F, 
0x00, 0x76, 0x00, 0x73, 0x00, 0x6B, 0x00, 0x79, 0x00, 0x00, 0x4A, 0x75, 0x6C, 0x69, 0x65, 0x74, 
0x61, 0x20, 0x55, 0x6C, 0x61, 0x6E, 0x6F, 0x76, 0x73, 0x6B, 0x79, 0x00, 0x00, 0x54, 0x00, 0x68, 
0x00, 0x69, 0x00, 0x73, 0x00, 0x20, 0x00, 0x46, 0x00, 0x6F, 0x00, 0x6E, 0x00, 0x74, 0x00, 0x20, 
0x00, 0x53, 0x00, 0x6F, 0x00, 0x66, 0x00, 0x74, 0x00, 0x77, 0x00, 0x61, 0x00, 0x72, 0x00, 0x65, 
0x00, 0x20, 0x00, 0x69, 0x00, 0x73, 0x00, 0x20, 0x00, 0x6C, 0x00, 0x69, 0x00, 0x63, 0x00, 0x65, 
0x00, 0x6E, 0x00, 0x73, 0x00, 0x65, 0x00, 0x64, 0x00, 0x20, 0x00, 0x75, 0x00, 0x6E, 0x00, 0x64, 
0x00, 0x65, 0x00, 0x72, 0x00, 0x20, 0x00, 0x74, 0x00, 0x68, 0x00, 0x65, 0x00, 0x20, 0x00, 0x53, 
0x00, 0x49, 0x00, 0x4C, 0x00, 0x20, 0x00, 0x4F, 0x00, 0x70, 0x00, 0x65, 0x00, 0x6E, 0x00, 0x20, 
0x00, 0x46, 0x00, 0x6F, 0x00, 0x6E, 0x00, 0x74, 0x00, 0x20, 0x00, 0x4C, 0x00, 0x69, 0x00, 0x63, 
0x00, 0x65, 0x00, 0x6E, 0x00, 0x73, 0x00, 0x65, 0x00, 0x2C, 0x00, 0x20, 0x00, 0x56, 0x00, 0x65, 
0x00, 0x72, 0x00, 0x73, 0x00, 0x69, 0x00, 0x6F, 0x00, 0x6E, 0x00, 0x20, 0x00, 0x31, 0x00, 0x2E, 
0x00, 0x31, 0x00, 0x2E, 0x00, 0x20, 0x00, 0x54, 0x00, 0x68, 0x00, 0x69, 0x00, 0x73, 0x00, 0x20, 
0x00, 0x6C, 0x00, 0x69, 0x00, 0x63, 0x00, 0x65, 0x00, 0x6E, 0x00, 0x73, 0x00, 0x65, 0x00, 0x20, 
0x00, 0x69, 0x00, 0x73, 0x00, 0x20, 0x00, 0x61, 0x00, 0x76, 0x00, 0x61, 0x00, 0x69, 0x00, 0x6C, 
0x00, 0x61, 0x00, 0x62, 0x00, 0x6C, 0x00, 0x65, 0x00, 0x20, 0x00, 0x77, 0x00, 0x69, 0x00, 0x74, 
0x00, 0x68, 0x00, 0x20, 0x00, 0x61, 0x00, 0x20, 0x00, 0x46, 0x00, 0x41, 0x00, 0x51, 0x00, 0x20, 
0x00, 0x61, 0x00, 0x74, 0x00, 0x3A, 0x00, 0x20, 0x00, 0x68, 0x00, 0x74, 0x00, 0x74, 0x00, 0x70, 
0x00, 0x3A, 0x00, 0x2F, 0x00, 0x2F, 0x00, 0x73, 0x00, 0x63, 0x00, 0x72, 0x00, 0x69, 0x00, 0x70, 
0x00, 0x74, 0x00, 0x73, 0x00, 0x2E, 0x00, 0x73, 0x00, 0x69, 0x00, 0x6C, 0x00, 0x2E, 0x00, 0x6F, 
0x00, 0x72, 0x00, 0x67, 0x00, 0x2F, 0x00, 0x4F, 0x00, 0x46, 0x00, 0x4C, 0x00, 0x00, 0x54, 0x68, 
0x69, 0x73, 0x20, 0x46, 0x6F, 0x6E, 0x74, 0x20, 0x53, 0x6F, 0x66, 0x74, 0x77, 0x61, 0x72, 0x65, 
0x20, 0x69, 0x73, 0x20, 0x6C, 0x69, 0x63, 0x65, 0x6E, 0x73, 0x65, 0x64, 0x20, 0x75, 0x6E, 0x64, 
0x65, 0x72, 0x20, 0x74, 0x68, 0x65, 0x20, 0x53, 0x49, 0x4C, 0x20, 0x4F, 0x70, 0x65, 0x6E, 0x20, 
0x46, 0x6F, 0x6E, 0x74, 0x20, 0x4C, 0x69, 0x63, 0x65, 0x6E, 0x73, 0x65, 0x2C, 0x20, 0x56, 0x65, 
0x72, 0x73, 0x69, 0x6F, 0x6E, 0x20, 0x31, 0x2E, 0x31, 0x2E, 0x20, 0x54, 0x68, 0x69, 0x73, 0x20, 
0x6C, 0x69, 0x63, 0x65, 0x6E, 0x73, 0x65, 0x20, 0x69, 0x73, 0x20, 0x61, 0x76, 0x61, 0x69, 0x6C, 
0x61, 0x62, 0x6C, 0x65, 0x20, 0x77, 0x69, 0x74, 0x68, 0x20, 0x61, 0x20, 0x46, 0x41, 0x51, 0x20, 
0x61, 0x74, 0x3A, 0x20, 0x68, 0x74, 0x74, 0x70, 0x3A, 0x2F, 0x2F, 0x73, 0x63, 0x72, 0x69, 0x70, 
0x74, 0x73, 0x2E, 0x73, 0x69, 0x6C, 0x2E, 0x6F, 0x72, 0x67, 0x2F, 0x4F, 0x46, 0x4C, 0x00, 0x00, 
0x68, 0x00, 0x74, 0x00, 0x74, 0x00, 0x70, 0x00, 0x3A, 0x00, 0x2F, 0x00, 0x2F, 0x00, 0x73, 0x00, 
0x63, 0x00, 0x72, 0x00, 0x69, 0x00, 0x70, 0x00, 0x74, 0x00, 0x73, 0x00, 0x2E, 0x00, 0x73, 0x00, 
0x69, 0x00, 0x6C, 0x00, 0x2E, 0x00, 0x6F, 0x00, 0x72, 0x00, 0x67, 0x00, 0x2F, 0x00, 0x4F, 0x00, 
0x46, 0x00, 0x4C, 0x00, 0x00, 0x68, 0x74, 0x74, 0x70, 0x3A, 0x2F, 0x2F, 0x73, 0x63, 0x72, 0x69, 
0x70, 0x74, 0x73, 0x2E, 0x73, 0x69, 0x6C, 0x2E, 0x6F, 0x72, 0x67, 0x2F, 0x4F, 0x46, 0x4C, 0x00, 
0x00, 0x02, 0x00, 0x00, 0x00, 0x00, 0x00, 0x00, 0xFF, 0xB5, 0x00, 0x32, 0x00, 0x00, 0x00, 0x00, 
0x00, 0x00, 0x00, 0x00, 0x00, 0x00, 0x00, 0x00, 0x00, 0x00, 0x00, 0x00, 0x00, 0x00, 0x00, 0x00, 
0x01, 0x07, 0x00, 0x00, 0x00, 0x01, 0x00, 0x02, 0x01, 0x02, 0x01, 0x03, 0x00, 0x03, 0x00, 0x04, 
0x00, 0x05, 0x00, 0x06, 0x00, 0x07, 0x00, 0x08, 0x00, 0x09, 0x00, 0x0A, 0x00, 0x0B, 0x00, 0x0C, 
0x00, 0x0D, 0x00, 0x0E, 0x00, 0x0F, 0x00, 0x10, 0x00, 0x11, 0x00, 0x12, 0x00, 0x13, 0x00, 0x14, 
0x00, 0x15, 0x00, 0x16, 0x00, 0x17, 0x00, 0x18, 0x00, 0x19, 0x00, 0x1A, 0x00, 0x1B, 0x00, 0x1C, 
0x00, 0x1D, 0x00, 0x1E, 0x00, 0x1F, 0x00, 0x20, 0x00, 0x21, 0x00, 0x22, 0x00, 0x23, 0x00, 0x24, 
0x00, 0x25, 0x00, 0x26, 0x00, 0x27, 0x00, 0x28, 0x00, 0x29, 0x00, 0x2A, 0x00, 0x2B, 0x00, 0x2C, 
0x00, 0x2D, 0x00, 0x2E, 0x00, 0x2F, 0x00, 0x30, 0x00, 0x31, 0x00, 0x32, 0x00, 0x33, 0x00, 0x34, 
0x00, 0x35, 0x00, 0x36, 0x00, 0x37, 0x00, 0x38, 0x00, 0x39, 0x00, 0x3A, 0x00, 0x3B, 0x00, 0x3C, 
0x00, 0x3D, 0x00, 0x3E, 0x00, 0x3F, 0x00, 0x40, 0x00, 0x41, 0x00, 0x42, 0x00, 0x43, 0x00, 0x44, 
0x00, 0x45, 0x00, 0x46, 0x00, 0x47, 0x00, 0x48, 0x00, 0x49, 0x00, 0x4A, 0x00, 0x4B, 0x00, 0x4C, 
0x00, 0x4D, 0x00, 0x4E, 0x00, 0x4F, 0x00, 0x50, 0x00, 0x51, 0x00, 0x52, 0x00, 0x53, 0x00, 0x54, 
0x00, 0x55, 0x00, 0x56, 0x00, 0x57, 0x00, 0x58, 0x00, 0x59, 0x00, 0x5A, 0x00, 0x5B, 0x00, 0x5C, 
0x00, 0x5D, 0x00, 0x5E, 0x00, 0x5F, 0x00, 0x60, 0x00, 0x61, 0x00, 0xA3, 0x00, 0x84, 0x00, 0x85, 
0x00, 0xBD, 0x00, 0x96, 0x00, 0xE8, 0x00, 0x86, 0x00, 0x8E, 0x00, 0x8B, 0x00, 0x9D, 0x00, 0xA9, 
0x00, 0xA4, 0x00, 0x8A, 0x00, 0xDA, 0x00, 0x83, 0x00, 0x93, 0x00, 0xF2, 0x00, 0xF3, 0x00, 0x8D, 
0x00, 0x97, 0x00, 0x88, 0x00, 0xC3, 0x00, 0xDE, 0x00, 0xF1, 0x00, 0x9E, 0x00, 0xAA, 0x00, 0xF5, 
0x00, 0xF4, 0x00, 0xF6, 0x00, 0xA2, 0x00, 0xAD, 0x00, 0xC9, 0x00, 0xC7, 0x00, 0xAE, 0x00, 0x62, 
0x00, 0x63, 0x00, 0x90, 0x00, 0x64, 0x00, 0xCB, 0x00, 0x65, 0x00, 0xC8, 0x00, 0xCA, 0x00, 0xCF, 
0x00, 0xCC, 0x00, 0xCD, 0x00, 0xCE, 0x00, 0xE9, 0x00, 0x66, 0x00, 0xD3, 0x00, 0xD0, 0x00, 0xD1, 
0x00, 0xAF, 0x00, 0x67, 0x00, 0xF0, 0x00, 0x91, 0x00, 0xD6, 0x00, 0xD4, 0x00, 0xD5, 0x00, 0x68, 
0x00, 0xEB, 0x00, 0xED, 0x00, 0x89, 0x00, 0x6A, 0x00, 0x69, 0x00, 0x6B, 0x00, 0x6D, 0x00, 0x6C, 
0x00, 0x6E, 0x00, 0xA0, 0x00, 0x6F, 0x00, 0x71, 0x00, 0x70, 0x00, 0x72, 0x00, 0x73, 0x00, 0x75, 
0x00, 0x74, 0x00, 0x76, 0x00, 0x77, 0x00, 0xEA, 0x00, 0x78, 0x00, 0x7A, 0x00, 0x79, 0x00, 0x7B, 
0x00, 0x7D, 0x00, 0x7C, 0x00, 0xB8, 0x00, 0xA1, 0x00, 0x7F, 0x00, 0x7E, 0x00, 0x80, 0x00, 0x81, 
0x00, 0xEC, 0x00, 0xEE, 0x00, 0xBA, 0x01, 0x04, 0x01, 0x05, 0x01, 0x06, 0x00, 0xD7, 0x01, 0x07, 
0x01, 0x08, 0x01, 0x09, 0x01, 0x0A, 0x01, 0x0B, 0x01, 0x0C, 0x00, 0xE2, 0x00, 0xE3, 0x01, 0x0D, 
0x01, 0x0E, 0x00, 0xB0, 0x00, 0xB1, 0x01, 0x0F, 0x01, 0x10, 0x01, 0x11, 0x01, 0x12, 0x01, 0x13, 
0x00, 0xE4, 0x00, 0xE5, 0x00, 0xE6, 0x00, 0xE7, 0x00, 0xA6, 0x00, 0xD8, 0x00, 0xE1, 0x00, 0xDB, 
0x00, 0xDC, 0x00, 0xDD, 0x00, 0xE0, 0x00, 0xD9, 0x00, 0xDF, 0x00, 0x9B, 0x00, 0xB2, 0x00, 0xB3, 
0x00, 0xB6, 0x00, 0xB7, 0x00, 0xC4, 0x00, 0xB4, 0x00, 0xB5, 0x00, 0xC5, 0x00, 0x82, 0x00, 0xC2, 
0x00, 0x87, 0x00, 0xAB, 0x00, 0xC6, 0x00, 0xBE, 0x00, 0xBF, 0x00, 0xBC, 0x01, 0x14, 0x00, 0x8C, 
0x00, 0x9F, 0x00, 0x98, 0x00, 0xA8, 0x00, 0x9A, 0x00, 0x99, 0x00, 0xEF, 0x00, 0xA5, 0x00, 0x92, 
0x00, 0x9C, 0x00, 0xA7, 0x00, 0x8F, 0x00, 0x94, 0x00, 0x95, 0x00, 0xB9, 0x00, 0xC0, 0x00, 0xC1, 
0x04, 0x4E, 0x55, 0x4C, 0x4C, 0x02, 0x43, 0x52, 0x04, 0x68, 0x62, 0x61, 0x72, 0x06, 0x49, 0x74, 
0x69, 0x6C, 0x64, 0x65, 0x06, 0x69, 0x74, 0x69, 0x6C, 0x64, 0x65, 0x02, 0x69, 0x6A, 0x0B, 0x4A, 
0x63, 0x69, 0x72, 0x63, 0x75, 0x6D, 0x66, 0x6C, 0x65, 0x78, 0x0B, 0x6A, 0x63, 0x69, 0x72, 0x63, 
0x75, 0x6D, 0x66, 0x6C, 0x65, 0x78, 0x08, 0x6B, 0x63, 0x65, 0x64, 0x69, 0x6C, 0x6C, 0x61, 0x0C, 
0x6B, 0x67, 0x72, 0x65, 0x65, 0x6E, 0x6C, 0x61, 0x6E, 0x64, 0x69, 0x63, 0x04, 0x6C, 0x64, 0x6F, 
0x74, 0x06, 0x4E, 0x61, 0x63, 0x75, 0x74, 0x65, 0x06, 0x6E, 0x61, 0x63, 0x75, 0x74, 0x65, 0x06, 
0x52, 0x61, 0x63, 0x75, 0x74, 0x65, 0x0C, 0x52, 0x63, 0x6F, 0x6D, 0x6D, 0x61, 0x61, 0x63, 0x63, 
0x65, 0x6E, 0x74, 0x0C, 0x72, 0x63, 0x6F, 0x6D, 0x6D, 0x61, 0x61, 0x63, 0x63, 0x65, 0x6E, 0x74, 
0x06, 0x52, 0x63, 0x61, 0x72, 0x6F, 0x6E, 0x06, 0x72, 0x63, 0x61, 0x72, 0x6F, 0x6E, 0x04, 0x45, 
0x75, 0x72, 0x6F, 0x00, 0x00, 0x01, 0x00, 0x01, 0xFF, 0xFF, 0x00, 0x0F, 0x00, 0x00, 0x00, 0x01, 
0x00, 0x00, 0x00, 0x00, 0xCC, 0x6D, 0xB1, 0x55, 0x00, 0x00, 0x00, 0x00, 0xCA, 0xEF, 0x27, 0xB4, 
0x00, 0x00, 0x00, 0x00, 0xCC, 0x8F, 0x64, 0x3A, 0x00, 0x01, 0x00, 0x00, 0x00, 0x0E, 0x00, 0x00, 
0x00, 0x18, 0x00, 0x00, 0x00, 0x00, 0x00, 0x02, 0x00, 0x01, 0x00, 0x03, 0x01, 0x06, 0x00, 0x01, 
0x00, 0x04, 0x00, 0x00, 0x00, 0x02, 0x00, 0x00, 0x00, 0x01, 0x00, 0x00, 0x00, 0x0A, 0x00, 0x1E, 
0x00, 0x2C, 0x00, 0x01, 0x6C, 0x61, 0x74, 0x6E, 0x00, 0x08, 0x00, 0x04, 0x00, 0x00, 0x00, 0x00, 
0xFF, 0xFF, 0x00, 0x01, 0x00, 0x00, 0x00, 0x01, 0x6B, 0x65, 0x72, 0x6E, 0x00, 0x08, 0x00, 0x00, 
0x00, 0x01, 0x00, 0x00, 0x00, 0x01, 0x00, 0x04, 0x00, 0x02, 0x00, 0x00, 0x00, 0x01, 0x00, 0x08, 
0x00, 0x01, 0x12, 0xEE, 0x00, 0x04, 0x00, 0x00, 0x00, 0x59, 0x00, 0xBC, 0x00, 0xDE, 0x01, 0x0C, 
0x01, 0x62, 0x01, 0x68, 0x01, 0x9A, 0x01, 0xA0, 0x01, 0xEA, 0x02, 0x34, 0x02, 0x96, 0x02, 0xB4, 
0x02, 0xC2, 0x02, 0xC8, 0x02, 0xF2, 0x02, 0xF8, 0x02, 0xFE, 0x03, 0x30, 0x03, 0x42, 0x03, 0x60, 
0x03, 0x86, 0x03, 0x9C, 0x04, 0x0A, 0x04, 0x58, 0x04, 0x86, 0x04, 0xA0, 0x04, 0xFA, 0x05, 0x30, 
0x05, 0x5E, 0x05, 0xA4, 0x05, 0xEE, 0x06, 0x54, 0x06, 0xBA, 0x06, 0xF8, 0x07, 0x06, 0x07, 0x3C, 
0x07, 0x76, 0x08, 0x10, 0x08, 0x5A, 0x08, 0xE4, 0x09, 0x5A, 0x09, 0x9C, 0x0A, 0x3A, 0x0A, 0x70, 
0x0A, 0xCE, 0x0B, 0x0C, 0x0B, 0x6A, 0x0B, 0xB0, 0x0B, 0xCA, 0x0C, 0x2C, 0x0B, 0xB0, 0x0C, 0x8E, 
0x0C, 0x98, 0x0C, 0xCA, 0x0C, 0xE8, 0x0D, 0x4A, 0x0D, 0xC4, 0x0D, 0xCA, 0x0E, 0x1C, 0x0E, 0x62, 
0x0E, 0x88, 0x0E, 0xC2, 0x0F, 0x0C, 0x0F, 0x4E, 0x0F, 0x7C, 0x0F, 0xC6, 0x10, 0x00, 0x10, 0x22, 
0x01, 0x62, 0x10, 0x2C, 0x10, 0x46, 0x10, 0x4C, 0x10, 0x62, 0x10, 0x74, 0x10, 0x7A, 0x10, 0xC0, 
0x11, 0x1A, 0x11, 0x30, 0x11, 0x3E, 0x11, 0x50, 0x11, 0xC6, 0x11, 0xE0, 0x11, 0xE6, 0x11, 0xF8, 
0x12, 0x1E, 0x12, 0x5C, 0x12, 0x6E, 0x12, 0xB0, 0x12, 0xC2, 0x12, 0xDC, 0x00, 0x08, 0x00, 0x0C, 
0xFF, 0xE3, 0x00, 0x26, 0x00, 0x06, 0x00, 0x39, 0xFF, 0xEA, 0x00, 0x3B, 0xFF, 0xEA, 0x00, 0x3C, 
0xFF, 0xEF, 0x00, 0x3E, 0xFF, 0xE7, 0x00, 0x88, 0x00, 0x0D, 0x00, 0xE8, 0xFF, 0xE3, 0x00, 0x0B, 
0x00, 0x0B, 0xFF, 0xED, 0x00, 0x13, 0xFF, 0x82, 0x00, 0x14, 0xFF, 0xB7, 0x00, 0x19, 0xFF, 0xEA, 
0x00, 0x1F, 0xFF, 0xF7, 0x00, 0x26, 0xFF, 0xD2, 0x00, 0x2F, 0xFF, 0xEF, 0x00, 0x54, 0xFF, 0xF5, 
0x00, 0x88, 0xFF, 0xCC, 0x00, 0xB2, 0xFF, 0xF0, 0x00, 0xF2, 0xFF, 0xF2, 0x00, 0x15, 0x00, 0x0D, 
0xFF, 0xF6, 0x00, 0x15, 0xFF, 0xED, 0x00, 0x19, 0xFF, 0xEA, 0x00, 0x1B, 0xFF, 0xEC, 0x00, 0x1D, 
0xFF, 0xF0, 0x00, 0x1E, 0xFF, 0xF6, 0x00, 0x34, 0xFF, 0xEA, 0x00, 0x38, 0xFF, 0xF5, 0x00, 0x46, 
0xFF, 0xED, 0x00, 0x4B, 0xFF, 0xF4, 0x00, 0x4F, 0x00, 0x5C, 0x00, 0x53, 0xFF, 0xF1, 0x00, 0x54, 
0xFF, 0xE5, 0x00, 0x58, 0xFF, 0xEF, 0x00, 0x59, 0xFF, 0xF3, 0x00, 0x5A, 0xFF, 0xEB, 0x00, 0x5B, 
0xFF, 0xF3, 0x00, 0x5C, 0xFF, 0xF1, 0x00, 0x60, 0xFF, 0xF6, 0x00, 0xB2, 0xFF, 0xEC, 0x00, 0xC8, 
0x00, 0x5C, 0x00, 0x01, 0x00, 0x0E, 0xFF, 0xF6, 0x00, 0x0C, 0x00, 0x26, 0xFF, 0xD4, 0x00, 0x2F, 
0xFF, 0xEC, 0x00, 0x54, 0xFF, 0xF5, 0x00, 0x5B, 0x00, 0x09, 0x00, 0x5E, 0x00, 0x07, 0x00, 0x88, 
0xFF, 0xCE, 0x00, 0xAE, 0x00, 0x08, 0x00, 0xB0, 0x00, 0x20, 0x00, 0xB1, 0x00, 0x0F, 0x00, 0xB2, 
0xFF, 0xEF, 0x00, 0xC4, 0x00, 0x14, 0x00, 0xC8, 0x00, 0x22, 0x00, 0x01, 0x00, 0x18, 0xFF, 0xF6, 
0x00, 0x12, 0x00, 0x16, 0xFF, 0xE5, 0x00, 0x17, 0xFF, 0xED, 0x00, 0x18, 0xFF, 0xED, 0x00, 0x1C, 
0xFF, 0xED, 0x00, 0x26, 0xFF, 0xF4, 0x00, 0x2F, 0xFF, 0xE3, 0x00, 0x38, 0xFF, 0xF8, 0x00, 0x39, 
0xFF, 0xC7, 0x00, 0x3B, 0xFF, 0xE6, 0x00, 0x3C, 0xFF, 0xED, 0x00, 0x3D, 0xFF, 0xE4, 0x00, 0x3E, 
0xFF, 0xD3, 0x00, 0x3F, 0xFF, 0xED, 0x00, 0x4B, 0xFF, 0xF7, 0x00, 0x59, 0xFF, 0xF7, 0x00, 0x5D, 
0xFF, 0xE9, 0x00, 0x5F, 0xFF, 0xEF, 0x00, 0x88, 0xFF, 0xF7, 0x00, 0x12, 0x00, 0x0C, 0xFF, 0x82, 
0x00, 0x15, 0xFF, 0xF5, 0x00, 0x16, 0xFF, 0xE1, 0x00, 0x1B, 0xFF, 0xF6, 0x00, 0x1C, 0xFF, 0xEF, 
0x00, 0x34, 0xFF, 0xED, 0x00, 0x39, 0xFF, 0xC6, 0x00, 0x3A, 0xFF, 0xF1, 0x00, 0x3B, 0xFF, 0xC6, 
0x00, 0x3C, 0xFF, 0xD1, 0x00, 0x3E, 0xFF, 0xC2, 0x00, 0x4B, 0xFF, 0xF8, 0x00, 0x59, 0xFF, 0xF0, 
0x00, 0x5B, 0xFF, 0xDC, 0x00, 0x5C, 0xFF, 0xE4, 0x00, 0x5E, 0xFF, 0xDC, 0x00, 0xE7, 0xFF, 0x73, 
0x00, 0xE8, 0xFF, 0x73, 0x00, 0x18, 0x00, 0x14, 0xFE, 0xE7, 0x00, 0x15, 0xFF, 0xEB, 0x00, 0x19, 
0xFF, 0xD6, 0x00, 0x1B, 0xFF, 0xEA, 0x00, 0x1D, 0xFF, 0xED, 0x00, 0x1E, 0xFF, 0xF6, 0x00, 0x26, 
0xFF, 0xC3, 0x00, 0x2F, 0xFF, 0xF1, 0x00, 0x34, 0xFF, 0xE7, 0x00, 0x38, 0xFF, 0xF0, 0x00, 0x46, 
0xFF, 0xD7, 0x00, 0x4B, 0xFF, 0xF3, 0x00, 0x53, 0xFF, 0xE4, 0x00, 0x54, 0xFF, 0xD2, 0x00, 0x58, 
0xFF, 0xD5, 0x00, 0x5A, 0xFF, 0xE6, 0x00, 0x5B, 0xFF, 0xF6, 0x00, 0x5C, 0xFF, 0xF5, 0x00, 0x5D, 
0xFF, 0xEF, 0x00, 0x5F, 0xFF, 0xE6, 0x00, 0x88, 0xFF, 0xBE, 0x00, 0x91, 0x00, 0x08, 0x00, 0xB2, 
0xFF, 0xE8, 0x00, 0xC3, 0x00, 0x11, 0x00, 0x07, 0x00, 0x0E, 0xFF, 0xED, 0x00, 0x13, 0xFF, 0xF5, 
0x00, 0x14, 0xFF, 0xE8, 0x00, 0x26, 0xFF, 0xF6, 0x00, 0x41, 0xFF, 0xF3, 0x00, 0x42, 0xFF, 0xEB, 
0x00, 0xF4, 0xFF, 0xF2, 0x00, 0x03, 0x00, 0x12, 0xFF, 0xF5, 0x00, 0x79, 0xFF, 0xEF, 0x00, 0xFC, 
0xFF, 0xF6, 0x00, 0x01, 0x00, 0x14, 0xFF, 0xF0, 0x00, 0x0A, 0x00, 0x0C, 0xFF, 0xEB, 0x00, 0x0E, 
0xFF, 0xF1, 0x00, 0x16, 0xFF, 0xF4, 0x00, 0x1C, 0xFF, 0xF3, 0x00, 0x39, 0xFF, 0xEC, 0x00, 0x3B, 
0xFF, 0xF3, 0x00, 0x3E, 0xFF, 0xF1, 0x00, 0x41, 0xFF, 0xEE, 0x00, 0x42, 0xFF, 0xF1, 0x00, 0x72, 
0xFF, 0xE8, 0x00, 0x01, 0x00, 0x14, 0xFF, 0xF2, 0x00, 0x01, 0x00, 0x14, 0xFF, 0xF3, 0x00, 0x0C, 
0x00, 0x12, 0xFF, 0xE6, 0x00, 0x13, 0xFF, 0xBE, 0x00, 0x14, 0xFF, 0xC4, 0x00, 0x19, 0xFF, 0xEC, 
0x00, 0x26, 0xFF, 0xD8, 0x00, 0x3B, 0x00, 0x06, 0x00, 0x3E, 0x00, 0x10, 0x00, 0x65, 0xFF, 0xEC, 
0x00, 0x79, 0xFF, 0xE6, 0x00, 0x88, 0xFF, 0xD4, 0x00, 0xF4, 0xFF, 0xC5, 0x00, 0xFC, 0xFF, 0xE8, 
0x00, 0x04, 0x00, 0x0E, 0xFF, 0xF0, 0x00, 0x14, 0xFF, 0xF1, 0x00, 0x41, 0xFF, 0xF6, 0x00, 0x42, 
0xFF, 0xF0, 0x00, 0x07, 0x00, 0x0E, 0xFF, 0xED, 0x00, 0x13, 0xFF, 0xF4, 0x00, 0x14, 0xFF, 0xE8, 
0x00, 0x26, 0xFF, 0xF6, 0x00, 0x41, 0xFF, 0xF4, 0x00, 0x42, 0xFF, 0xEC, 0x00, 0xF4, 0xFF, 0xF2, 
0x00, 0x09, 0x00, 0x0C, 0xFF, 0xF7, 0x00, 0x39, 0xFF, 0xC9, 0x00, 0x3B, 0xFF, 0xE4, 0x00, 0x3C, 
0xFF, 0xEB, 0x00, 0x3E, 0xFF, 0xD3, 0x00, 0x59, 0xFF, 0xF8, 0x00, 0x5B, 0xFF, 0xF6, 0x00, 0x5E, 
0xFF, 0xF7, 0x00, 0xE8, 0xFF, 0xC2, 0x00, 0x05, 0x00, 0x39, 0xFF, 0xE7, 0x00, 0x3B, 0xFF, 0xF0, 
0x00, 0x3C, 0xFF, 0xF6, 0x00, 0x3E, 0xFF, 0xE6, 0x00, 0xE8, 0xFF, 0xEE, 0x00, 0x1B, 0x00, 0x0C, 
0xFF, 0xD2, 0x00, 0x0F, 0xFF, 0xD4, 0x00, 0x12, 0xFF, 0xF4, 0x00, 0x15, 0xFF, 0xF6, 0x00, 0x16, 
0xFF, 0xEB, 0x00, 0x1B, 0xFF, 0xF6, 0x00, 0x24, 0xFF, 0xEB, 0x00, 0x34, 0xFF, 0xEE, 0x00, 0x39, 
0xFF, 0xC9, 0x00, 0x3A, 0xFF, 0xEF, 0x00, 0x3B, 0xFF, 0xD8, 0x00, 0x3C, 0xFF, 0xDF, 0x00, 0x3E, 
0xFF, 0xCD, 0x00, 0x41, 0xFF, 0xC9, 0x00, 0x42, 0xFF, 0xF3, 0x00, 0x4B, 0xFF, 0xF7, 0x00, 0x54, 
0xFF, 0xF5, 0x00, 0x59, 0xFF, 0xE8, 0x00, 0x5A, 0xFF, 0xF8, 0x00, 0x5B, 0xFF, 0xE3, 0x00, 0x5C, 
0xFF, 0xE7, 0x00, 0x5E, 0xFF, 0xE3, 0x00, 0x70, 0xFF, 0xF4, 0x00, 0xB2, 0xFF, 0xF7, 0x00, 0xE7, 
0xFF, 0xCB, 0x00, 0xE8, 0xFF, 0xCB, 0x00, 0xF6, 0xFF, 0xD1, 0x00, 0x13, 0x00, 0x0E, 0xFF, 0xEF, 
0x00, 0x14, 0xFF, 0xF3, 0x00, 0x26, 0xFF, 0xF8, 0x00, 0x2F, 0xFF, 0xF9, 0x00, 0x39, 0xFF, 0xEF, 
0x00, 0x3B, 0xFF, 0xF4, 0x00, 0x3C, 0xFF, 0xF9, 0x00, 0x3D, 0xFF, 0xF6, 0x00, 0x3E, 0xFF, 0xED, 
0x00, 0x41, 0xFF, 0xF2, 0x00, 0x42, 0xFF, 0xEC, 0x00, 0x4B, 0xFF, 0xF8, 0x00, 0x58, 0xFF, 0xF9, 
0x00, 0x59, 0xFF, 0xF7, 0x00, 0x5B, 0xFF, 0xF8, 0x00, 0x5C, 0xFF, 0xF9, 0x00, 0x5D, 0xFF, 0xF3, 
0x00, 0x5E, 0xFF, 0xF8, 0x00, 0x5F, 0xFF, 0xFB, 0x00, 0x0B, 0x00, 0x12, 0xFF, 0xF6, 0x00, 0x34, 
0xFF, 0xF1, 0x00, 0x38, 0xFF, 0xFB, 0x00, 0x53, 0xFF, 0xFB, 0x00, 0x54, 0xFF, 0xF1, 0x00, 0x58, 
0xFF, 0xF9, 0x00, 0x5A, 0xFF, 0xF9, 0x00, 0xB0, 0x00, 0x17, 0x00, 0xB2, 0xFF, 0xF3, 0x00, 0xC4, 
0x00, 0x0A, 0x00, 0xC8, 0x00, 0x19, 0x00, 0x06, 0x00, 0x34, 0xFF, 0xF6, 0x00, 0x4B, 0xFF, 0xFA, 
0x00, 0x54, 0xFF, 0xF6, 0x00, 0x59, 0xFF, 0xF8, 0x00, 0x5A, 0xFF, 0xF9, 0x00, 0xB2, 0xFF, 0xF6, 
0x00, 0x16, 0x00, 0x13, 0xFF, 0xC8, 0x00, 0x14, 0xFF, 0xD2, 0x00, 0x26, 0xFF, 0xD5, 0x00, 0x2F, 
0xFF, 0xEF, 0x00, 0x46, 0xFF, 0xEA, 0x00, 0x4B, 0xFF, 0xF9, 0x00, 0x53, 0xFF, 0xF1, 0x00, 0x54, 
0xFF, 0xF1, 0x00, 0x58, 0xFF, 0xEB, 0x00, 0x59, 0xFF, 0xFB, 0x00, 0x5A, 0xFF, 0xF4, 0x00, 0x5D, 
0xFF, 0xF7, 0x00, 0x5F, 0xFF, 0xF0, 0x00, 0x88, 0xFF, 0xCF, 0x00, 0xA1, 0xFF, 0xF8, 0x00, 0xAE, 
0x00, 0x0E, 0x00, 0xAF, 0xFF, 0xF6, 0x00, 0xB0, 0x00, 0x15, 0x00, 0xB2, 0xFF, 0xEC, 0x00, 0xC4, 
0x00, 0x09, 0x00, 0xC5, 0xFF, 0xF1, 0x00, 0xC8, 0x00, 0x17, 0x00, 0x0D, 0x00, 0x0E, 0xFF, 0xF6, 
0x00, 0x26, 0xFF, 0xF9, 0x00, 0x39, 0xFF, 0xF8, 0x00, 0x3B, 0xFF, 0xF8, 0x00, 0x3D, 0xFF, 0xFB, 
0x00, 0x3E, 0xFF, 0xF5, 0x00, 0x42, 0xFF, 0xF6, 0x00, 0x4B, 0xFF, 0xF7, 0x00, 0x59, 0xFF, 0xF7, 
0x00, 0x5B, 0xFF, 0xF7, 0x00, 0x5C, 0xFF, 0xF8, 0x00, 0x5D, 0xFF, 0xFA, 0x00, 0x5E, 0xFF, 0xF8, 
0x00, 0x0B, 0x00, 0x46, 0xFF, 0xFA, 0x00, 0x4B, 0xFF, 0xF9, 0x00, 0x4D, 0xFF, 0xFB, 0x00, 0x51, 
0xFF, 0xFB, 0x00, 0x53, 0xFF, 0xFB, 0x00, 0x54, 0xFF, 0xF7, 0x00, 0x58, 0xFF, 0xFA, 0x00, 0x59, 
0xFF, 0xF8, 0x00, 0x5A, 0xFF, 0xFB, 0x00, 0x5F, 0xFF, 0xFB, 0x00, 0xB2, 0xFF, 0xF7, 0x00, 0x11, 
0x00, 0x13, 0xFF, 0xF7, 0x00, 0x14, 0xFF, 0xEB, 0x00, 0x26, 0xFF, 0xF7, 0x00, 0x2F, 0xFF, 0xF8, 
0x00, 0x46, 0xFF, 0xF9, 0x00, 0x4B, 0xFF, 0xF9, 0x00, 0x4D, 0xFF, 0xFB, 0x00, 0x51, 0xFF, 0xFB, 
0x00, 0x53, 0xFF, 0xFB, 0x00, 0x54, 0xFF, 0xF8, 0x00, 0x58, 0xFF, 0xF6, 0x00, 0x59, 0xFF, 0xF9, 
0x00, 0x5A, 0xFF, 0xFA, 0x00, 0x5D, 0xFF, 0xFA, 0x00, 0x5F, 0xFF, 0xF8, 0x00, 0x88, 0xFF, 0xF7, 
0x00, 0xB2, 0xFF, 0xF5, 0x00, 0x12, 0x00, 0x12, 0xFF, 0xE5, 0x00, 0x34, 0xFF, 0xE1, 0x00, 0x38, 
0xFF, 0xF4, 0x00, 0x46, 0xFF, 0xF7, 0x00, 0x4B, 0xFF, 0xF7, 0x00, 0x53, 0xFF, 0xFB, 0x00, 0x54, 
0xFF, 0xD7, 0x00, 0x59, 0xFF, 0xF3, 0x00, 0x5A, 0xFF, 0xEA, 0x00, 0x5B, 0xFF, 0xE6, 0x00, 0x5C, 
0xFF, 0xE3, 0x00, 0x5E, 0xFF, 0xE6, 0x00, 0x70, 0xFF, 0xF6, 0x00, 0xAE, 0x00, 0x22, 0x00, 0xB1, 
0x00, 0x13, 0x00, 0xB2, 0xFF, 0xDF, 0x00, 0xC4, 0x00, 0x10, 0x00, 0xF2, 0xFF, 0xF3, 0x00, 0x19, 
0x00, 0x0C, 0xFF, 0xA9, 0x00, 0x0F, 0xFF, 0xA8, 0x00, 0x12, 0xFF, 0xBF, 0x00, 0x16, 0xFF, 0xEA, 
0x00, 0x24, 0xFF, 0xE8, 0x00, 0x34, 0xFF, 0xEC, 0x00, 0x39, 0xFF, 0xB8, 0x00, 0x3A, 0xFF, 0xEF, 
0x00, 0x3B, 0xFF, 0xC4, 0x00, 0x3C, 0xFF, 0xC8, 0x00, 0x3E, 0xFF, 0xBE, 0x00, 0x41, 0xFF, 0xBC, 
0x00, 0x4B, 0xFF, 0xF3, 0x00, 0x54, 0xFF, 0xF7, 0x00, 0x59, 0xFF, 0xE1, 0x00, 0x5A, 0xFF, 0xF9, 
0x00, 0x5B, 0xFF, 0xC4, 0x00, 0x5C, 0xFF, 0xCF, 0x00, 0x5E, 0xFF, 0xC4, 0x00, 0x70, 0xFF, 0xF6, 
0x00, 0x79, 0xFF, 0xB6, 0x00, 0xB2, 0xFF, 0xFB, 0x00, 0xE7, 0xFF, 0xA9, 0x00, 0xE8, 0xFF, 0xA9, 
0x00, 0xF6, 0xFF, 0xAA, 0x00, 0x19, 0x00, 0x0E, 0xFF, 0xEA, 0x00, 0x13, 0xFF, 0xED, 0x00, 0x14, 
0xFF, 0xE4, 0x00, 0x26, 0xFF, 0xEE, 0x00, 0x2F, 0xFF, 0xEB, 0x00, 0x39, 0xFF, 0xED, 0x00, 0x3B, 
0xFF, 0xF4, 0x00, 0x3C, 0xFF, 0xF9, 0x00, 0x3D, 0xFF, 0xE7, 0x00, 0x3E, 0xFF, 0xE9, 0x00, 0x3F, 
0xFF, 0xF4, 0x00, 0x41, 0xFF, 0xEE, 0x00, 0x42, 0xFF, 0xE7, 0x00, 0x46, 0xFF, 0xFB, 0x00, 0x4D, 
0xFF, 0xFB, 0x00, 0x4E, 0xFF, 0xFB, 0x00, 0x51, 0xFF, 0xFB, 0x00, 0x53, 0xFF, 0xFB, 0x00, 0x58, 
0xFF, 0xFA, 0x00, 0x5D, 0xFF, 0xF4, 0x00, 0x5F, 0xFF, 0xF9, 0x00, 0x62, 0xFF, 0xF5, 0x00, 0x88, 
0xFF, 0xED, 0x00, 0xB2, 0xFF, 0xFB, 0x00, 0xF6, 0xFF, 0xF6, 0x00, 0x0F, 0x00, 0x0E, 0xFF, 0xEE, 
0x00, 0x13, 0xFF, 0xC1, 0x00, 0x14, 0xFF, 0xD0, 0x00, 0x26, 0xFF, 0xDA, 0x00, 0x2F, 0xFF, 0xE1, 
0x00, 0x3D, 0xFF, 0xED, 0x00, 0x3E, 0xFF, 0xF8, 0x00, 0x3F, 0xFF, 0xF9, 0x00, 0x42, 0xFF, 0xED, 
0x00, 0x46, 0xFF, 0xF6, 0x00, 0x54, 0xFF, 0xFA, 0x00, 0x58, 0xFF, 0xFA, 0x00, 0x88, 0xFF, 0xCF, 
0x00, 0xB2, 0xFF, 0xF3, 0x00, 0xF2, 0xFF, 0xF6, 0x00, 0x03, 0x00, 0x42, 0xFF, 0xF4, 0x00, 0x4F, 
0x00, 0x3D, 0x00, 0x62, 0xFF, 0xFB, 0x00, 0x0D, 0x00, 0x2F, 0xFF, 0xFB, 0x00, 0x39, 0xFF, 0xF6, 
0x00, 0x3B, 0xFF, 0xF7, 0x00, 0x3E, 0xFF, 0xF3, 0x00, 0x41, 0xFF, 0xF4, 0x00, 0x46, 0xFF, 0xF6, 
0x00, 0x4B, 0xFF, 0xFB, 0x00, 0x53, 0xFF, 0xFB, 0x00, 0x54, 0xFF, 0xF1, 0x00, 0x59, 0xFF, 0xFA, 
0x00, 0x5A, 0xFF, 0xF7, 0x00, 0xB2, 0xFF, 0xEC, 0x00, 0xF2, 0xFF, 0xF1, 0x00, 0x0E, 0x00, 0x14, 
0xFF, 0xF5, 0x00, 0x26, 0xFF, 0xF9, 0x00, 0x3B, 0xFF, 0xFB, 0x00, 0x3E, 0xFF, 0xFA, 0x00, 0x4B, 
0xFF, 0xF5, 0x00, 0x53, 0xFF, 0xFA, 0x00, 0x58, 0xFF, 0xFA, 0x00, 0x59, 0xFF, 0xF4, 0x00, 0x5A, 
0xFF, 0xFA, 0x00, 0x5B, 0xFF, 0xF6, 0x00, 0x5C, 0xFF, 0xF6, 0x00, 0x5D, 0xFF, 0xF7, 0x00, 0x5E, 
0xFF, 0xF6, 0x00, 0x5F, 0xFF, 0xFA, 0x00, 0x26, 0x00, 0x0B, 0xFF, 0xF2, 0x00, 0x12, 0xFF, 0xC7, 
0x00, 0x13, 0xFF, 0xC6, 0x00, 0x14, 0xFF, 0xC9, 0x00, 0x19, 0xFF, 0xE0, 0x00, 0x1F, 0xFF, 0xC9, 
0x00, 0x25, 0xFF, 0xE5, 0x00, 0x26, 0xFF, 0xC9, 0x00, 0x2F, 0xFF, 0xF3, 0x00, 0x34, 0xFF, 0xED, 
0x00, 0x46, 0xFF, 0xB7, 0x00, 0x4B, 0xFF, 0xEB, 0x00, 0x4D, 0xFF, 0xFB, 0x00, 0x4E, 0xFF, 0xFB, 
0x00, 0x51, 0xFF, 0xFB, 0x00, 0x53, 0xFF, 0xCF, 0x00, 0x54, 0xFF, 0xC0, 0x00, 0x58, 0xFF, 0xB8, 
0x00, 0x59, 0xFF, 0xF6, 0x00, 0x5A, 0xFF, 0xCC, 0x00, 0x5B, 0xFF, 0xBC, 0x00, 0x5C, 0xFF, 0xBF, 
0x00, 0x5D, 0xFF, 0xBD, 0x00, 0x5E, 0xFF, 0xBC, 0x00, 0x5F, 0xFF, 0xB8, 0x00, 0x70, 0xFF, 0xF6, 
0x00, 0x88, 0xFF, 0xCA, 0x00, 0xA1, 0xFF, 0xF3, 0x00, 0xAE, 0x00, 0x18, 0x00, 0xAF, 0xFF, 0xEC, 
0x00, 0xB0, 0x00, 0x20, 0x00, 0xB1, 0x00, 0x08, 0x00, 0xB2, 0xFF, 0xD8, 0x00, 0xC4, 0x00, 0x14, 
0x00, 0xC5, 0xFF, 0xCF, 0x00, 0xC8, 0x00, 0x22, 0x00, 0xF2, 0xFF, 0xC2, 0x00, 0xF3, 0xFF, 0xCA, 
0x00, 0x12, 0x00, 0x13, 0xFF, 0xF0, 0x00, 0x14, 0xFF, 0xE6, 0x00, 0x26, 0xFF, 0xEF, 0x00, 0x2F, 
0xFF, 0xF2, 0x00, 0x46, 0xFF, 0xF6, 0x00, 0x4B, 0xFF, 0xFA, 0x00, 0x4D, 0xFF, 0xFA, 0x00, 0x4E, 
0xFF, 0xFA, 0x00, 0x51, 0xFF, 0xFA, 0x00, 0x53, 0xFF, 0xFB, 0x00, 0x54, 0xFF, 0xF7, 0x00, 0x58, 
0xFF, 0xF3, 0x00, 0x59, 0xFF, 0xF9, 0x00, 0x5A, 0xFF, 0xF7, 0x00, 0x5D, 0xFF, 0xFA, 0x00, 0x5F, 
0xFF, 0xF6, 0x00, 0x88, 0xFF, 0xED, 0x00, 0xB2, 0xFF, 0xF3, 0x00, 0x22, 0x00, 0x0B, 0xFF, 0xF2, 
0x00, 0x12, 0xFF, 0xE6, 0x00, 0x13, 0xFF, 0xC6, 0x00, 0x14, 0xFF, 0xC7, 0x00, 0x16, 0x00, 0x05, 
0x00, 0x19, 0xFF, 0xEC, 0x00, 0x1F, 0xFF, 0xE4, 0x00, 0x25, 0xFF, 0xF0, 0x00, 0x26, 0xFF, 0xD8, 
0x00, 0x2F, 0xFF, 0xF3, 0x00, 0x34, 0xFF, 0xF4, 0x00, 0x38, 0xFF, 0xFA, 0x00, 0x46, 0xFF, 0xD5, 
0x00, 0x4B, 0xFF, 0xFA, 0x00, 0x53, 0xFF, 0xE2, 0x00, 0x54, 0xFF, 0xD5, 0x00, 0x58, 0xFF, 0xD4, 
0x00, 0x59, 0xFF, 0xFB, 0x00, 0x5A, 0xFF, 0xE7, 0x00, 0x5D, 0xFF, 0xF7, 0x00, 0x5F, 0xFF, 0xEA, 
0x00, 0x88, 0xFF, 0xD3, 0x00, 0xA1, 0xFF, 0xF4, 0x00, 0xAE, 0x00, 0x33, 0x00, 0xAF, 0xFF, 0xF2, 
0x00, 0xB0, 0x00, 0x1B, 0x00, 0xB1, 0x00, 0x1B, 0x00, 0xB2, 0xFF, 0xDA, 0x00, 0xC4, 0x00, 0x1F, 
0x00, 0xC5, 0xFF, 0xE2, 0x00, 0xC8, 0x00, 0x1D, 0x00, 0xF2, 0xFF, 0xDD, 0x00, 0xF3, 0xFF, 0xEF, 
0x00, 0xF6, 0x00, 0x0D, 0x00, 0x1D, 0x00, 0x0B, 0xFF, 0xF6, 0x00, 0x12, 0xFF, 0xED, 0x00, 0x13, 
0xFF, 0xD1, 0x00, 0x14, 0xFF, 0xD0, 0x00, 0x19, 0xFF, 0xF3, 0x00, 0x1F, 0xFF, 0xEB, 0x00, 0x25, 
0xFF, 0xF6, 0x00, 0x26, 0xFF, 0xDF, 0x00, 0x2F, 0xFF, 0xF4, 0x00, 0x34, 0xFF, 0xF9, 0x00, 0x46, 
0xFF, 0xDB, 0x00, 0x53, 0xFF, 0xE7, 0x00, 0x54, 0xFF, 0xDA, 0x00, 0x58, 0xFF, 0xD9, 0x00, 0x5A, 
0xFF, 0xEB, 0x00, 0x5D, 0xFF, 0xFB, 0x00, 0x5F, 0xFF, 0xEF, 0x00, 0x88, 0xFF, 0xD9, 0x00, 0xA1, 
0xFF, 0xF5, 0x00, 0xAE, 0x00, 0x2B, 0x00, 0xAF, 0xFF, 0xF4, 0x00, 0xB0, 0x00, 0x18, 0x00, 0xB1, 
0x00, 0x19, 0x00, 0xB2, 0xFF, 0xDD, 0x00, 0xC4, 0x00, 0x12, 0x00, 0xC5, 0xFF, 0xE7, 0x00, 0xC8, 
0x00, 0x1A, 0x00, 0xF2, 0xFF, 0xE4, 0x00, 0xF3, 0xFF, 0xF5, 0x00, 0x10, 0x00, 0x12, 0xFF, 0xE5, 
0x00, 0x34, 0xFF, 0xE7, 0x00, 0x46, 0xFF, 0xF9, 0x00, 0x4B, 0xFF, 0xF4, 0x00, 0x53, 0xFF, 0xFA, 
0x00, 0x54, 0xFF, 0xE0, 0x00, 0x59, 0xFF, 0xF0, 0x00, 0x5A, 0xFF, 0xEB, 0x00, 0x5B, 0xFF, 0xE8, 
0x00, 0x5C, 0xFF, 0xE5, 0x00, 0x5E, 0xFF, 0xE8, 0x00, 0x70, 0xFF, 0xF6, 0x00, 0xAE, 0x00, 0x14, 
0x00, 0xB1, 0x00, 0x08, 0x00, 0xB2, 0xFF, 0xE7, 0x00, 0xF2, 0xFF, 0xF1, 0x00, 0x27, 0x00, 0x0B, 
0xFF, 0xEE, 0x00, 0x12, 0xFF, 0xD3, 0x00, 0x13, 0xFF, 0xC2, 0x00, 0x14, 0xFF, 0xC6, 0x00, 0x16, 
0x00, 0x0F, 0x00, 0x19, 0xFF, 0xE0, 0x00, 0x1B, 0xFF, 0xF6, 0x00, 0x1F, 0xFF, 0xD4, 0x00, 0x25, 
0xFF, 0xE4, 0x00, 0x26, 0xFF, 0xCD, 0x00, 0x2F, 0xFF, 0xF6, 0x00, 0x34, 0xFF, 0xE9, 0x00, 0x38, 
0xFF, 0xF7, 0x00, 0x46, 0xFF, 0xCF, 0x00, 0x4B, 0xFF, 0xF5, 0x00, 0x53, 0xFF, 0xDD, 0x00, 0x54, 
0xFF, 0xC4, 0x00, 0x58, 0xFF, 0xCC, 0x00, 0x59, 0xFF, 0xF9, 0x00, 0x5A, 0xFF, 0xDC, 0x00, 0x5B, 
0xFF, 0xF8, 0x00, 0x5C, 0xFF, 0xF3, 0x00, 0x5D, 0xFF, 0xEB, 0x00, 0x5E, 0xFF, 0xF7, 0x00, 0x5F, 
0xFF, 0xD8, 0x00, 0x70, 0xFF, 0xF1, 0x00, 0x88, 0xFF, 0xC9, 0x00, 0xA1, 0xFF, 0xF2, 0x00, 0xAE, 
0x00, 0x3D, 0x00, 0xAF, 0xFF, 0xED, 0x00, 0xB0, 0x00, 0x16, 0x00, 0xB1, 0x00, 0x26, 0x00, 0xB2, 
0xFF, 0xD4, 0x00, 0xC4, 0x00, 0x26, 0x00, 0xC5, 0xFF, 0xDC, 0x00, 0xC8, 0x00, 0x17, 0x00, 0xF2, 
0xFF, 0xCB, 0x00, 0xF3, 0xFF, 0xE0, 0x00, 0xF6, 0x00, 0x17, 0x00, 0x0D, 0x00, 0x12, 0xFF, 0xEF, 
0x00, 0x34, 0xFF, 0xF4, 0x00, 0x4B, 0xFF, 0xF7, 0x00, 0x53, 0xFF, 0xF9, 0x00, 0x54, 0xFF, 0xF2, 
0x00, 0x59, 0xFF, 0xF6, 0x00, 0x5A, 0xFF, 0xF5, 0x00, 0x5B, 0xFF, 0xF8, 0x00, 0x5C, 0xFF, 0xF6, 
0x00, 0x5E, 0xFF, 0xF8, 0x00, 0xB0, 0x00, 0x12, 0x00, 0xB2, 0xFF, 0xF4, 0x00, 0xC8, 0x00, 0x12, 
0x00, 0x17, 0x00, 0x15, 0xFF, 0xEB, 0x00, 0x19, 0xFF, 0xE5, 0x00, 0x1B, 0xFF, 0xEB, 0x00, 0x1D, 
0xFF, 0xF0, 0x00, 0x1E, 0xFF, 0xF6, 0x00, 0x26, 0xFF, 0xF3, 0x00, 0x34, 0xFF, 0xE7, 0x00, 0x38, 
0xFF, 0xF3, 0x00, 0x46, 0xFF, 0xEA, 0x00, 0x4B, 0xFF, 0xF6, 0x00, 0x4F, 0x00, 0x5A, 0x00, 0x53, 
0xFF, 0xEE, 0x00, 0x54, 0xFF, 0xE3, 0x00, 0x58, 0xFF, 0xE8, 0x00, 0x59, 0xFF, 0xF6, 0x00, 0x5A, 
0xFF, 0xEB, 0x00, 0x5B, 0xFF, 0xF2, 0x00, 0x5C, 0xFF, 0xF0, 0x00, 0x5F, 0xFF, 0xEE, 0x00, 0x88, 
0xFF, 0xF5, 0x00, 0xAE, 0x00, 0x10, 0x00, 0xB2, 0xFF, 0xEC, 0x00, 0xC8, 0x00, 0x5A, 0x00, 0x0F, 
0x00, 0x0C, 0xFF, 0xCB, 0x00, 0x16, 0xFF, 0xEC, 0x00, 0x26, 0x00, 0x07, 0x00, 0x34, 0xFF, 0xF5, 
0x00, 0x39, 0xFF, 0xD7, 0x00, 0x3A, 0xFF, 0xF4, 0x00, 0x3B, 0xFF, 0xD8, 0x00, 0x3C, 0xFF, 0xE1, 
0x00, 0x3E, 0xFF, 0xD4, 0x00, 0x59, 0xFF, 0xF5, 0x00, 0x5B, 0xFF, 0xE9, 0x00, 0x5C, 0xFF, 0xEE, 
0x00, 0x5E, 0xFF, 0xE9, 0x00, 0x88, 0x00, 0x13, 0x00, 0xE8, 0xFF, 0xC2, 0x00, 0x17, 0x00, 0x0E, 
0xFF, 0xF0, 0x00, 0x2E, 0xFF, 0xFB, 0x00, 0x2F, 0xFF, 0xF9, 0x00, 0x34, 0xFF, 0xFA, 0x00, 0x38, 
0xFF, 0xFB, 0x00, 0x39, 0xFF, 0xCB, 0x00, 0x3A, 0xFF, 0xF8, 0x00, 0x3B, 0xFF, 0xDD, 0x00, 0x3C, 
0xFF, 0xE6, 0x00, 0x3D, 0xFF, 0xFB, 0x00, 0x3E, 0xFF, 0xD1, 0x00, 0x3F, 0xFF, 0xF7, 0x00, 0x41, 
0xFF, 0xDE, 0x00, 0x42, 0xFF, 0xE9, 0x00, 0x4B, 0xFF, 0xFC, 0x00, 0x59, 0xFF, 0xFA, 0x00, 0x5B, 
0xFF, 0xFA, 0x00, 0x5C, 0xFF, 0xFB, 0x00, 0x5E, 0xFF, 0xFA, 0x00, 0x62, 0xFF, 0xF5, 0x00, 0xE7, 
0xFF, 0xF0, 0x00, 0xE8, 0xFF, 0xF0, 0x00, 0xF6, 0xFF, 0xE9, 0x00, 0x11, 0x00, 0x0E, 0xFF, 0xF3, 
0x00, 0x12, 0xFF, 0xF1, 0x00, 0x34, 0xFF, 0xF6, 0x00, 0x38, 0xFF, 0xFA, 0x00, 0x39, 0xFF, 0xB0, 
0x00, 0x3A, 0xFF, 0xFA, 0x00, 0x3B, 0xFF, 0xEA, 0x00, 0x3C, 0xFF, 0xEF, 0x00, 0x3E, 0xFF, 0xD4, 
0x00, 0x41, 0xFF, 0xEC, 0x00, 0x42, 0xFF, 0xF0, 0x00, 0x46, 0xFF, 0xFC, 0x00, 0x54, 0xFF, 0xF5, 
0x00, 0x58, 0xFF, 0xFC, 0x00, 0xB2, 0xFF, 0xF4, 0x00, 0xF2, 0xFF, 0xF3, 0x00, 0xF6, 0xFF, 0xEF, 
0x00, 0x06, 0x00, 0x2E, 0xFF, 0xFB, 0x00, 0x2F, 0xFF, 0xF8, 0x00, 0x34, 0xFF, 0xFB, 0x00, 0x39, 
0xFF, 0xFB, 0x00, 0x3A, 0xFF, 0xFA, 0x00, 0x3F, 0xFF, 0xFA, 0x00, 0x18, 0x00, 0x0E, 0xFF, 0xE9, 
0x00, 0x14, 0xFF, 0xEF, 0x00, 0x26, 0xFF, 0xF9, 0x00, 0x2E, 0xFF, 0xFA, 0x00, 0x2F, 0xFF, 0xF7, 
0x00, 0x38, 0xFF, 0xF9, 0x00, 0x39, 0xFF, 0xB3, 0x00, 0x3A, 0xFF, 0xF9, 0x00, 0x3B, 0xFF, 0xD5, 
0x00, 0x3C, 0xFF, 0xDC, 0x00, 0x3D, 0xFF, 0xEF, 0x00, 0x3E, 0xFF, 0xC7, 0x00, 0x3F, 0xFF, 0xF2, 
0x00, 0x41, 0xFF, 0xDF, 0x00, 0x42, 0xFF, 0xE7, 0x00, 0x4B, 0xFF, 0xFC, 0x00, 0x59, 0xFF, 0xFC, 
0x00, 0x5B, 0xFF, 0xFA, 0x00, 0x5D, 0xFF, 0xF5, 0x00, 0x5E, 0xFF, 0xFA, 0x00, 0x62, 0xFF, 0xF4, 
0x00, 0xE7, 0xFF, 0xEE, 0x00, 0xE8, 0xFF, 0xEE, 0x00, 0xF6, 0xFF, 0xEC, 0x00, 0x18, 0x00, 0x12, 
0xFF, 0xE1, 0x00, 0x13, 0xFF, 0xE0, 0x00, 0x14, 0xFF, 0xE1, 0x00, 0x1F, 0xFF, 0xEC, 0x00, 0x26, 
0xFF, 0xD8, 0x00, 0x2F, 0xFF, 0xFA, 0x00, 0x39, 0x00, 0x13, 0x00, 0x3B, 0x00, 0x2E, 0x00, 0x3C, 
0x00, 0x26, 0x00, 0x3D, 0x00, 0x10, 0x00, 0x3E, 0x00, 0x39, 0x00, 0x42, 0x00, 0x0E, 0x00, 0x46, 
0xFF, 0xFB, 0x00, 0x54, 0xFF, 0xF3, 0x00, 0x58, 0xFF, 0xFC, 0x00, 0x88, 0xFF, 0xD4, 0x00, 0xAE, 
0x00, 0x4A, 0x00, 0xB0, 0x00, 0x12, 0x00, 0xB1, 0x00, 0x31, 0x00, 0xB2, 0xFF, 0xE1, 0x00, 0xC4, 
0x00, 0x2E, 0x00, 0xC8, 0x00, 0x14, 0x00, 0xF2, 0xFF, 0xE5, 0x00, 0xF6, 0x00, 0x1C, 0x00, 0x02, 
0x00, 0x4F, 0x00, 0x10, 0x00, 0xC8, 0x00, 0x10, 0x00, 0x0C, 0x00, 0x12, 0xFF, 0xE4, 0x00, 0x34, 
0xFF, 0xEF, 0x00, 0x39, 0xFF, 0xBF, 0x00, 0x3A, 0xFF, 0xFB, 0x00, 0x3B, 0xFF, 0xF8, 0x00, 0x3E, 
0xFF, 0xED, 0x00, 0x46, 0xFF, 0xF7, 0x00, 0x54, 0xFF, 0xE7, 0x00, 0x58, 0xFF, 0xFB, 0x00, 0xB2, 
0xFF, 0xE6, 0x00, 0xF2, 0xFF, 0xEC, 0x00, 0xF6, 0xFF, 0xF0, 0x00, 0x07, 0x00, 0x2E, 0xFF, 0xFB, 
0x00, 0x2F, 0xFF, 0xF8, 0x00, 0x34, 0xFF, 0xFB, 0x00, 0x39, 0xFF, 0xFB, 0x00, 0x3A, 0xFF, 0xFA, 
0x00, 0x3F, 0xFF, 0xFA, 0x00, 0x79, 0xFF, 0xB7, 0x00, 0x18, 0x00, 0x0E, 0xFF, 0xF0, 0x00, 0x0F, 
0xFF, 0xF8, 0x00, 0x2E, 0xFF, 0xFB, 0x00, 0x2F, 0xFF, 0xF9, 0x00, 0x34, 0xFF, 0xFA, 0x00, 0x38, 
0xFF, 0xFB, 0x00, 0x39, 0xFF, 0xCB, 0x00, 0x3A, 0xFF, 0xF8, 0x00, 0x3B, 0xFF, 0xDD, 0x00, 0x3C, 
0xFF, 0xE6, 0x00, 0x3D, 0xFF, 0xFB, 0x00, 0x3E, 0xFF, 0xD1, 0x00, 0x3F, 0xFF, 0xF6, 0x00, 0x41, 
0xFF, 0xDD, 0x00, 0x42, 0xFF, 0xE9, 0x00, 0x4B, 0xFF, 0xFB, 0x00, 0x59, 0xFF, 0xF9, 0x00, 0x5B, 
0xFF, 0xFA, 0x00, 0x5C, 0xFF, 0xFA, 0x00, 0x5E, 0xFF, 0xF9, 0x00, 0x62, 0xFF, 0xF5, 0x00, 0xE7, 
0xFF, 0xEF, 0x00, 0xE8, 0xFF, 0xEF, 0x00, 0xF6, 0xFF, 0xE8, 0x00, 0x1E, 0x00, 0x0C, 0xFF, 0xF5, 
0x00, 0x0E, 0xFF, 0xE5, 0x00, 0x0F, 0xFF, 0xF5, 0x00, 0x14, 0xFF, 0xEB, 0x00, 0x24, 0xFF, 0xF6, 
0x00, 0x26, 0xFF, 0xF5, 0x00, 0x2E, 0xFF, 0xF7, 0x00, 0x2F, 0xFF, 0xF2, 0x00, 0x38, 0xFF, 0xF5, 
0x00, 0x39, 0xFF, 0xC0, 0x00, 0x3A, 0xFF, 0xF7, 0x00, 0x3B, 0xFF, 0xD5, 0x00, 0x3C, 0xFF, 0xDA, 
0x00, 0x3D, 0xFF, 0xE0, 0x00, 0x3E, 0xFF, 0xC4, 0x00, 0x3F, 0xFF, 0xEC, 0x00, 0x41, 0xFF, 0xDB, 
0x00, 0x42, 0xFF, 0xE3, 0x00, 0x4B, 0xFF, 0xF8, 0x00, 0x59, 0xFF, 0xF8, 0x00, 0x5B, 0xFF, 0xF7, 
0x00, 0x5C, 0xFF, 0xF9, 0x00, 0x5D, 0xFF, 0xED, 0x00, 0x5E, 0xFF, 0xF6, 0x00, 0x5F, 0xFF, 0xFA, 
0x00, 0x62, 0xFF, 0xEF, 0x00, 0x88, 0xFF, 0xF6, 0x00, 0xE7, 0xFF, 0xE6, 0x00, 0xE8, 0xFF, 0xE6, 
0x00, 0xF6, 0xFF, 0xE8, 0x00, 0x01, 0x00, 0x4F, 0x00, 0x3A, 0x00, 0x14, 0x00, 0x0B, 0xFF, 0xF3, 
0x00, 0x0E, 0xFF, 0xEE, 0x00, 0x12, 0xFF, 0xE4, 0x00, 0x13, 0xFF, 0xD3, 0x00, 0x14, 0xFF, 0xD5, 
0x00, 0x1F, 0xFF, 0xF0, 0x00, 0x26, 0xFF, 0xD4, 0x00, 0x2F, 0xFF, 0xD6, 0x00, 0x39, 0xFF, 0xBC, 
0x00, 0x3D, 0xFF, 0xE2, 0x00, 0x3E, 0xFF, 0xF9, 0x00, 0x3F, 0xFF, 0xF2, 0x00, 0x42, 0xFF, 0xED, 
0x00, 0x46, 0xFF, 0xFB, 0x00, 0x54, 0xFF, 0xF6, 0x00, 0x62, 0xFF, 0xF6, 0x00, 0x88, 0xFF, 0xD3, 
0x00, 0xB2, 0xFF, 0xE4, 0x00, 0xF2, 0xFF, 0xE5, 0x00, 0xF6, 0xFF, 0xF8, 0x00, 0x11, 0x00, 0x0E, 
0xFF, 0xEC, 0x00, 0x14, 0xFF, 0xF6, 0x00, 0x26, 0xFF, 0xFB, 0x00, 0x2E, 0xFF, 0xFA, 0x00, 0x34, 
0xFF, 0xFB, 0x00, 0x39, 0xFF, 0xB9, 0x00, 0x3A, 0xFF, 0xF7, 0x00, 0x3B, 0xFF, 0xE2, 0x00, 0x3C, 
0xFF, 0xE7, 0x00, 0x3D, 0xFF, 0xF8, 0x00, 0x3E, 0xFF, 0xD3, 0x00, 0x41, 0xFF, 0xE6, 0x00, 0x42, 
0xFF, 0xEB, 0x00, 0x5B, 0xFF, 0xFC, 0x00, 0x5D, 0xFF, 0xFC, 0x00, 0x62, 0xFF, 0xF6, 0x00, 0xF6, 
0xFF, 0xE9, 0x00, 0x09, 0x00, 0x39, 0xFF, 0xC6, 0x00, 0x3A, 0xFF, 0xFA, 0x00, 0x3B, 0xFF, 0xEE, 
0x00, 0x3C, 0xFF, 0xF4, 0x00, 0x3E, 0xFF, 0xDF, 0x00, 0x41, 0xFF, 0xF0, 0x00, 0x42, 0xFF, 0xF4, 
0x00, 0x54, 0xFF, 0xFC, 0x00, 0xF6, 0xFF, 0xED, 0x00, 0x0E, 0x00, 0x0E, 0xFF, 0xF1, 0x00, 0x2E, 
0xFF, 0xFB, 0x00, 0x2F, 0xFF, 0xF8, 0x00, 0x34, 0xFF, 0xFB, 0x00, 0x39, 0xFF, 0xCF, 0x00, 0x3A, 
0xFF, 0xFB, 0x00, 0x3B, 0xFF, 0xE2, 0x00, 0x3C, 0xFF, 0xE7, 0x00, 0x3D, 0xFF, 0xF9, 0x00, 0x3E, 
0xFF, 0xDD, 0x00, 0x3F, 0xFF, 0xF9, 0x00, 0x41, 0xFF, 0xEC, 0x00, 0x42, 0xFF, 0xEE, 0x00, 0xF6, 
0xFF, 0xEE, 0x00, 0x12, 0x00, 0x0E, 0xFF, 0xF3, 0x00, 0x0F, 0x00, 0x09, 0x00, 0x13, 0xFF, 0xDC, 
0x00, 0x14, 0xFF, 0xD8, 0x00, 0x1F, 0xFF, 0xF7, 0x00, 0x26, 0xFF, 0xE3, 0x00, 0x2F, 0xFF, 0xE6, 
0x00, 0x39, 0xFF, 0xBC, 0x00, 0x3D, 0xFF, 0xE8, 0x00, 0x3E, 0xFF, 0xF8, 0x00, 0x3F, 0xFF, 0xFA, 
0x00, 0x42, 0xFF, 0xF2, 0x00, 0x46, 0xFF, 0xF9, 0x00, 0x54, 0xFF, 0xF7, 0x00, 0x58, 0xFF, 0xF9, 
0x00, 0x88, 0xFF, 0xE0, 0x00, 0xB2, 0xFF, 0xEF, 0x00, 0xF2, 0xFF, 0xEE, 0x00, 0x10, 0x00, 0x0E, 
0xFF, 0xF1, 0x00, 0x13, 0xFF, 0xE3, 0x00, 0x14, 0xFF, 0xDD, 0x00, 0x26, 0xFF, 0xE7, 0x00, 0x2F, 
0xFF, 0xE4, 0x00, 0x39, 0xFF, 0xBF, 0x00, 0x3D, 0xFF, 0xE6, 0x00, 0x3E, 0xFF, 0xF3, 0x00, 0x3F, 
0xFF, 0xF8, 0x00, 0x42, 0xFF, 0xF0, 0x00, 0x46, 0xFF, 0xFB, 0x00, 0x54, 0xFF, 0xF9, 0x00, 0x58, 
0xFF, 0xFC, 0x00, 0x88, 0xFF, 0xE3, 0x00, 0xB2, 0xFF, 0xF2, 0x00, 0xF2, 0xFF, 0xF2, 0x00, 0x0B, 
0x00, 0x12, 0xFF, 0xE8, 0x00, 0x34, 0xFF, 0xF4, 0x00, 0x39, 0xFF, 0xBE, 0x00, 0x3A, 0xFF, 0xFA, 
0x00, 0x3B, 0xFF, 0xF8, 0x00, 0x3E, 0xFF, 0xED, 0x00, 0x46, 0xFF, 0xFB, 0x00, 0x54, 0xFF, 0xEC, 
0x00, 0xB2, 0xFF, 0xEA, 0x00, 0xF2, 0xFF, 0xEA, 0x00, 0xF6, 0xFF, 0xF3, 0x00, 0x12, 0x00, 0x0E, 
0xFF, 0xF5, 0x00, 0x0F, 0x00, 0x06, 0x00, 0x13, 0xFF, 0xDC, 0x00, 0x14, 0xFF, 0xDB, 0x00, 0x1F, 
0xFF, 0xF7, 0x00, 0x26, 0xFF, 0xE3, 0x00, 0x2F, 0xFF, 0xE8, 0x00, 0x39, 0xFF, 0xBC, 0x00, 0x3D, 
0xFF, 0xE9, 0x00, 0x3E, 0xFF, 0xF8, 0x00, 0x3F, 0xFF, 0xFA, 0x00, 0x42, 0xFF, 0xF5, 0x00, 0x46, 
0xFF, 0xF9, 0x00, 0x54, 0xFF, 0xF7, 0x00, 0x58, 0xFF, 0xFA, 0x00, 0x88, 0xFF, 0xE0, 0x00, 0xB2, 
0xFF, 0xEF, 0x00, 0xF2, 0xFF, 0xEE, 0x00, 0x0E, 0x00, 0x12, 0xFF, 0xEF, 0x00, 0x2E, 0xFF, 0xFB, 
0x00, 0x34, 0xFF, 0xFA, 0x00, 0x39, 0xFF, 0xB7, 0x00, 0x3A, 0xFF, 0xF6, 0x00, 0x3B, 0xFF, 0xEC, 
0x00, 0x3C, 0xFF, 0xF0, 0x00, 0x3E, 0xFF, 0xDA, 0x00, 0x41, 0xFF, 0xEE, 0x00, 0x42, 0xFF, 0xF0, 
0x00, 0x54, 0xFF, 0xF9, 0x00, 0xB2, 0xFF, 0xF9, 0x00, 0xF2, 0xFF, 0xF1, 0x00, 0xF6, 0xFF, 0xEB, 
0x00, 0x08, 0x00, 0x34, 0xFF, 0xF4, 0x00, 0x46, 0xFF, 0xF6, 0x00, 0x4F, 0x00, 0x52, 0x00, 0x54, 
0xFF, 0xEF, 0x00, 0x58, 0xFF, 0xF6, 0x00, 0x5A, 0xFF, 0xF4, 0x00, 0xB2, 0xFF, 0xF5, 0x00, 0xC8, 
0x00, 0x52, 0x00, 0x02, 0x00, 0x4F, 0x00, 0x33, 0x00, 0xC8, 0x00, 0x33, 0x00, 0x06, 0x00, 0x26, 
0xFF, 0xF3, 0x00, 0x2F, 0xFF, 0xF4, 0x00, 0x39, 0xFF, 0xF4, 0x00, 0x3D, 0xFF, 0xF4, 0x00, 0x3E, 
0xFF, 0xF0, 0x00, 0x88, 0xFF, 0xF4, 0x00, 0x01, 0x00, 0x19, 0xFF, 0xE8, 0x00, 0x05, 0x00, 0x16, 
0xFF, 0xE3, 0x00, 0x17, 0xFF, 0xE7, 0x00, 0x18, 0xFF, 0xE6, 0x00, 0x1C, 0xFF, 0xEC, 0x00, 0x51, 
0xFF, 0xB7, 0x00, 0x04, 0x00, 0x39, 0xFF, 0xEC, 0x00, 0x3B, 0xFF, 0xEE, 0x00, 0x3C, 0xFF, 0xF1, 
0x00, 0x3E, 0xFF, 0xED, 0x00, 0x01, 0x00, 0x62, 0x00, 0x0A, 0x00, 0x11, 0x00, 0x0E, 0xFF, 0xEA, 
0x00, 0x13, 0xFF, 0xE0, 0x00, 0x14, 0xFF, 0xE2, 0x00, 0x26, 0xFF, 0xED, 0x00, 0x2F, 0xFF, 0xE8, 
0x00, 0x39, 0xFF, 0xEE, 0x00, 0x3B, 0xFF, 0xF4, 0x00, 0x3C, 0xFF, 0xFA, 0x00, 0x3D, 0xFF, 0xE2, 
0x00, 0x3E, 0xFF, 0xE8, 0x00, 0x3F, 0xFF, 0xF3, 0x00, 0x41, 0xFF, 0xEF, 0x00, 0x42, 0xFF, 0xE7, 
0x00, 0x5D, 0xFF, 0xF9, 0x00, 0x5F, 0xFF, 0xFB, 0x00, 0x88, 0xFF, 0xED, 0x00, 0xF6, 0xFF, 0xF4, 
0x00, 0x16, 0x00, 0x0E, 0xFF, 0xF0, 0x00, 0x14, 0xFF, 0xF1, 0x00, 0x26, 0xFF, 0xF9, 0x00, 0x2E, 
0xFF, 0xF8, 0x00, 0x2F, 0xFF, 0xF9, 0x00, 0x34, 0xFF, 0xFB, 0x00, 0x38, 0xFF, 0xFB, 0x00, 0x39, 
0xFF, 0xF1, 0x00, 0x3A, 0xFF, 0xF6, 0x00, 0x3B, 0xFF, 0xF0, 0x00, 0x3C, 0xFF, 0xF3, 0x00, 0x3D, 
0xFF, 0xF1, 0x00, 0x3E, 0xFF, 0xEE, 0x00, 0x3F, 0xFF, 0xF9, 0x00, 0x41, 0xFF, 0xF6, 0x00, 0x42, 
0xFF, 0xF4, 0x00, 0x4B, 0xFF, 0xFA, 0x00, 0x59, 0xFF, 0xF9, 0x00, 0x5B, 0xFF, 0xF9, 0x00, 0x5C, 
0xFF, 0xFB, 0x00, 0x5D, 0xFF, 0xF7, 0x00, 0x5E, 0xFF, 0xF9, 0x00, 0x05, 0x00, 0x0F, 0x00, 0x12, 
0x00, 0x41, 0x00, 0x09, 0x00, 0x42, 0x00, 0x1B, 0x00, 0x62, 0x00, 0x10, 0x00, 0xF6, 0x00, 0x2C, 
0x00, 0x03, 0x00, 0x0F, 0x00, 0x29, 0x00, 0x24, 0x00, 0x11, 0x00, 0xF6, 0x00, 0x23, 0x00, 0x04, 
0x00, 0x0F, 0x00, 0x15, 0x00, 0x42, 0x00, 0x10, 0x00, 0x62, 0x00, 0x06, 0x00, 0xF6, 0x00, 0x22, 
0x00, 0x1D, 0x00, 0x0C, 0xFF, 0xF7, 0x00, 0x0E, 0xFF, 0xED, 0x00, 0x0F, 0xFF, 0xF7, 0x00, 0x14, 
0xFF, 0xED, 0x00, 0x26, 0xFF, 0xF6, 0x00, 0x2E, 0xFF, 0xFA, 0x00, 0x2F, 0xFF, 0xF4, 0x00, 0x38, 
0xFF, 0xF8, 0x00, 0x39, 0xFF, 0xD8, 0x00, 0x3A, 0xFF, 0xF7, 0x00, 0x3B, 0xFF, 0xDE, 0x00, 0x3C, 
0xFF, 0xE3, 0x00, 0x3D, 0xFF, 0xE2, 0x00, 0x3E, 0xFF, 0xD9, 0x00, 0x3F, 0xFF, 0xEE, 0x00, 0x41, 
0xFF, 0xF0, 0x00, 0x42, 0xFF, 0xED, 0x00, 0x4B, 0xFF, 0xFB, 0x00, 0x59, 0xFF, 0xFA, 0x00, 0x5B, 
0xFF, 0xF9, 0x00, 0x5C, 0xFF, 0xFC, 0x00, 0x5D, 0xFF, 0xF3, 0x00, 0x5E, 0xFF, 0xFA, 0x00, 0x5F, 
0xFF, 0xFC, 0x00, 0x62, 0xFF, 0xF6, 0x00, 0x88, 0xFF, 0xF9, 0x00, 0xE7, 0xFF, 0xEE, 0x00, 0xE8, 
0xFF, 0xEE, 0x00, 0xF6, 0xFF, 0xF1, 0x00, 0x06, 0x00, 0x0E, 0x00, 0x0F, 0x00, 0x0F, 0x00, 0x12, 
0x00, 0x41, 0x00, 0x1A, 0x00, 0x42, 0x00, 0x1D, 0x00, 0x62, 0x00, 0x12, 0x00, 0xF6, 0x00, 0x2B, 
0x00, 0x01, 0x00, 0x4F, 0x00, 0x10, 0x00, 0x04, 0x00, 0x0F, 0x00, 0x27, 0x00, 0x24, 0x00, 0x0F, 
0x00, 0x4F, 0x00, 0x10, 0x00, 0xF6, 0x00, 0x22, 0x00, 0x09, 0x00, 0x13, 0xFF, 0x69, 0x00, 0x26, 
0xFF, 0xC3, 0x00, 0x2F, 0xFF, 0xF2, 0x00, 0x34, 0xFF, 0xF5, 0x00, 0x46, 0xFF, 0xEB, 0x00, 0x54, 
0xFF, 0xDC, 0x00, 0x58, 0xFF, 0xE8, 0x00, 0x88, 0xFF, 0xBF, 0x00, 0xB2, 0xFF, 0xED, 0x00, 0x0F, 
0x00, 0x0B, 0xFF, 0xEA, 0x00, 0x13, 0xFF, 0x69, 0x00, 0x14, 0xFF, 0xAC, 0x00, 0x1F, 0xFF, 0xB4, 
0x00, 0x25, 0xFF, 0xE4, 0x00, 0x26, 0xFF, 0xC3, 0x00, 0x2F, 0xFF, 0xF2, 0x00, 0x34, 0xFF, 0xF5, 
0x00, 0x46, 0xFF, 0xEB, 0x00, 0x54, 0xFF, 0xDC, 0x00, 0x58, 0xFF, 0xE8, 0x00, 0x70, 0xFF, 0xF4, 
0x00, 0x88, 0xFF, 0xBF, 0x00, 0xB2, 0xFF, 0xED, 0x00, 0xF2, 0xFF, 0xF0, 0x00, 0x04, 0x00, 0x39, 
0xFF, 0xCA, 0x00, 0x3B, 0xFF, 0xEF, 0x00, 0x3C, 0xFF, 0xF5, 0x00, 0x3E, 0xFF, 0xE0, 0x00, 0x10, 
0x00, 0x0C, 0xFF, 0xF2, 0x00, 0x2F, 0xFF, 0xF3, 0x00, 0x39, 0xFF, 0xC2, 0x00, 0x3B, 0xFF, 0xDD, 
0x00, 0x3C, 0xFF, 0xE4, 0x00, 0x3D, 0xFF, 0xF0, 0x00, 0x3E, 0xFF, 0xCB, 0x00, 0x3F, 0xFF, 0xF5, 
0x00, 0x4B, 0xFF, 0xF3, 0x00, 0x58, 0xFF, 0xF6, 0x00, 0x59, 0xFF, 0xF3, 0x00, 0x5B, 0xFF, 0xEE, 
0x00, 0x5C, 0xFF, 0xF2, 0x00, 0x5D, 0xFF, 0xEB, 0x00, 0x5E, 0xFF, 0xEE, 0x00, 0x5F, 0xFF, 0xF4, 
0x00, 0x04, 0x00, 0x15, 0xFF, 0xF5, 0x00, 0x16, 0x00, 0x0A, 0x00, 0x19, 0xFF, 0xD6, 0x00, 0x1B, 
0xFF, 0xF4, 0x00, 0x06, 0x00, 0x26, 0xFF, 0xE5, 0x00, 0x2F, 0xFF, 0xEF, 0x00, 0x88, 0xFF, 0xE2, 
0x00, 0xAE, 0x00, 0x07, 0x00, 0xB0, 0x00, 0x0F, 0x00, 0xC8, 0x00, 0x11, 0x00, 0x04, 0x00, 0x16, 
0xFF, 0xE7, 0x00, 0x17, 0xFF, 0xEE, 0x00, 0x18, 0xFF, 0xED, 0x00, 0x1C, 0xFF, 0xEE, 0x00, 0x02, 
0x00, 0x1A, 0x00, 0x0B, 0x00, 0x10, 0x00, 0x00, 0x00, 0x12, 0x00, 0x15, 0x00, 0x06, 0x00, 0x17, 
0x00, 0x1F, 0x00, 0x0A, 0x00, 0x25, 0x00, 0x28, 0x00, 0x13, 0x00, 0x2A, 0x00, 0x2C, 0x00, 0x17, 
0x00, 0x2E, 0x00, 0x31, 0x00, 0x1A, 0x00, 0x34, 0x00, 0x41, 0x00, 0x1E, 0x00, 0x46, 0x00, 0x46, 
0x00, 0x2C, 0x00, 0x48, 0x00, 0x4B, 0x00, 0x2D, 0x00, 0x4E, 0x00, 0x51, 0x00, 0x31, 0x00, 0x53, 
0x00, 0x54, 0x00, 0x35, 0x00, 0x56, 0x00, 0x62, 0x00, 0x37, 0x00, 0x70, 0x00, 0x70, 0x00, 0x44, 
0x00, 0x72, 0x00, 0x72, 0x00, 0x45, 0x00, 0x79, 0x00, 0x79, 0x00, 0x46, 0x00, 0x81, 0x00, 0x81, 
0x00, 0x47, 0x00, 0x90, 0x00, 0x90, 0x00, 0x48, 0x00, 0xA0, 0x00, 0xA1, 0x00, 0x49, 0x00, 0xAF, 
0x00, 0xB2, 0x00, 0x4B, 0x00, 0xC4, 0x00, 0xC4, 0x00, 0x4F, 0x00, 0xC6, 0x00, 0xC6, 0x00, 0x50, 
0x00, 0xC8, 0x00, 0xC8, 0x00, 0x51, 0x00, 0xE7, 0x00, 0xE8, 0x00, 0x52, 0x00, 0xF2, 0x00, 0xF4, 
0x00, 0x54, 0x00, 0xF6, 0x00, 0xF6, 0x00, 0x57, 0x00, 0xFC, 0x00, 0xFC, 0x00, 0x58, 0x00, 0x00, 
0x00, 0x01, 0x00, 0x00, 0x00, 0x0A, 0x00, 0x1C, 0x00, 0x1E, 0x00, 0x01, 0x6C, 0x61, 0x74, 0x6E, 
0x00, 0x08, 0x00, 0x04, 0x00, 0x00, 0x00, 0x00, 0xFF, 0xFF, 0x00, 0x00, 0x00, 0x00, 0x00, 0x00, 
0x00, 0x00, 0x00, 0x01, 0x00, 0x00, 0x00, 0x00};

const uint64_t montserrat_regular_ttf_size = 29016;

const uint8_t check_square_grey_png_data[] = {
0x89, 0x50, 0x4E, 0x47, 0x0D, 0x0A, 0x1A, 0x0A, 0x00, 0x00, 0x00, 0x0D, 0x49, 0x48, 0x44, 0x52, 
0x00, 0x00, 0x00, 0x40, 0x00, 0x00, 0x00, 0x40, 0x08, 0x03, 0x00, 0x00, 0x00, 0x9D, 0xB7, 0x81, 
0xEC, 0x00, 0x00, 0x00, 0x04, 0x67, 0x41, 0x4D, 0x41, 0x00, 0x00, 0xB1, 0x8F, 0x0B, 0xFC, 0x61, 
0x05, 0x00, 0x00, 0x00, 0x63, 0x50, 0x4C, 0x54, 0x45, 0x94, 0x94, 0xA5, 0x95, 0x95, 0xA3, 0x95, 
0x95, 0xA3, 0x96, 0x96, 0xA3, 0x97, 0x97, 0xA3, 0x98, 0x98, 0xA3, 0x96, 0x96, 0xA4, 0x96, 0x96, 
0xA2, 0x96, 0x96, 0xA2, 0x96, 0x96, 0xA2, 0x95, 0x95, 0xA2, 0x94, 0x94, 0xA1, 0x95, 0x95, 0xA2, 
0x96, 0x96, 0xA3, 0x00, 0x00, 0x00, 0xEA, 0xEB, 0xF1, 0xDE, 0xE0, 0xEA, 0xC3, 0xC3, 0xCB, 0xCA, 
0xCA, 0xD1, 0xDC, 0xDE, 0xE8, 0xF1, 0xF1, 0xF6, 0xF1, 0xF1, 0xF3, 0xEC, 0xED, 0xF3, 0xA3, 0xA3, 
0xAE, 0xE3, 0xE4, 0xED, 0xD7, 0xD7, 0xDC, 0xB0, 0xB0, 0xBA, 0xDE, 0xDE, 0xE2, 0xD1, 0xD1, 0xD6, 
0xE4, 0xE4, 0xE8, 0xFF, 0xFF, 0xFF, 0x96, 0x96, 0xA3, 0xDA, 0xDC, 0xE7, 0xA6, 0xDC, 0xD1, 0x64, 
0x00, 0x00, 0x00, 0x0F, 0x74, 0x52, 0x4E, 0x53, 0x1F, 0xCF, 0x6F, 0xAF, 0x7F, 0x2F, 0x5F, 0x3F, 
0x8F, 0xDF, 0xEF, 0x4F, 0x9F, 0xBF, 0x00, 0xC3, 0xAF, 0x47, 0xA1, 0x00, 0x00, 0x00, 0xFF, 0x49, 
0x44, 0x41, 0x54, 0x58, 0xC3, 0xED, 0x97, 0x49, 0x0E, 0x83, 0x30, 0x10, 0x04, 0x27, 0x2B, 0x04, 
0x6C, 0x93, 0x85, 0x10, 0x96, 0x18, 0xF8, 0xFF, 0x2B, 0xE3, 0x1E, 0x42, 0x24, 0x6E, 0x8C, 0x91, 
0x72, 0x9A, 0x3E, 0x20, 0x90, 0xA8, 0x92, 0xC5, 0x89, 0x22, 0xC7, 0xA3, 0xBD, 0xB1, 0xD6, 0x0E, 
0x2B, 0x17, 0x5E, 0x35, 0x7B, 0xFA, 0x92, 0xB8, 0x24, 0xAB, 0xD1, 0x85, 0x26, 0x99, 0x05, 0xE9, 
0x10, 0xB9, 0x74, 0x12, 0x98, 0x21, 0x7A, 0x06, 0x82, 0x9C, 0x6F, 0x5F, 0xB7, 0xCE, 0xFB, 0x7E, 
0xE5, 0xBC, 0xEF, 0x6E, 0x2F, 0xC6, 0xF2, 0x20, 0xB8, 0xE0, 0xE6, 0xDE, 0x8B, 0x77, 0x07, 0x77, 
0x71, 0xC4, 0x07, 0x78, 0xF7, 0x11, 0x7B, 0xF3, 0x11, 0x08, 0x5F, 0xA0, 0xED, 0xA3, 0xD6, 0xE2, 
0x2B, 0xD0, 0x2E, 0x5C, 0x1B, 0x3C, 0x96, 0x75, 0x3D, 0xAE, 0x5C, 0x5D, 0x97, 0x20, 0x9A, 0x80, 
0xEE, 0x08, 0xE7, 0x78, 0x86, 0xA7, 0x6A, 0x14, 0xAD, 0x0A, 0xC8, 0x13, 0x2C, 0x0B, 0xA0, 0x7B, 
0xC8, 0x04, 0x0F, 0x30, 0x0B, 0xC1, 0x28, 0x9C, 0x0A, 0x54, 0xA0, 0x02, 0x15, 0xA8, 0x40, 0x05, 
0x2A, 0x50, 0x81, 0x0A, 0x54, 0xF0, 0x1F, 0xC1, 0x55, 0xC6, 0x5F, 0x7F, 0x02, 0xF4, 0x86, 0x8F, 
0xFB, 0xD9, 0xF6, 0x28, 0x0E, 0xB2, 0x73, 0x6F, 0x14, 0x12, 0xBE, 0x98, 0x8B, 0xC3, 0xD2, 0x11, 
0xC1, 0x14, 0x17, 0x1C, 0xC8, 0xA6, 0x23, 0x9D, 0xB6, 0x25, 0xCF, 0x89, 0x1C, 0x47, 0x67, 0x23, 
0xE7, 0x1B, 0x8E, 0xCF, 0x50, 0x6D, 0x09, 0xF7, 0x5B, 0xDB, 0xC9, 0xF0, 0xAE, 0x65, 0x2C, 0x41, 
0x78, 0xA6, 0xF1, 0xE1, 0x99, 0x4E, 0xE9, 0x6B, 0x36, 0x84, 0xEB, 0x14, 0xDF, 0x79, 0x16, 0x83, 
0x67, 0xF9, 0xAF, 0xDE, 0x9D, 0x3B, 0x1F, 0x84, 0x8E, 0xEC, 0x70, 0x9E, 0xC8, 0x0F, 0x54, 0xB9, 
0xEB, 0x26, 0xA6, 0xEF, 0x01, 0x1B, 0x00, 0x00, 0x00, 0x00, 0x49, 0x45, 0x4E, 0x44, 0xAE, 0x42, 
0x60, 0x82};

const uint64_t check_square_grey_png_size = 466;

const uint8_t check_square_grey_checkmark_png_data[] = {
0x89, 0x50, 0x4E, 0x47, 0x0D, 0x0A, 0x1A, 0x0A, 0x00, 0x00, 0x00, 0x0D, 0x49, 0x48, 0x44, 0x52, 
0x00, 0x00, 0x00, 0x40, 0x00, 0x00, 0x00, 0x40, 0x08, 0x03, 0x00, 0x00, 0x00, 0x9D, 0xB7, 0x81, 
0xEC, 0x00, 0x00, 0x00, 0x04, 0x67, 0x41, 0x4D, 0x41, 0x00, 0x00, 0xB1, 0x8F, 0x0B, 0xFC, 0x61, 
0x05, 0x00, 0x00, 0x00, 0xC3, 0x50, 0x4C, 0x54, 0x45, 0x94, 0x94, 0xA5, 0x98, 0x98, 0xA3, 0x97, 
0x97, 0xA3, 0x95, 0x95, 0xA3, 0x96, 0x96, 0xA4, 0x95, 0x95, 0xA3, 0x96, 0x96, 0xA3, 0x96, 0x96, 
0xA2, 0x95, 0x95, 0xA2, 0x96, 0x96, 0xA2, 0x96, 0x96, 0xA2, 0x94, 0x94, 0xA1, 0x95, 0x95, 0xA2, 
0x96, 0x96, 0xA3, 0x00, 0x00, 0x00, 0x22, 0x8B, 0xB8, 0xDC, 0xDE, 0xE8, 0xC3, 0xC3, 0xCB, 0xF1, 
0xF1, 0xF6, 0xCA, 0xCA, 0xD1, 0xEA, 0xEB, 0xF1, 0xF1, 0xF1, 0xF3, 0xDE, 0xE0, 0xEA, 0x1C, 0x7B, 
0xA3, 0x27, 0x96, 0xC6, 0xE3, 0xE4, 0xED, 0xDE, 0xDE, 0xE2, 0x2D, 0xA7, 0xDB, 0xB0, 0xB0, 0xBA, 
0xC1, 0xCD, 0xDB, 0x1E, 0x80, 0xAA, 0xA3, 0xA3, 0xAE, 0x9C, 0xB6, 0xC9, 0xEC, 0xED, 0xF3, 0x83, 
0xA7, 0xBD, 0x77, 0xA0, 0xB7, 0xD7, 0xD7, 0xDC, 0x2B, 0xA1, 0xD4, 0x18, 0x70, 0x95, 0x51, 0x8A, 
0xA5, 0x25, 0x91, 0xBF, 0x31, 0xB2, 0xE9, 0x6A, 0x99, 0xB1, 0xE4, 0xE4, 0xE8, 0xD1, 0xD1, 0xD6, 
0x2C, 0x73, 0x93, 0x8F, 0xAF, 0xC3, 0x39, 0x7B, 0x99, 0x5E, 0x91, 0xAB, 0x20, 0x86, 0xB1, 0x29, 
0x9C, 0xCD, 0x45, 0x82, 0x9F, 0x2F, 0xAC, 0xE2, 0x1A, 0x75, 0x9C, 0xA8, 0xBE, 0xCF, 0xB4, 0xC5, 
0xD5, 0x16, 0x6A, 0x8E, 0x33, 0xB7, 0xF0, 0xCD, 0xD4, 0xE1, 0x20, 0x6C, 0x8D, 0x36, 0xBD, 0xF7, 
0x14, 0x65, 0x87, 0xFF, 0xFF, 0xFF, 0x96, 0x96, 0xA3, 0xDA, 0xDC, 0xE7, 0xBE, 0x62, 0x35, 0x1D, 
0x00, 0x00, 0x00, 0x0F, 0x74, 0x52, 0x4E, 0x53, 0x1F, 0x2F, 0x7F, 0xCF, 0x5F, 0x6F, 0xAF, 0xDF, 
0xEF, 0x3F, 0x8F, 0x4F, 0x9F, 0xBF, 0x00, 0x59, 0x94, 0xA3, 0x1E, 0x00, 0x00, 0x02, 0x8B, 0x49, 
0x44, 0x41, 0x54, 0x58, 0xC3, 0xD5, 0x57, 0xD9, 0x56, 0xC2, 0x30, 0x14, 0x8C, 0x3B, 0x4B, 0x8B, 
0xBB, 0xC8, 0x2A, 0x22, 0xB2, 0x55, 0xA0, 0x80, 0x74, 0x49, 0x5B, 0xE0, 0xFF, 0xBF, 0xCA, 0xDC, 
0xDB, 0x36, 0x4D, 0x51, 0x6B, 0x12, 0x9E, 0x9C, 0x07, 0x4C, 0xCE, 0xE9, 0x8C, 0xE9, 0xE4, 0xF6, 
0x26, 0x43, 0x6A, 0x08, 0x72, 0x61, 0x98, 0xA6, 0xB9, 0x93, 0x04, 0x7B, 0xD4, 0xB8, 0x20, 0x09, 
0x13, 0x7E, 0xCA, 0xD2, 0xD4, 0x9C, 0x4C, 0x39, 0x15, 0xA8, 0xEC, 0x34, 0x51, 0x89, 0x05, 0x8C, 
0x9D, 0x36, 0x0C, 0x10, 0xA8, 0xE2, 0xF0, 0xE5, 0xB6, 0x69, 0x59, 0x5B, 0x49, 0x58, 0x56, 0xF3, 
0xF6, 0x05, 0x69, 0x55, 0x26, 0x70, 0x05, 0x83, 0xFB, 0xAD, 0x32, 0xEE, 0x81, 0x77, 0x55, 0x23, 
0xB8, 0x80, 0x8F, 0xAD, 0x06, 0x3E, 0x70, 0x09, 0x04, 0x1C, 0x68, 0x6F, 0xB5, 0xD0, 0x06, 0x17, 
0xC8, 0x19, 0xFB, 0x1D, 0xC0, 0xF4, 0xAE, 0xD1, 0xD8, 0x4B, 0xA2, 0xD1, 0xB8, 0x03, 0xC6, 0x80, 
0x51, 0xCF, 0x08, 0xAC, 0xE3, 0x91, 0xCD, 0x5E, 0xF7, 0x4A, 0x78, 0x65, 0x94, 0x47, 0xE0, 0xA2, 
0x00, 0xC8, 0xDD, 0xA8, 0x09, 0xDC, 0x00, 0x27, 0x27, 0xB0, 0x57, 0xC4, 0x3F, 0x14, 0xE8, 0xF4, 
0xD7, 0x0C, 0xFD, 0x8E, 0xAE, 0xC0, 0x34, 0x4A, 0xB0, 0xD6, 0x12, 0xA0, 0x8B, 0x88, 0xE3, 0x4D, 
0x47, 0x60, 0x1A, 0x09, 0x98, 0xAB, 0x0B, 0xCC, 0x81, 0x37, 0x5C, 0xB5, 0x5A, 0xAB, 0x0D, 0x1B, 
0x04, 0x1D, 0x55, 0x01, 0x37, 0x60, 0x34, 0xCF, 0x0F, 0x19, 0x3E, 0x3D, 0x36, 0xB4, 0x15, 0x05, 
0xE8, 0x0C, 0x16, 0xF0, 0x1E, 0x22, 0xDE, 0xD9, 0x70, 0xA6, 0x28, 0xB0, 0x06, 0xFE, 0x73, 0x98, 
0x00, 0x26, 0x6A, 0x02, 0x68, 0xE0, 0x32, 0xD4, 0x16, 0x40, 0x03, 0x37, 0x7E, 0xCA, 0x6F, 0x81, 
0x8B, 0x7F, 0x08, 0xB8, 0x8E, 0xE3, 0xD0, 0xBC, 0x81, 0x93, 0x94, 0xEF, 0xC3, 0x36, 0x8C, 0x8A, 
0x04, 0x1C, 0x3B, 0xC0, 0xCD, 0xB6, 0x3B, 0x82, 0x81, 0x9F, 0xFC, 0x05, 0xBA, 0x30, 0x75, 0x0A, 
0x04, 0x5C, 0x5E, 0x2E, 0x41, 0x8F, 0x1B, 0xB8, 0xE2, 0xFC, 0x71, 0x56, 0xCC, 0x3F, 0x0B, 0xB8, 
0x81, 0x50, 0x71, 0xCE, 0x37, 0x03, 0x57, 0x30, 0x9D, 0xD1, 0x02, 0x01, 0x2C, 0xF9, 0x61, 0xBD, 
0x3E, 0x84, 0xBF, 0x0B, 0x8A, 0x06, 0xD6, 0x39, 0x1F, 0xAB, 0x28, 0x70, 0x0B, 0xBE, 0x05, 0x24, 
0x8C, 0xE1, 0xD9, 0x67, 0x5C, 0x2B, 0xAC, 0x67, 0xC8, 0x37, 0xC0, 0x47, 0xD9, 0x5E, 0xD1, 0xD7, 
0x38, 0xCA, 0x16, 0xDC, 0x4D, 0xDE, 0xC3, 0xCB, 0x0C, 0xDC, 0x08, 0xDF, 0xE2, 0x2F, 0x02, 0xF0, 
0xC4, 0x44, 0xD8, 0xAF, 0xAC, 0x82, 0x19, 0x96, 0x51, 0xBA, 0x83, 0xC5, 0x02, 0xE9, 0xF3, 0x13, 
0x8F, 0xBF, 0x4F, 0x66, 0xE0, 0x82, 0xEE, 0x65, 0x57, 0xC0, 0x2C, 0x63, 0x93, 0x6E, 0x28, 0xCE, 
0xB8, 0x81, 0xBF, 0x0A, 0xC0, 0x26, 0x5C, 0x0B, 0xFF, 0x33, 0xAB, 0x60, 0xDF, 0xE3, 0x15, 0x54, 
0x24, 0xF0, 0x96, 0x7F, 0xEB, 0x71, 0xBE, 0x82, 0xA3, 0xFE, 0x9F, 0x5D, 0x99, 0x06, 0x79, 0xDF, 
0xF3, 0x06, 0xDA, 0x12, 0x6D, 0xFD, 0xE0, 0xD3, 0x4B, 0x81, 0x55, 0xB1, 0x90, 0x3A, 0x17, 0x0E, 
0x6A, 0x37, 0xEB, 0x42, 0x51, 0x40, 0xE5, 0x0E, 0x96, 0x51, 0xAE, 0xFD, 0x64, 0x15, 0x1C, 0xB9, 
0x92, 0x27, 0x53, 0x7C, 0x02, 0xB4, 0x04, 0x7E, 0x6C, 0xE0, 0x5C, 0xFA, 0x68, 0x3B, 0xE8, 0x20, 
0x49, 0x51, 0xDB, 0x0A, 0x67, 0x63, 0x0F, 0x8D, 0xFC, 0xA9, 0x05, 0xC8, 0x1E, 0xAE, 0x7D, 0xD1, 
0x48, 0xB1, 0x05, 0x48, 0x9F, 0xCE, 0x76, 0xD6, 0x86, 0x72, 0x2D, 0x40, 0x5A, 0x20, 0x36, 0x72, 
0xE9, 0xA7, 0x1B, 0xD0, 0x53, 0xBE, 0x1F, 0x50, 0xB1, 0xB3, 0x65, 0x2D, 0x40, 0xE1, 0x82, 0x21, 
0xF6, 0x46, 0x5B, 0xEB, 0x86, 0xE2, 0x70, 0x85, 0xA9, 0xE6, 0x15, 0x87, 0xDA, 0x78, 0x22, 0x8C, 
0x9C, 0x23, 0xEE, 0x48, 0xD4, 0x71, 0xFE, 0xD7, 0x35, 0xEF, 0x49, 0x8D, 0xFF, 0xC4, 0x05, 0x20, 
0x6F, 0x58, 0x7A, 0x97, 0x6D, 0x0B, 0x12, 0x07, 0x31, 0xD3, 0xBC, 0xF1, 0xA0, 0xC2, 0x7F, 0x48, 
0x13, 0x87, 0x49, 0x4E, 0x21, 0x30, 0xE9, 0x05, 0x0E, 0x88, 0x4D, 0xA7, 0xE4, 0xE4, 0xB8, 0xC8, 
0x73, 0x42, 0x6A, 0x18, 0x3A, 0x07, 0xEA, 0xFC, 0x01, 0x86, 0x4F, 0x96, 0xDA, 0xCA, 0x98, 0xDF, 
0xDA, 0x4D, 0x35, 0x7A, 0xB3, 0x8D, 0xB4, 0x32, 0x04, 0xCF, 0x8A, 0x7E, 0xF0, 0xAC, 0xC4, 0xD1, 
0xD7, 0x38, 0x22, 0xB8, 0xC6, 0xE1, 0xBB, 0x5A, 0xD2, 0xA1, 0x97, 0xAA, 0x3C, 0xBD, 0xD7, 0x6A, 
0xE7, 0x97, 0x8A, 0x1A, 0xA5, 0xCB, 0xF3, 0x98, 0xF9, 0x05, 0xD7, 0x78, 0xC0, 0x52, 0x5F, 0xFC, 
0xF2, 0xB9, 0x00, 0x00, 0x00, 0x00, 0x49, 0x45, 0x4E, 0x44, 0xAE, 0x42, 0x60, 0x82};

const uint64_t check_square_grey_checkmark_png_size = 958;

const uint8_t gamepad_xbox_data[] = {
0x89, 0x50, 0x4E, 0x47, 0x0D, 0x0A, 0x1A, 0x0A, 0x00, 0x00, 0x00, 0x0D, 0x49, 0x48, 0x44, 0x52, 
0x00, 0x00, 0x04, 0x00, 0x00, 0x00, 0x00, 0x80, 0x08, 0x06, 0x00, 0x00, 0x00, 0x95, 0xE2, 0x1B, 
0x48, 0x00, 0x00, 0x00, 0x01, 0x73, 0x52, 0x47, 0x42, 0x01, 0xD9, 0xC9, 0x2C, 0x7F, 0x00, 0x00, 
0x00, 0x04, 0x67, 0x41, 0x4D, 0x41, 0x00, 0x00, 0xB1, 0x8F, 0x0B, 0xFC, 0x61, 0x05, 0x00, 0x00, 
0x00, 0x20, 0x63, 0x48, 0x52, 0x4D, 0x00, 0x00, 0x7A, 0x26, 0x00, 0x00, 0x80, 0x84, 0x00, 0x00, 
0xFA, 0x00, 0x00, 0x00, 0x80, 0xE8, 0x00, 0x00, 0x75, 0x30, 0x00, 0x00, 0xEA, 0x60, 0x00, 0x00, 
0x3A, 0x98, 0x00, 0x00, 0x17, 0x70, 0x9C, 0xBA, 0x51, 0x3C, 0x00, 0x00, 0x00, 0x06, 0x62, 0x4B, 
0x47, 0x44, 0x00, 0xFF, 0x00, 0xFF, 0x00, 0xFF, 0xA0, 0xBD, 0xA7, 0x93, 0x00, 0x00, 0x00, 0x09, 
0x70, 0x48, 0x59, 0x73, 0x00, 0x00, 0x2E, 0x23, 0x00, 0x00, 0x2E, 0x23, 0x01, 0x78, 0xA5, 0x3F, 
0x76, 0x00, 0x00, 0x00, 0x07, 0x74, 0x49, 0x4D, 0x45, 0x07, 0xEA, 0x05, 0x1C, 0x12, 0x12, 0x2E, 
0x12, 0xA4, 0xFF, 0x11, 0x00, 0x00, 0x20, 0x00, 0x49, 0x44, 0x41, 0x54, 0x78, 0xDA, 0xED, 0x9D, 
0x4D, 0x8F, 0x13, 0x67, 0xF6, 0xF6, 0xAF, 0x53, 0x76, 0x77, 0x34, 0xD9, 0xD8, 0x46, 0x21, 0xDB, 
0xEE, 0x27, 0x8B, 0x0C, 0xAC, 0xDA, 0xF3, 0x09, 0xF0, 0x48, 0x89, 0x44, 0x68, 0x3A, 0xED, 0xF9, 
0x04, 0x54, 0x93, 0x48, 0x59, 0xA6, 0xB3, 0xCA, 0x82, 0x61, 0x70, 0xC2, 0x64, 0x91, 0x55, 0x9C, 
0x25, 0x52, 0x42, 0x17, 0x9F, 0x20, 0x26, 0x4D, 0x03, 0x52, 0x8F, 0x34, 0xE6, 0x13, 0x8C, 0x59, 
0x85, 0xC9, 0x62, 0xFE, 0x66, 0x1B, 0x22, 0x6C, 0x36, 0x89, 0xD2, 0xD8, 0x75, 0x9E, 0x45, 0x15, 
0x84, 0x80, 0xEF, 0x7A, 0x71, 0x57, 0x95, 0xAB, 0xCA, 0xD7, 0x4F, 0x42, 0x99, 0xA1, 0x1B, 0xBB, 
0xEA, 0x9C, 0x3A, 0x77, 0xDD, 0xE7, 0xDC, 0xE7, 0x05, 0x20, 0x84, 0x10, 0x42, 0x08, 0x21, 0x84, 
0x10, 0x42, 0x08, 0x21, 0x84, 0x10, 0x42, 0x08, 0x21, 0x84, 0x10, 0x42, 0x08, 0x21, 0x84, 0x10, 
0x42, 0x08, 0x21, 0x84, 0x10, 0x42, 0x08, 0x21, 0x84, 0x10, 0x42, 0x08, 0x21, 0x84, 0x10, 0x42, 
0x08, 0x21, 0x84, 0x10, 0x42, 0x08, 0x21, 0x84, 0x10, 0x42, 0x08, 0x21, 0x84, 0x10, 0x42, 0x08, 
0x21, 0x84, 0x10, 0x42, 0x08, 0x21, 0x84, 0x10, 0x42, 0x08, 0x21, 0x84, 0x10, 0x42, 0x08, 0x21, 
0x84, 0x10, 0x42, 0x08, 0x21, 0x84, 0x10, 0x42, 0x08, 0x21, 0x84, 0x10, 0x42, 0x08, 0x21, 0x84, 
0x10, 0x42, 0x08, 0x21, 0x84, 0x10, 0x42, 0x08, 0x21, 0x84, 0x10, 0x42, 0x08, 0x21, 0x84, 0x10, 
0x42, 0x08, 0x21, 0x84, 0x10, 0x42, 0x08, 0x21, 0x84, 0x10, 0x42, 0x08, 0x21, 0x84, 0x10, 0x42, 
0x08, 0x21, 0x84, 0x10, 0x42, 0x08, 0x21, 0x84, 0x10, 0x42, 0x08, 0x21, 0x84, 0x10, 0x42, 0x08, 
0x21, 0x84, 0x10, 0x42, 0x08, 0x21, 0x84, 0x10, 0x42, 0x08, 0x21, 0x84, 0x10, 0x42, 0x08, 0x21, 
0x84, 0x10, 0x42, 0x08, 0x21, 0x84, 0x10, 0x42, 0x5E, 0x45, 0xCA, 0x7A, 0x63, 0x9F, 0x1E, 0xA2, 
0xB6, 0xFA, 0x14, 0x4D, 0xB5, 0xD0, 0x84, 0xA2, 0x2E, 0xC0, 0xBA, 0x02, 0xEB, 0x11, 0x85, 0x32, 
0x54, 0x60, 0x08, 0xC1, 0x58, 0x5C, 0x0C, 0x8E, 0x56, 0x30, 0xF8, 0xF2, 0x5D, 0x3C, 0xE1, 0xE3, 
0x52, 0x1C, 0x1E, 0xBF, 0xF3, 0x56, 0x4D, 0xFE, 0xB4, 0xDA, 0x84, 0x68, 0x13, 0x90, 0x3A, 0x14, 
0xEB, 0x88, 0xA8, 0x7F, 0x78, 0xBA, 0x1F, 0x02, 0x3A, 0x86, 0xCA, 0x40, 0x7F, 0x3D, 0x1A, 0x9C, 
0xF8, 0xD7, 0xFF, 0xA8, 0xFF, 0x22, 0x71, 0xED, 0x71, 0x0D, 0x2B, 0xD3, 0xDF, 0xF5, 0x0F, 0x5D, 
0x07, 0x24, 0xA2, 0xFE, 0x75, 0x08, 0xC8, 0x73, 0xFD, 0xE3, 0x69, 0x65, 0x80, 0x8F, 0x4E, 0x50, 
0xFF, 0x05, 0x42, 0x0F, 0x51, 0xC3, 0xD3, 0x6A, 0x13, 0xEA, 0x36, 0x01, 0xAB, 0xEE, 0x42, 0xD7, 
0x45, 0xA3, 0xE9, 0x5F, 0x45, 0x87, 0x16, 0x64, 0x08, 0xB8, 0x63, 0x88, 0x35, 0xC0, 0xCA, 0x64, 
0x20, 0x5C, 0xFF, 0x09, 0x21, 0x84, 0x10, 0xC2, 0x00, 0x40, 0xBE, 0xB8, 0x7C, 0x17, 0x1B, 0xAA, 
0x68, 0x0B, 0xB0, 0x0E, 0x45, 0x1B, 0x82, 0x7A, 0xB2, 0x3B, 0x4A, 0x8C, 0x21, 0xE8, 0x29, 0x30, 
0x14, 0x41, 0xEF, 0xEA, 0x59, 0xDC, 0xE7, 0xE3, 0x93, 0x1F, 0x46, 0xE7, 0xDF, 0xDE, 0x80, 0x65, 
0xB5, 0xA1, 0x58, 0x87, 0x48, 0x1B, 0x48, 0x58, 0xFF, 0xC0, 0x18, 0xAA, 0x3D, 0x08, 0x86, 0x70, 
0xDD, 0x5E, 0xE3, 0xD6, 0x8F, 0xD4, 0x7F, 0x9E, 0xF8, 0x76, 0xB4, 0x01, 0x6B, 0xD2, 0xF6, 0x1D, 
0xFD, 0x74, 0xF4, 0x0F, 0xED, 0x01, 0x32, 0x84, 0x5B, 0xED, 0xE1, 0x83, 0x06, 0xF5, 0x9F, 0x27, 
0x87, 0x7F, 0x1F, 0x1B, 0xB0, 0xAA, 0x6D, 0xCF, 0xD1, 0x47, 0x1B, 0x22, 0x09, 0xAF, 0xFF, 0x3A, 
0x56, 0x41, 0xCF, 0x82, 0x0C, 0xE1, 0x4E, 0x7A, 0xB2, 0xC5, 0xF5, 0x9F, 0x10, 0x42, 0x08, 0x21, 
0x0C, 0x00, 0x64, 0xEF, 0xF4, 0xDF, 0xC6, 0x19, 0x08, 0x6C, 0x00, 0x2D, 0x44, 0x3F, 0xDD, 0x4D, 
0x8A, 0x21, 0x80, 0x3E, 0x14, 0xCE, 0xD5, 0x73, 0xB8, 0xC7, 0x47, 0x69, 0x01, 0x4E, 0xFF, 0xD6, 
0xA9, 0x33, 0x00, 0x6C, 0x08, 0x5A, 0xD1, 0x4F, 0x77, 0x13, 0xF3, 0x08, 0x86, 0x50, 0xF4, 0x01, 
0x38, 0x8D, 0xFD, 0x07, 0xD4, 0xFF, 0x22, 0xB8, 0xFE, 0xE8, 0x0C, 0x44, 0x7D, 0xFB, 0x5F, 0x80, 
0xFE, 0x81, 0x3E, 0x54, 0x1C, 0x5C, 0x3C, 0x49, 0xFD, 0x2F, 0xC2, 0xE9, 0xBF, 0x5D, 0x3D, 0xE3, 
0xAA, 0xDA, 0xB2, 0x20, 0xFD, 0x2B, 0xD0, 0xB7, 0x44, 0x1C, 0x39, 0x37, 0xA1, 0xFE, 0x09, 0x21, 
0x84, 0x10, 0xC2, 0x00, 0x40, 0x5A, 0x5C, 0x3A, 0xC0, 0x9A, 0x58, 0xB0, 0x05, 0xB0, 0x17, 0xE0, 
0xF4, 0x1B, 0x83, 0x01, 0x0A, 0x38, 0xEA, 0xC2, 0xF9, 0x62, 0x13, 0x0F, 0xF9, 0x58, 0xA5, 0xE8, 
0xF4, 0x9F, 0x3B, 0xBD, 0x86, 0xAA, 0xDA, 0x00, 0xEC, 0xEC, 0x37, 0xFD, 0x81, 0xCE, 0xA0, 0x83, 
0x89, 0x38, 0x8D, 0xDB, 0x3F, 0x50, 0xFF, 0x69, 0xF2, 0xCD, 0x68, 0x0D, 0x95, 0x89, 0x0D, 0x68, 
0xCE, 0xF4, 0x2F, 0x0E, 0xA6, 0x55, 0x07, 0x1F, 0x36, 0xA8, 0xFF, 0x34, 0x25, 0x7D, 0x80, 0x35, 
0xA0, 0x6A, 0x6B, 0xCE, 0xF4, 0x2F, 0x10, 0x07, 0x98, 0x38, 0xC2, 0xF5, 0x9F, 0x10, 0x42, 0x08, 
0x21, 0x0C, 0x00, 0x24, 0xE8, 0xF8, 0x0B, 0xBA, 0x22, 0x68, 0xE7, 0x7A, 0x83, 0xAA, 0xE8, 0xA9, 
0x62, 0x97, 0x81, 0x80, 0x14, 0x1C, 0xFF, 0x0A, 0xBA, 0xC8, 0xB9, 0xFE, 0xA1, 0xE8, 0x61, 0x8A, 
0x5D, 0x06, 0x02, 0x52, 0x71, 0xFC, 0xBB, 0x40, 0xCE, 0xF5, 0x0F, 0xF4, 0x30, 0xAD, 0xEE, 0x32, 
0x10, 0x90, 0xBC, 0xE3, 0xAF, 0xA8, 0x74, 0xFD, 0xF2, 0x8E, 0x3C, 0x5F, 0x69, 0x4F, 0x30, 0xDD, 
0x65, 0x20, 0x80, 0x90, 0x67, 0x7B, 0x22, 0x5D, 0xC3, 0xEF, 0x59, 0x9A, 0xAD, 0x97, 0x7E, 0xDC, 
0x5A, 0x72, 0xF1, 0xF4, 0x67, 0xFC, 0xFF, 0x21, 0x80, 0xBE, 0x88, 0x70, 0x0D, 0x21, 0xB4, 0x7F, 
0xDA, 0xFF, 0xF2, 0x06, 0x00, 0x8A, 0xE2, 0xF8, 0x33, 0x10, 0xB0, 0xE4, 0x8E, 0x3F, 0x03, 0x01, 
0xCB, 0xEE, 0xF8, 0x33, 0x10, 0xB0, 0xD4, 0x8E, 0x3F, 0x03, 0x01, 0x84, 0xBC, 0xB4, 0xF1, 0xBF, 
0x00, 0x60, 0x17, 0x40, 0x93, 0xD2, 0x98, 0x8B, 0x01, 0x80, 0xAE, 0x88, 0xDC, 0xA0, 0x28, 0x08, 
0xED, 0x9F, 0xF6, 0xBF, 0x34, 0x01, 0x00, 0xBF, 0x8B, 0x7F, 0x07, 0x5E, 0x8D, 0xF7, 0xBC, 0x0D, 
0x9D, 0x86, 0xAA, 0x18, 0x40, 0x30, 0x78, 0xD6, 0xD1, 0x3F, 0xD2, 0x83, 0xEB, 0x4F, 0x0E, 0x80, 
0xA2, 0x29, 0x82, 0x26, 0xE6, 0x2D, 0x35, 0x50, 0x8C, 0x01, 0x38, 0x47, 0x2B, 0xE8, 0x70, 0x8A, 
0x40, 0x3C, 0xBC, 0x2E, 0xFE, 0xAF, 0x75, 0xFC, 0x1E, 0x0F, 0x73, 0xEA, 0x5F, 0x87, 0x50, 0x19, 
0x40, 0x74, 0xF0, 0xBC, 0xA3, 0x7B, 0x24, 0xAB, 0x78, 0x36, 0x39, 0x40, 0x9E, 0x75, 0x91, 0x5F, 
0x9F, 0xF3, 0x36, 0xC6, 0x50, 0x38, 0xFA, 0xEB, 0x6F, 0x1D, 0x4E, 0x11, 0x88, 0xC9, 0xB5, 0xC7, 
0x35, 0xAC, 0x4E, 0x3D, 0xFB, 0x3F, 0x8E, 0xFE, 0x21, 0x03, 0x6F, 0x21, 0x9D, 0x43, 0xFF, 0x40, 
0x13, 0x38, 0xA6, 0xFE, 0x01, 0x07, 0x47, 0x95, 0x0E, 0xA7, 0x08, 0xC4, 0xD4, 0xDC, 0x21, 0x6A, 
0xEE, 0x6F, 0xD5, 0x8E, 0x40, 0xED, 0xF9, 0x1B, 0xFA, 0xE9, 0x10, 0xC0, 0x40, 0x20, 0x83, 0xE7, 
0x1D, 0xFD, 0x23, 0xFD, 0x33, 0x6F, 0x72, 0x80, 0x42, 0x9B, 0xDE, 0x33, 0x30, 0xA7, 0xFE, 0x55, 
0xC7, 0x0A, 0x71, 0xAC, 0xD7, 0x26, 0x1D, 0x4E, 0x11, 0x20, 0x4B, 0xB4, 0xF1, 0xDF, 0x06, 0xD0, 
0x45, 0x7E, 0x4A, 0x34, 0x8B, 0xCE, 0x10, 0xC0, 0xAE, 0x88, 0xDC, 0xA4, 0x28, 0x08, 0xED, 0x9F, 
0xF6, 0x5F, 0xEA, 0x00, 0xC0, 0x3F, 0xEE, 0x62, 0x5B, 0x35, 0xFE, 0x03, 0xA4, 0x8A, 0x81, 0x78, 
0x29, 0x14, 0xBD, 0xA4, 0x1B, 0xF3, 0x5D, 0xBE, 0x8D, 0x33, 0x00, 0xDA, 0x0A, 0xB4, 0xFC, 0xA0, 
0x40, 0x2C, 0x05, 0x8A, 0x60, 0xF7, 0xF3, 0xB3, 0xE0, 0x02, 0x1E, 0x81, 0xD1, 0xD6, 0x9F, 0xB7, 
0x21, 0xD2, 0x9D, 0x63, 0xE3, 0x3D, 0xF0, 0x1A, 0xF3, 0x69, 0x2F, 0xE9, 0xC6, 0x7C, 0x5E, 0xC3, 
0x41, 0x69, 0x7B, 0x0D, 0x07, 0xE3, 0xEA, 0x5F, 0x87, 0x50, 0xDD, 0x6D, 0xEC, 0xFF, 0x97, 0xFA, 
0x8F, 0xC2, 0xF5, 0x9F, 0xB7, 0x21, 0xEE, 0x1C, 0xFA, 0xD7, 0x01, 0x20, 0x7D, 0x28, 0x7A, 0x89, 
0x37, 0xE6, 0xBB, 0xFE, 0xE8, 0x8C, 0x97, 0x85, 0xA2, 0x2D, 0x40, 0xE6, 0xD0, 0xBF, 0xB5, 0x8B, 
0x8B, 0x6F, 0x50, 0xFF, 0x51, 0xA4, 0x75, 0x50, 0xD9, 0x56, 0x60, 0x2E, 0xFB, 0x57, 0x45, 0xDF, 
0xB2, 0xD0, 0x4B, 0xBA, 0x31, 0x9F, 0xDE, 0xAE, 0x9E, 0x71, 0x5D, 0xB4, 0x65, 0x4E, 0xFB, 0x17, 
0x60, 0x57, 0x36, 0xA7, 0xD4, 0x3F, 0x29, 0xFB, 0xE6, 0xFF, 0x2B, 0x78, 0xA7, 0x7E, 0x24, 0x79, 
0xBA, 0x22, 0xF2, 0x09, 0xC5, 0x40, 0x68, 0xFF, 0xB4, 0xFF, 0xD2, 0x05, 0x00, 0x3E, 0x3D, 0x44, 
0x6D, 0x75, 0x82, 0x2E, 0xBC, 0x53, 0xBF, 0xC8, 0xCE, 0xB5, 0x0A, 0xBA, 0x4F, 0x2B, 0x70, 0xB2, 
0x3A, 0x65, 0xFF, 0xF4, 0x10, 0xB5, 0x95, 0x29, 0x6C, 0x51, 0xEC, 0xC6, 0x0C, 0x52, 0x38, 0x47, 
0x55, 0xEC, 0x32, 0x1B, 0x60, 0x36, 0xDE, 0xA9, 0xFF, 0x6A, 0x17, 0x22, 0x31, 0xF4, 0xAF, 0x43, 
0x40, 0xBB, 0xFA, 0xCB, 0x53, 0x27, 0xAB, 0x53, 0xF6, 0xC7, 0xEF, 0xBC, 0x55, 0x93, 0xD7, 0x57, 
0x6C, 0x40, 0x76, 0x63, 0x39, 0x29, 0xAA, 0x8E, 0xFE, 0x7A, 0xB4, 0xCB, 0x6C, 0x00, 0x03, 0xD7, 
0x1E, 0xD7, 0xB0, 0x3A, 0xE9, 0x02, 0x71, 0xF5, 0x8F, 0x2E, 0x8E, 0xAA, 0x4E, 0x66, 0xA7, 0xEC, 
0xDE, 0x75, 0xDA, 0xDE, 0x8B, 0x2E, 0x8E, 0x93, 0xAA, 0x0E, 0x8E, 0xAA, 0xBB, 0xCC, 0x06, 0x30, 
0x48, 0xE7, 0x10, 0x35, 0xF7, 0xA8, 0xD2, 0x95, 0x98, 0xFA, 0x17, 0x68, 0x17, 0xAB, 0xAE, 0x93, 
0xD5, 0x29, 0xBB, 0x1E, 0xA2, 0x86, 0x23, 0xCB, 0xD6, 0x98, 0xF6, 0xAF, 0x50, 0xC7, 0x5A, 0x9D, 
0xEE, 0x32, 0x1B, 0x80, 0x94, 0x74, 0xF3, 0xBF, 0x17, 0x73, 0xEF, 0x46, 0xE2, 0xE3, 0x88, 0xC8, 
0x0E, 0xC5, 0x40, 0x68, 0xFF, 0xB4, 0xFF, 0xD2, 0x04, 0x00, 0xFC, 0x5A, 0xFF, 0x5E, 0x8C, 0xD3, 
0x75, 0x27, 0x0F, 0x23, 0xF8, 0x5E, 0x18, 0x45, 0x68, 0x47, 0x33, 0x12, 0x0C, 0x54, 0xD1, 0x66, 
0x6F, 0x80, 0x3F, 0xE2, 0x75, 0xF7, 0x47, 0x0F, 0x51, 0x4F, 0xD7, 0x54, 0x1D, 0xE4, 0x60, 0x04, 
0xDF, 0xEF, 0xA3, 0x08, 0x23, 0x3B, 0x2D, 0x03, 0x4C, 0xD0, 0x66, 0x6F, 0x80, 0x97, 0xF8, 0x66, 
0xB4, 0x86, 0xCA, 0xD3, 0x5E, 0xF4, 0xD3, 0x75, 0x75, 0x72, 0x31, 0x82, 0xEF, 0xF9, 0x28, 0xC2, 
0xA8, 0xFA, 0xD7, 0x01, 0xA6, 0x2B, 0x6D, 0xF6, 0x06, 0x78, 0x49, 0x2A, 0x07, 0x58, 0x53, 0x54, 
0x23, 0xDB, 0xBF, 0x42, 0x9D, 0x3C, 0x8C, 0xE0, 0xFB, 0x7D, 0x14, 0x61, 0x74, 0xFB, 0x17, 0x4C, 
0xDA, 0xEC, 0x0D, 0x40, 0x4A, 0xB6, 0xF9, 0xBF, 0x00, 0xC0, 0xA1, 0x24, 0x32, 0xC1, 0x66, 0x5F, 
0x00, 0x42, 0xFB, 0xA7, 0xFD, 0x97, 0x22, 0x00, 0x70, 0xE9, 0x0E, 0x2E, 0x58, 0x51, 0x1F, 0x1E, 
0x45, 0xD7, 0x55, 0x74, 0xF3, 0xE6, 0x40, 0x5F, 0x3A, 0xC0, 0x9A, 0x25, 0xD8, 0x85, 0x44, 0x4B, 
0x7F, 0x71, 0x01, 0xFB, 0x8B, 0xF7, 0xC0, 0x45, 0x1C, 0xC0, 0xE8, 0xFD, 0x53, 0x17, 0x00, 0x89, 
0xAC, 0x7F, 0x4C, 0xD1, 0xCD, 0x9B, 0x03, 0xED, 0x37, 0x2B, 0x8C, 0xAC, 0x7F, 0x40, 0xED, 0xC6, 
0xF7, 0x0F, 0xA8, 0x7F, 0x00, 0xB8, 0xFE, 0xF3, 0x05, 0x88, 0x46, 0x7D, 0x79, 0x74, 0x31, 0xAD, 
0x76, 0x73, 0xE7, 0x40, 0x7B, 0xCD, 0x0A, 0x77, 0x11, 0x35, 0xFD, 0x4D, 0xC5, 0xC6, 0xC5, 0x37, 
0xA8, 0x7F, 0x00, 0x7A, 0xAB, 0x72, 0x41, 0x25, 0x9A, 0xFD, 0xAB, 0xA2, 0x6B, 0xC9, 0xA4, 0x9B, 
0x37, 0x07, 0x5A, 0x0F, 0xB0, 0xE6, 0x6A, 0x75, 0x57, 0x22, 0xDA, 0xBF, 0xA8, 0xDA, 0x72, 0x7E, 
0x4A, 0xFD, 0x93, 0x32, 0x6C, 0xFE, 0x6B, 0xF0, 0xEA, 0x54, 0xC3, 0x7A, 0x75, 0xF4, 0xE0, 0x95, 
0x68, 0x3E, 0xEF, 0xC5, 0x21, 0x22, 0xF7, 0x96, 0x5C, 0x76, 0x67, 0x5E, 0xF8, 0xBF, 0x4D, 0x78, 
0x5D, 0xD1, 0xC3, 0x1A, 0x9E, 0x8E, 0x01, 0xAC, 0x8B, 0x08, 0x33, 0x89, 0x08, 0xED, 0x9F, 0xF6, 
0x5F, 0xDC, 0x00, 0xC0, 0xDF, 0xEF, 0xE0, 0x8A, 0x00, 0x9D, 0x08, 0x1B, 0xBF, 0xDE, 0xD3, 0x15, 
0xD8, 0x79, 0x4F, 0x9F, 0xFF, 0xF4, 0x10, 0xB5, 0x95, 0xA7, 0x70, 0xA2, 0x4C, 0x2D, 0x50, 0xA0, 
0xF3, 0xCF, 0xF7, 0xF0, 0xD9, 0x92, 0x3B, 0xFF, 0x57, 0x00, 0xE9, 0x84, 0x5B, 0x0A, 0x7A, 0xFA, 
0xEB, 0x6F, 0x76, 0xDE, 0xD3, 0xE7, 0xFD, 0xE6, 0x85, 0x4E, 0xB4, 0xA9, 0x05, 0xDA, 0x69, 0x7C, 
0xFF, 0x60, 0xA9, 0xF5, 0x8F, 0xBD, 0x47, 0x57, 0x10, 0xC1, 0xFE, 0x01, 0xF4, 0x70, 0x54, 0xB1, 
0x73, 0x9F, 0x3E, 0xEF, 0x35, 0x2F, 0x74, 0x10, 0x6D, 0x6A, 0x41, 0x07, 0x3B, 0x27, 0x97, 0x5A, 
0xFF, 0x7A, 0x50, 0xBD, 0xA2, 0x91, 0xF4, 0xAF, 0x3D, 0x59, 0x9D, 0xDA, 0x79, 0x4F, 0x9F, 0xD7, 
0x43, 0xD4, 0xF4, 0xA8, 0xE2, 0x44, 0x99, 0x5A, 0x20, 0x40, 0x47, 0x36, 0x27, 0xCB, 0x6D, 0xFF, 
0xA4, 0x0C, 0x9B, 0xD8, 0xB0, 0x35, 0xBC, 0x07, 0xAF, 0x89, 0x15, 0xB3, 0x5E, 0xA2, 0xC9, 0x73, 
0x0D, 0x5E, 0x13, 0xB5, 0xA0, 0x35, 0xA4, 0x23, 0x22, 0x5C, 0x3B, 0x08, 0xED, 0x9F, 0xF6, 0x5F, 
0xCC, 0x00, 0xC0, 0xE5, 0x3B, 0x88, 0x52, 0x33, 0x32, 0x84, 0xC2, 0x5E, 0x74, 0xAA, 0x7F, 0xEC, 
0x7B, 0xF3, 0x4A, 0x03, 0x1C, 0x84, 0xF7, 0x08, 0x70, 0xAE, 0xBE, 0x87, 0xA5, 0xAC, 0xE9, 0x1A, 
0x6D, 0x9D, 0xDA, 0x0B, 0x4F, 0x9D, 0xD7, 0x21, 0x14, 0xF6, 0xA2, 0x53, 0xFD, 0xE7, 0xB8, 0x37, 
0x5F, 0xFF, 0xB2, 0x1E, 0x62, 0xED, 0x4E, 0x63, 0xFF, 0xC1, 0x72, 0xD6, 0xF4, 0xED, 0xFD, 0xB4, 
0x17, 0x9E, 0x3A, 0xAF, 0x43, 0xEF, 0xB4, 0xFC, 0x64, 0xB1, 0x22, 0xC5, 0x5E, 0x69, 0x40, 0xB8, 
0xFE, 0xA1, 0x0E, 0x76, 0xDE, 0x5C, 0x4A, 0xFD, 0x4F, 0x0F, 0x2A, 0x7B, 0x12, 0x41, 0xFF, 0x22, 
0x62, 0x2F, 0x3A, 0xD5, 0x3F, 0xF6, 0x4B, 0xFC, 0x76, 0xF5, 0x8C, 0x6A, 0xB8, 0xFE, 0x15, 0xEA, 
0x54, 0x36, 0xA7, 0xAC, 0xE9, 0x25, 0x45, 0xDE, 0xB0, 0x8E, 0x60, 0x3E, 0xFD, 0x63, 0xBA, 0xFA, 
0xFC, 0x72, 0x0D, 0x4A, 0xAB, 0x1E, 0x8B, 0x48, 0x83, 0x52, 0x22, 0xB4, 0x7F, 0xDA, 0xFF, 0xBC, 
0x58, 0x79, 0x76, 0xFE, 0x55, 0xD1, 0x3B, 0xAA, 0xA2, 0x59, 0x34, 0xE7, 0x1F, 0x00, 0xAE, 0x9E, 
0xC3, 0xBD, 0xA3, 0x2A, 0x9A, 0xAA, 0xE8, 0x85, 0xFC, 0xAA, 0xED, 0xCB, 0x82, 0xCE, 0xFF, 0xAB, 
0xBB, 0xE3, 0x9E, 0xFE, 0x72, 0xD4, 0x2C, 0x9A, 0xF3, 0x0F, 0x00, 0x8D, 0xFD, 0x07, 0xF7, 0xF4, 
0x97, 0xA3, 0x26, 0xC2, 0xF4, 0x2F, 0x62, 0x8F, 0xB6, 0x4E, 0x2D, 0x9D, 0xFE, 0xA3, 0x39, 0xFF, 
0xE8, 0xE1, 0xA8, 0xDA, 0x2C, 0x9C, 0xF3, 0x0F, 0x00, 0x17, 0x4F, 0xDE, 0xC3, 0x51, 0xB5, 0x09, 
0x84, 0xD9, 0xBF, 0xD8, 0x9E, 0x2C, 0xE8, 0xFC, 0xCF, 0x58, 0x00, 0x7A, 0xB2, 0x3A, 0x6D, 0x16, 
0xCD, 0xF9, 0x07, 0x00, 0x39, 0x37, 0xB9, 0x27, 0xAB, 0xD3, 0x26, 0xA0, 0x81, 0xFA, 0x17, 0x88, 
0x3D, 0x3D, 0xA8, 0x2C, 0x9F, 0xFD, 0x93, 0xB2, 0x6C, 0x52, 0xB7, 0x03, 0x36, 0xFF, 0x9C, 0x61, 
0x7F, 0x9C, 0x35, 0xC4, 0x93, 0x5D, 0xD7, 0xF0, 0xE3, 0xBA, 0x2F, 0x7B, 0x42, 0x68, 0xFF, 0xB4, 
0xFF, 0xF9, 0xBE, 0x63, 0x11, 0x37, 0x16, 0x5A, 0xF3, 0xAF, 0x18, 0xBB, 0x82, 0xDD, 0xB2, 0xD4, 
0xC8, 0x5F, 0xBA, 0x83, 0x0B, 0x96, 0xA2, 0x0B, 0x31, 0xD7, 0xC8, 0x2C, 0x53, 0x4F, 0x80, 0x08, 
0x35, 0xFF, 0x63, 0x40, 0x77, 0xCB, 0x52, 0x23, 0xEF, 0xDF, 0x6F, 0x17, 0x81, 0x35, 0x52, 0x4B, 
0xD4, 0x13, 0x20, 0xBC, 0xE6, 0x7F, 0x0C, 0x95, 0xDD, 0xD2, 0xD4, 0xC8, 0x7B, 0xF7, 0x1B, 0xAC, 
0xFF, 0x25, 0xEA, 0x09, 0x10, 0x5A, 0xF3, 0xAF, 0x3A, 0x16, 0x60, 0xB7, 0x2C, 0x35, 0xF2, 0x7A, 
0xAB, 0x72, 0x41, 0x81, 0x2E, 0x44, 0x8C, 0xFA, 0x67, 0x4F, 0x00, 0x52, 0x50, 0x07, 0xC0, 0x34, 
0xF6, 0x8B, 0x75, 0xEA, 0xC9, 0xC8, 0x37, 0xA8, 0xBE, 0x9A, 0x63, 0x01, 0x09, 0xED, 0x9F, 0xF6, 
0x3F, 0x37, 0x99, 0x67, 0x00, 0x44, 0x71, 0xFE, 0x61, 0xA1, 0x55, 0x26, 0x67, 0xF8, 0x8B, 0xF7, 
0x70, 0x03, 0x16, 0x5A, 0x50, 0x8C, 0x03, 0x14, 0xE1, 0x5C, 0xBA, 0x83, 0x0B, 0x74, 0xFE, 0x31, 
0x86, 0x3B, 0x6D, 0x95, 0xC9, 0x19, 0x6E, 0x7C, 0xFF, 0xE0, 0x06, 0xDC, 0x69, 0xCB, 0x5F, 0x14, 
0x4D, 0x2E, 0x80, 0xE3, 0xC9, 0x86, 0xCE, 0x3F, 0xDC, 0x6A, 0xAB, 0x54, 0xCE, 0xF0, 0xC5, 0x37, 
0x6E, 0xC0, 0xAD, 0x06, 0xEB, 0x5F, 0xD4, 0xC1, 0xF5, 0x9F, 0x4B, 0xAF, 0xFF, 0x48, 0xCE, 0xBF, 
0x4E, 0x5B, 0x65, 0x72, 0x86, 0xE5, 0xFC, 0xF4, 0x86, 0xE8, 0xB4, 0x05, 0x55, 0xA3, 0xFE, 0x55, 
0xC4, 0xD1, 0x5B, 0x95, 0xF2, 0xDB, 0x3F, 0x29, 0x1B, 0xA6, 0xA9, 0x1D, 0x0E, 0x37, 0xFF, 0x09, 
0xAC, 0x1D, 0x9E, 0x0C, 0x9D, 0x98, 0xB2, 0x27, 0x84, 0xF6, 0x4F, 0xFB, 0x0F, 0xFF, 0xFC, 0x2C, 
0x6F, 0xE6, 0x1F, 0x77, 0xB1, 0x1D, 0x94, 0x12, 0xAF, 0x8A, 0xC1, 0xD3, 0x15, 0xB4, 0xBE, 0x2C, 
0xE9, 0x9C, 0x64, 0xBF, 0x41, 0x60, 0x3F, 0x68, 0xD4, 0xA1, 0x08, 0xDA, 0x9F, 0x9F, 0xC5, 0xCD, 
0x52, 0x3A, 0xFF, 0x5B, 0x7F, 0xDE, 0x86, 0x58, 0x41, 0x29, 0xB1, 0x03, 0xFD, 0xE5, 0xB7, 0x56, 
0xDE, 0x1B, 0xFD, 0xCD, 0xCB, 0xE3, 0x77, 0xDE, 0xAA, 0xC9, 0xEB, 0xAF, 0xF5, 0x03, 0x0D, 0x57, 
0xDD, 0x76, 0x63, 0xFF, 0xBF, 0xA5, 0xD4, 0x3F, 0xAE, 0xFF, 0xBC, 0x0D, 0x09, 0x4A, 0x89, 0xD6, 
0x01, 0x8E, 0xAA, 0xAD, 0xDC, 0x37, 0xFA, 0x9B, 0x97, 0x6B, 0x8F, 0x6B, 0x58, 0x9D, 0xF4, 0x03, 
0x47, 0x1D, 0xAA, 0xB4, 0x71, 0xF1, 0x8D, 0x52, 0xEA, 0x5F, 0x0F, 0x2A, 0xDB, 0x0A, 0x09, 0xB4, 
0x7F, 0x59, 0x9D, 0xB4, 0xA4, 0xA4, 0xEB, 0xBF, 0xD7, 0x20, 0xB0, 0x1A, 0x68, 0xFF, 0x02, 0x6D, 
0xCB, 0xE6, 0xB4, 0x9C, 0xF6, 0x3F, 0x8F, 0xCC, 0xBC, 0x13, 0x90, 0x67, 0xDD, 0x91, 0xD7, 0xF1, 
0x6A, 0x4F, 0x9D, 0x56, 0xC1, 0x6F, 0xB1, 0x3F, 0xE3, 0xFF, 0x0F, 0x01, 0xF4, 0x8B, 0xD0, 0x34, 
0x2B, 0xA0, 0xFE, 0xB7, 0xB5, 0xEC, 0x1D, 0xBE, 0x13, 0x94, 0xF1, 0x99, 0x19, 0xCF, 0x09, 0x50, 
0x90, 0x3E, 0x00, 0x7E, 0x53, 0xB3, 0x67, 0xF6, 0xDB, 0x2A, 0xB9, 0xFD, 0x0E, 0x9F, 0xD9, 0x2F, 
0x80, 0x41, 0xD9, 0x9D, 0x60, 0xDA, 0x7F, 0xB1, 0xED, 0x3F, 0xB3, 0x00, 0xC0, 0xE5, 0xBB, 0xD8, 
0x80, 0x8B, 0xBE, 0x29, 0x0D, 0xBE, 0xEC, 0xCE, 0x7F, 0xE4, 0x20, 0x80, 0x9F, 0x01, 0x71, 0xF5, 
0x2C, 0xEE, 0x97, 0xCA, 0xF9, 0x3F, 0xFF, 0xF6, 0x06, 0xAC, 0x4A, 0x1F, 0xE6, 0x34, 0xE8, 0x52, 
0x3B, 0xFF, 0x31, 0x82, 0x00, 0x5E, 0x06, 0xC4, 0xAD, 0x1F, 0x4B, 0xA5, 0x7F, 0x7C, 0x3B, 0xDA, 
0x80, 0x35, 0x09, 0xD0, 0x7F, 0xC9, 0x9D, 0xFF, 0xE8, 0x41, 0x00, 0x2F, 0x03, 0xE2, 0x83, 0x46, 
0xA9, 0xF4, 0xAF, 0xFB, 0xD8, 0x50, 0xA9, 0xF4, 0x03, 0xD2, 0xE0, 0x4B, 0xED, 0xFC, 0x47, 0x0E, 
0x02, 0x3C, 0xCB, 0x80, 0xD8, 0x2A, 0xD7, 0xFA, 0x1F, 0x73, 0xC3, 0xB3, 0x0D, 0xAF, 0x03, 0x72, 
0x0B, 0xE1, 0x4D, 0x74, 0xCB, 0xCC, 0x00, 0x39, 0xAF, 0xA3, 0x55, 0x55, 0x9D, 0xB9, 0xB1, 0x14, 
0x11, 0x90, 0xA5, 0x96, 0xB3, 0xDF, 0xC4, 0x6C, 0x17, 0xCB, 0x9D, 0xA9, 0xF0, 0x2C, 0x18, 0xD0, 
0x13, 0x91, 0x9B, 0x7C, 0x2E, 0x49, 0x9E, 0xE4, 0x9C, 0x89, 0x92, 0x3E, 0x3D, 0x44, 0x6D, 0xF5, 
0x29, 0x86, 0xC6, 0x1A, 0x78, 0xC5, 0xD8, 0x55, 0x34, 0xBF, 0xC8, 0xD9, 0x6C, 0xE7, 0xB4, 0xB8, 
0x74, 0x80, 0x35, 0x4B, 0x30, 0x08, 0x92, 0xC7, 0xD1, 0x0A, 0xD6, 0xCB, 0x12, 0x0C, 0xF1, 0x9D, 
0xDE, 0x61, 0x80, 0xF3, 0x3F, 0xC6, 0x04, 0xCD, 0xC6, 0xED, 0x1F, 0x96, 0x42, 0xFF, 0xA3, 0x73, 
0xA7, 0xD7, 0x50, 0xC5, 0x20, 0x48, 0x1E, 0xFA, 0xCB, 0x6F, 0xEB, 0xA5, 0x09, 0x86, 0x78, 0xA3, 
0xF1, 0x82, 0xF5, 0x3F, 0xAD, 0x36, 0xF1, 0x61, 0x63, 0x39, 0xC6, 0xC4, 0x7C, 0x33, 0x5A, 0x43, 
0x65, 0x12, 0xA8, 0x7F, 0x1C, 0x55, 0xD6, 0xCB, 0x12, 0x0C, 0xD1, 0x43, 0xD4, 0xF4, 0xB7, 0xCA, 
0xD0, 0xE8, 0xFC, 0xAB, 0x8E, 0x45, 0xA6, 0x4D, 0x59, 0x92, 0xF5, 0x5F, 0x0F, 0xB0, 0xA6, 0x5A, 
0x19, 0x04, 0xCA, 0xE3, 0xB5, 0xE9, 0x7A, 0xD9, 0x83, 0x21, 0x2F, 0x6D, 0x70, 0xD6, 0xE0, 0x35, 
0x05, 0xDE, 0x45, 0xF8, 0x3C, 0xE9, 0x65, 0x74, 0x22, 0x76, 0xF3, 0xE8, 0x40, 0xD0, 0x01, 0xA0, 
0x9C, 0x67, 0x5C, 0xEB, 0x36, 0xBC, 0xE6, 0x65, 0xEB, 0xD4, 0xDC, 0x4B, 0xEF, 0x75, 0x4F, 0x2E, 
0x4E, 0x59, 0x46, 0xE2, 0xD1, 0xFE, 0x8B, 0x2D, 0xE7, 0x4C, 0x7A, 0x00, 0xAC, 0x4C, 0xD0, 0x0B, 
0x72, 0x76, 0x61, 0xA1, 0xB5, 0x2C, 0xCE, 0x3F, 0x00, 0x7C, 0xB1, 0x89, 0x87, 0x81, 0x3D, 0x01, 
0x04, 0xF5, 0x95, 0x49, 0xE8, 0xF4, 0x80, 0xC2, 0x20, 0x7F, 0x5A, 0xED, 0x05, 0x3A, 0x3B, 0xEE, 
0xB4, 0xB5, 0x2C, 0xCE, 0x3F, 0x00, 0x34, 0x6E, 0xFF, 0xF0, 0x30, 0xA4, 0x27, 0x40, 0xDD, 0x97, 
0x59, 0x39, 0x58, 0x9D, 0x86, 0xE8, 0xBF, 0xDA, 0x5A, 0x1A, 0xE7, 0x1F, 0x00, 0x3E, 0x6C, 0x3C, 
0x0C, 0xE9, 0x09, 0x50, 0xF7, 0x65, 0x56, 0x8E, 0x97, 0xD7, 0x6F, 0xD5, 0x5E, 0xA0, 0xB3, 0xAB, 
0xD3, 0x96, 0x2C, 0xD1, 0xFA, 0x2F, 0x9B, 0x78, 0x18, 0xD8, 0x13, 0x40, 0xA4, 0xAE, 0xBF, 0x55, 
0x7B, 0xCB, 0x20, 0x0B, 0x55, 0x5D, 0xF3, 0x1B, 0x49, 0x0D, 0xE1, 0xCD, 0x92, 0xA6, 0xF3, 0xFF, 
0x2A, 0xEB, 0x00, 0x7A, 0xBE, 0x9C, 0x08, 0xC9, 0xB3, 0x3D, 0x7F, 0x05, 0x6F, 0xF2, 0x0D, 0x9D, 
0xFF, 0x59, 0xEF, 0x75, 0x6F, 0x8D, 0x1B, 0xAA, 0xEA, 0x57, 0x7E, 0xD0, 0x93, 0x90, 0x85, 0x91, 
0x7A, 0x00, 0xE0, 0xEF, 0x77, 0x70, 0x45, 0x82, 0xEA, 0x7C, 0x4A, 0x98, 0xEE, 0x1E, 0x85, 0xAB, 
0x67, 0x71, 0x1F, 0x96, 0x59, 0x2E, 0x02, 0xB4, 0xFE, 0x7E, 0x07, 0x57, 0x8A, 0x7E, 0x9F, 0xA3, 
0xF7, 0x4F, 0x5D, 0x81, 0x88, 0x59, 0xFF, 0x65, 0x4C, 0x77, 0x8F, 0x12, 0x04, 0xB8, 0xF5, 0xE3, 
0x7D, 0x3F, 0x08, 0x60, 0x78, 0x00, 0xA4, 0x35, 0x7A, 0xFF, 0x54, 0xE1, 0xF5, 0x8F, 0xBD, 0x47, 
0x57, 0x10, 0x64, 0xFF, 0x25, 0x4C, 0x77, 0x8F, 0xC4, 0x07, 0x8D, 0xFB, 0x7E, 0x10, 0xC0, 0x44, 
0xCB, 0x97, 0x5D, 0xB1, 0x37, 0x84, 0x07, 0xD5, 0x2B, 0x90, 0x80, 0x75, 0x6E, 0x49, 0xD3, 0xDD, 
0x65, 0x0B, 0xF7, 0x45, 0x83, 0xEC, 0x1F, 0x2D, 0x3D, 0xA8, 0x5E, 0x29, 0xB3, 0x0C, 0x54, 0xF5, 
0x63, 0x78, 0x69, 0xEE, 0xBB, 0xDC, 0x8A, 0x45, 0x62, 0x57, 0x55, 0x39, 0x32, 0x92, 0xE4, 0xD5, 
0x9E, 0xF7, 0x68, 0xCB, 0xD1, 0x6D, 0x19, 0xC0, 0xC0, 0x5F, 0x03, 0x09, 0x59, 0xCC, 0x3E, 0x24, 
0xCD, 0x0F, 0xBF, 0x7C, 0x17, 0x1B, 0x50, 0x0C, 0xCC, 0x3E, 0x4E, 0x79, 0x1B, 0xDE, 0x45, 0x25, 
0xAC, 0x31, 0x22, 0x04, 0xCD, 0xA2, 0x06, 0x48, 0xFC, 0xBA, 0xFF, 0x81, 0xF9, 0x8D, 0x51, 0xE2, 
0x86, 0x77, 0x51, 0x65, 0x14, 0xD6, 0x18, 0xD1, 0x9D, 0x36, 0x0B, 0x1B, 0x20, 0xF1, 0xEA, 0xFE, 
0x03, 0xF4, 0x5F, 0xDE, 0x86, 0x77, 0x91, 0x09, 0x6B, 0x8C, 0xE8, 0x56, 0x9B, 0x45, 0x0D, 0x90, 
0xE8, 0x3E, 0x36, 0xD4, 0xAA, 0x9A, 0xD7, 0x7F, 0x36, 0xBC, 0x0B, 0x6D, 0x8C, 0x28, 0xEE, 0xA4, 
0x59, 0xB6, 0x00, 0x89, 0xAA, 0x6E, 0xC0, 0xEB, 0x6C, 0xCC, 0x2E, 0xE6, 0xF3, 0x61, 0xE7, 0xA5, 
0x2F, 0x00, 0x53, 0x80, 0x29, 0x67, 0xFF, 0xFA, 0x2E, 0x20, 0x68, 0xBA, 0x17, 0x09, 0x62, 0xE0, 
0xDB, 0xF4, 0x7D, 0x3E, 0x97, 0x24, 0x4B, 0x39, 0xA7, 0xAA, 0xA4, 0xBF, 0xDF, 0xC6, 0x7F, 0x02, 
0x9A, 0xDD, 0x75, 0xAF, 0x9E, 0x03, 0x67, 0x98, 0x02, 0xB8, 0x7C, 0x1B, 0x5F, 0x41, 0x66, 0x47, 
0x4E, 0x55, 0x31, 0xF8, 0xE7, 0x39, 0xFC, 0xA5, 0x90, 0xCE, 0xED, 0xFB, 0xA7, 0xFF, 0x63, 0xDC, 
0xE4, 0x29, 0xBA, 0x8D, 0xFD, 0x1F, 0xA8, 0x7F, 0x00, 0xA3, 0xAD, 0xD3, 0x46, 0xFD, 0x03, 0x18, 
0x34, 0xBE, 0xFF, 0xA1, 0x90, 0xFA, 0xC7, 0xDE, 0x4F, 0xFF, 0x09, 0x68, 0x76, 0xD7, 0xC5, 0xCE, 
0x49, 0xEA, 0x1F, 0x00, 0xF6, 0x1E, 0x99, 0x66, 0xE9, 0x02, 0xD0, 0x01, 0x76, 0xDE, 0x2C, 0xA4, 
0xFE, 0xDD, 0x83, 0xAA, 0xD1, 0xFE, 0x55, 0xD1, 0xAD, 0x9C, 0x9F, 0x50, 0xFF, 0x00, 0xA6, 0xB7, 
0xAA, 0x5F, 0x49, 0x80, 0xFD, 0x5B, 0x9B, 0x93, 0xBF, 0x94, 0xE5, 0x5E, 0x7D, 0x47, 0xA1, 0x8B, 
0x78, 0xA9, 0xFE, 0x03, 0x78, 0x8D, 0xB4, 0xC6, 0x78, 0xA9, 0x1B, 0x72, 0xD1, 0x3B, 0x4D, 0xFB, 
0x1D, 0x9E, 0x9F, 0xF1, 0x6C, 0xDA, 0x41, 0x3B, 0xE4, 0x9F, 0xE5, 0x66, 0xC6, 0x76, 0xD2, 0x1B, 
0x53, 0xD3, 0xE7, 0xA5, 0xE5, 0x58, 0x84, 0x7D, 0x5F, 0xD2, 0x24, 0x2D, 0x97, 0x3C, 0x38, 0x5A, 
0x21, 0xB3, 0xCA, 0x5F, 0xA4, 0xE7, 0xDB, 0xEF, 0xA0, 0xA4, 0xF6, 0x0B, 0xDF, 0x7E, 0xEB, 0xFE, 
0x7F, 0xE3, 0x04, 0x38, 0xC7, 0xF0, 0xFA, 0x7C, 0xDC, 0x28, 0xD8, 0xFD, 0x67, 0x6A, 0xFF, 0x01, 
0xF4, 0x5F, 0x90, 0xE3, 0x00, 0x5E, 0xD3, 0xC5, 0xFB, 0x65, 0x59, 0x07, 0x0A, 0x17, 0x00, 0xF0, 
0x53, 0xFF, 0x3B, 0x65, 0x73, 0x6A, 0x17, 0x11, 0x2C, 0x51, 0xA0, 0xF3, 0xCF, 0xF7, 0xF0, 0x59, 
0xB1, 0x9C, 0xFF, 0x53, 0x57, 0x00, 0xE9, 0x94, 0xCE, 0xA9, 0x5D, 0x44, 0xB0, 0x04, 0xDA, 0x69, 
0x7C, 0xFF, 0xA0, 0x50, 0xFA, 0xF7, 0xD3, 0xD7, 0x3B, 0x65, 0x73, 0x6A, 0x17, 0x14, 0x2C, 0xE9, 
0x60, 0xE7, 0x64, 0xA1, 0xF4, 0xAF, 0x07, 0xD5, 0x2B, 0x6A, 0xD4, 0x7F, 0xB9, 0x9C, 0xDA, 0xB4, 
0x83, 0x25, 0x02, 0x74, 0x64, 0x73, 0xF2, 0x59, 0xD1, 0xEF, 0x51, 0x55, 0x03, 0xD6, 0x84, 0x99, 
0x4E, 0x7F, 0x17, 0x05, 0x19, 0x87, 0x97, 0xB0, 0x9C, 0xD6, 0xFC, 0x7B, 0x0F, 0x0A, 0x04, 0x74, 
0x44, 0xE4, 0xB3, 0x1C, 0x5C, 0x2B, 0x03, 0x00, 0x0C, 0x00, 0x84, 0xD9, 0x75, 0xCF, 0x77, 0x6E, 
0x97, 0xD1, 0x8E, 0x5B, 0x88, 0x37, 0x09, 0x21, 0x17, 0x76, 0x5D, 0xC0, 0x00, 0x80, 0x29, 0x28, 
0xD0, 0x89, 0x12, 0x64, 0x5A, 0xD6, 0x00, 0x40, 0x2A, 0x3D, 0x00, 0x3E, 0x3D, 0x44, 0x4D, 0xD4, 
0x70, 0xA2, 0xA1, 0x18, 0xAB, 0x86, 0x46, 0xB8, 0x97, 0x0E, 0x55, 0xB4, 0x4D, 0x4D, 0x01, 0x45, 
0xB1, 0xFB, 0xE9, 0x21, 0x6A, 0x45, 0xB9, 0x97, 0xC7, 0xEF, 0xBC, 0x55, 0x03, 0xC4, 0x74, 0xA2, 
0x35, 0xC6, 0x84, 0xFA, 0x7F, 0x05, 0x4F, 0x26, 0x86, 0xA6, 0x70, 0xB2, 0xEB, 0xC9, 0xB4, 0x20, 
0x5C, 0x7B, 0x5C, 0x83, 0xB9, 0x16, 0x70, 0x8C, 0xE9, 0x0A, 0xF5, 0xFF, 0x32, 0x9E, 0x4C, 0x4C, 
0x4D, 0x01, 0x77, 0x7D, 0x99, 0x16, 0x63, 0x2D, 0x3B, 0x44, 0x4D, 0x55, 0x0D, 0xEB, 0xBF, 0x8E, 
0x05, 0x13, 0xEA, 0xFF, 0x15, 0x27, 0x7F, 0xD2, 0x36, 0x35, 0x05, 0x54, 0xD5, 0x5D, 0x2D, 0xD0, 
0xFA, 0x6F, 0xB8, 0x87, 0xBD, 0x88, 0xCE, 0xBF, 0x03, 0xA0, 0x29, 0x22, 0x7F, 0x11, 0x91, 0x1B, 
0xCB, 0xE6, 0x34, 0xF8, 0x9B, 0xBA, 0x87, 0x22, 0xF2, 0x37, 0x78, 0x53, 0x11, 0x60, 0x5C, 0x13, 
0x08, 0xC9, 0x07, 0x41, 0xCF, 0xA2, 0x2D, 0x22, 0x7F, 0x5B, 0x62, 0x3B, 0xBE, 0x21, 0x22, 0x7F, 
0xF1, 0x03, 0x00, 0x4E, 0x94, 0x00, 0x00, 0xFB, 0x7C, 0x24, 0x46, 0x0B, 0x40, 0xDF, 0x0F, 0x50, 
0x91, 0xAC, 0x02, 0x00, 0xAB, 0x13, 0x74, 0x4D, 0x5D, 0xFF, 0x5D, 0xC1, 0xEE, 0x32, 0x75, 0xFC, 
0x8F, 0xCA, 0x17, 0x9B, 0x78, 0xE8, 0x9A, 0xD2, 0x40, 0x05, 0xF5, 0xD5, 0x09, 0xBA, 0x85, 0x59, 
0xF8, 0xFE, 0xB4, 0x1A, 0x90, 0xE2, 0xA9, 0xBB, 0xCB, 0xD4, 0xF1, 0x3F, 0x2A, 0x9E, 0x4C, 0xD4, 
0xF4, 0x22, 0xAD, 0xFB, 0x32, 0x2D, 0x06, 0xAB, 0x13, 0xB3, 0xFE, 0x55, 0x76, 0x97, 0xAA, 0xE3, 
0x7F, 0x54, 0x3E, 0x6C, 0x3C, 0x84, 0x1A, 0x83, 0x66, 0x75, 0x5F, 0xA6, 0x85, 0xC0, 0x3D, 0xAA, 
0x74, 0x4D, 0x5D, 0xFF, 0x05, 0xD8, 0x15, 0xAE, 0xFF, 0xAF, 0xCA, 0x65, 0x13, 0x0F, 0xC5, 0xB4, 
0x91, 0x16, 0xA9, 0xBB, 0x47, 0x95, 0x6E, 0x51, 0xEF, 0xCD, 0xDF, 0x80, 0xD9, 0x21, 0xBF, 0xD6, 
0x03, 0x50, 0x17, 0x91, 0x9D, 0x22, 0xD6, 0xC2, 0xA6, 0xE4, 0x40, 0xDC, 0x00, 0x8C, 0xEF, 0xFD, 
0xBA, 0x3F, 0x6E, 0x8D, 0x90, 0x45, 0xDA, 0xF6, 0xB6, 0x79, 0xAF, 0x87, 0x6E, 0xD1, 0x52, 0xDA, 
0x53, 0xB4, 0xE5, 0xFB, 0x22, 0xB2, 0xE3, 0xCB, 0x2A, 0x6C, 0xC2, 0x8B, 0x4D, 0xA7, 0x35, 0x51, 
0x3A, 0x94, 0xA7, 0xE1, 0xB9, 0x4C, 0xFA, 0x03, 0x2F, 0x1D, 0x60, 0xCD, 0xB2, 0x30, 0x9C, 0xB9, 
0x58, 0x00, 0xFD, 0x7F, 0xBE, 0x87, 0xBF, 0x52, 0xEC, 0x66, 0xFE, 0x7E, 0x07, 0xFF, 0x36, 0x4D, 
0x4D, 0x70, 0x5D, 0xAC, 0xE7, 0x3D, 0x78, 0xE2, 0xCF, 0xB8, 0x1F, 0x1A, 0xDE, 0x16, 0xFD, 0xC6, 
0xFE, 0x03, 0xEA, 0x3F, 0x48, 0x7E, 0x5B, 0xA7, 0xFE, 0x6D, 0x9C, 0x9A, 0x30, 0xC1, 0x7A, 0xEE, 
0x83, 0x27, 0xDE, 0x8C, 0xFB, 0xA1, 0xE1, 0xA7, 0x7D, 0xEC, 0x9C, 0xA4, 0xFE, 0x83, 0xD8, 0x7B, 
0xF4, 0x6F, 0x98, 0xA6, 0x26, 0x4C, 0xAB, 0xEB, 0x79, 0x0F, 0x9E, 0xE8, 0x01, 0xD6, 0x14, 0x55, 
0x83, 0xFD, 0xA3, 0x6F, 0x9D, 0x9F, 0x50, 0xFF, 0x01, 0xB8, 0xB7, 0xAA, 0xFF, 0x36, 0x4D, 0x4D, 
0x10, 0x4C, 0xD6, 0x8B, 0x16, 0x3C, 0x89, 0xD0, 0x1C, 0x6C, 0x88, 0x9C, 0xCE, 0xB8, 0xCF, 0x89, 
0xFC, 0x82, 0xEA, 0xAB, 0xBB, 0x22, 0xF2, 0xC9, 0x82, 0xAF, 0x8F, 0x25, 0x00, 0xF1, 0x1C, 0xC1, 
0x52, 0x95, 0x00, 0xF8, 0x63, 0xFF, 0x66, 0x05, 0x2E, 0x73, 0xD3, 0xA7, 0x22, 0xA7, 0x76, 0xBD, 
0x0D, 0x2F, 0xB8, 0xB7, 0x1E, 0x14, 0x08, 0xC8, 0x7B, 0x00, 0x25, 0xE7, 0x25, 0x00, 0x91, 0xE5, 
0xC9, 0x12, 0x80, 0x84, 0xB0, 0x2C, 0x73, 0x9A, 0x5F, 0x40, 0xA3, 0x23, 0x12, 0x41, 0x46, 0x41, 
0xB2, 0xCD, 0x0D, 0x15, 0x35, 0x5F, 0xA3, 0xBA, 0xD4, 0x7F, 0xA8, 0xA5, 0x07, 0xC8, 0x28, 0x48, 
0xB6, 0xB9, 0xD1, 0xFF, 0x53, 0xF3, 0x35, 0xBA, 0x55, 0xEA, 0x3F, 0xD4, 0x03, 0x0C, 0x90, 0x51, 
0x90, 0x6C, 0xF3, 0x72, 0xF9, 0xA8, 0x98, 0xD7, 0x7F, 0x9D, 0x50, 0xFF, 0x61, 0xEB, 0x7F, 0x80, 
0x8C, 0x82, 0x64, 0x5B, 0x50, 0xE7, 0x7F, 0x00, 0x2F, 0xDD, 0x9F, 0xCE, 0xBF, 0x79, 0xA3, 0xF8, 
0x24, 0x40, 0x86, 0x9C, 0xA2, 0x40, 0x16, 0x8D, 0xE9, 0x19, 0x74, 0xE8, 0xFC, 0x07, 0xDA, 0xF5, 
0x4D, 0x5F, 0x76, 0x83, 0x80, 0x5F, 0x73, 0xFC, 0x35, 0x94, 0x24, 0x43, 0xD7, 0xEF, 0xCB, 0x40, 
0x9E, 0x3D, 0x87, 0x49, 0x7E, 0x58, 0xD0, 0xE9, 0x3F, 0x00, 0xE7, 0xEA, 0x7B, 0xD8, 0x59, 0xE4, 
0xCD, 0x86, 0x5C, 0x9F, 0xB7, 0xC9, 0xCA, 0xC1, 0x29, 0xFB, 0xE5, 0x3B, 0xD8, 0x83, 0x21, 0x65, 
0x32, 0xCF, 0x59, 0x00, 0x21, 0xA7, 0xFF, 0x4E, 0x63, 0xFF, 0x41, 0xE2, 0xFA, 0x1F, 0xBD, 0x7F, 
0x3A, 0xD9, 0xC8, 0x9D, 0x6A, 0xDF, 0x37, 0x8D, 0x31, 0x44, 0x07, 0x70, 0xDD, 0x5E, 0xD6, 0x63, 
0xF8, 0x46, 0x5B, 0xA7, 0xF6, 0x20, 0x32, 0x53, 0xFF, 0xB9, 0xCE, 0x02, 0x08, 0x3C, 0xFD, 0x57, 
0x07, 0x3B, 0x6F, 0xA6, 0x63, 0xFF, 0xD7, 0x1E, 0xD7, 0xB0, 0x3A, 0xE9, 0xFB, 0x4D, 0xF4, 0xC6, 
0x70, 0xAB, 0xAD, 0xC4, 0x47, 0xE7, 0x79, 0x23, 0x0D, 0xFB, 0x00, 0xEA, 0x80, 0x0E, 0x70, 0x54, 
0x6D, 0xE1, 0xA3, 0x13, 0xE9, 0x6C, 0x70, 0xF6, 0x7E, 0xDA, 0x03, 0x0C, 0xFA, 0xCF, 0x71, 0x16, 
0x40, 0xD0, 0xE9, 0xBF, 0x42, 0x9D, 0xCA, 0xE6, 0x34, 0x15, 0xFD, 0xEB, 0x21, 0x6A, 0x7A, 0x54, 
0xED, 0x03, 0x68, 0x42, 0x75, 0x2C, 0x3A, 0x6D, 0x25, 0x3D, 0x3A, 0x4F, 0xF7, 0xB1, 0xA1, 0x52, 
0xE9, 0xFB, 0xA5, 0x0D, 0x03, 0x59, 0x9D, 0xB4, 0xE4, 0x5D, 0xA4, 0xA2, 0xFF, 0xE9, 0x41, 0x65, 
0x4F, 0x0C, 0xFA, 0x2F, 0x4A, 0x16, 0x80, 0x3F, 0xEA, 0xCF, 0xB7, 0x17, 0xA3, 0x83, 0xB0, 0x03, 
0x12, 0x45, 0x96, 0x67, 0xF0, 0xD2, 0xF4, 0x03, 0x9F, 0xB1, 0x88, 0x34, 0x16, 0x7C, 0x6D, 0xCC, 
0x00, 0x88, 0xE7, 0xF8, 0x95, 0x2D, 0x03, 0x60, 0x64, 0xB0, 0xF1, 0x56, 0xD1, 0x3B, 0xFC, 0x67, 
0x28, 0x43, 0xE3, 0x7E, 0x1F, 0x5E, 0x26, 0x45, 0x2B, 0xAF, 0x65, 0x51, 0x05, 0xCB, 0x00, 0x00, 
0xBC, 0xE9, 0x00, 0x7F, 0x2B, 0xDA, 0x3A, 0x50, 0x88, 0x0C, 0x00, 0xB1, 0xCC, 0x75, 0x7E, 0xAE, 
0xBB, 0xF8, 0xD3, 0x6B, 0x2B, 0x42, 0x06, 0x82, 0x95, 0x83, 0x2C, 0x85, 0x20, 0x59, 0x05, 0xC9, 
0x78, 0xE1, 0x54, 0xD5, 0x7C, 0x6D, 0x53, 0xE9, 0xA0, 0x08, 0x88, 0xB4, 0xBC, 0x3F, 0x68, 0x03, 
0xD2, 0x81, 0x55, 0x19, 0x8C, 0xB6, 0x4E, 0xFD, 0x7B, 0xB4, 0x75, 0xEA, 0x4C, 0x66, 0xD7, 0x10, 
0x24, 0xAB, 0x20, 0x19, 0x2F, 0x9A, 0xCA, 0x24, 0x40, 0xFF, 0x2B, 0xE9, 0xE8, 0xFF, 0xDB, 0xD1, 
0x06, 0x56, 0x27, 0x83, 0x17, 0x3A, 0xE8, 0xD7, 0x61, 0x3D, 0x75, 0x12, 0x6D, 0x9A, 0x77, 0xED, 
0x71, 0x0D, 0xD6, 0x53, 0xE7, 0xF7, 0x8D, 0x8E, 0x34, 0xB1, 0x3A, 0x19, 0xE0, 0xDB, 0xD1, 0x46, 
0x3A, 0xFA, 0x0F, 0x90, 0x55, 0x90, 0x8C, 0x17, 0xBF, 0x00, 0xD8, 0xE6, 0x17, 0xCD, 0x34, 0x15, 
0xFD, 0xEB, 0x3E, 0x36, 0xF4, 0xA8, 0x32, 0xC0, 0xB3, 0x93, 0x28, 0x91, 0xBA, 0x5A, 0x55, 0x27, 
0xC9, 0xA6, 0x79, 0x7A, 0x88, 0x9A, 0x5A, 0x55, 0xE7, 0x85, 0xBE, 0x06, 0x4D, 0x3D, 0xAA, 0x0C, 
0x74, 0x1F, 0xA9, 0xE8, 0x3F, 0x58, 0x56, 0xD5, 0x1C, 0xEB, 0xFF, 0xF9, 0x66, 0xA5, 0x16, 0xE2, 
0xFC, 0xF7, 0xE8, 0xFC, 0xC7, 0xDA, 0x2C, 0x9A, 0x1C, 0xA9, 0x3A, 0xA5, 0x43, 0x16, 0x4C, 0x3D, 
0xE6, 0x33, 0x4B, 0x5E, 0x95, 0xD5, 0x0E, 0xCC, 0x7D, 0x01, 0xEA, 0xF0, 0x1A, 0xD9, 0xD5, 0x28, 
0xA9, 0x44, 0x68, 0xFB, 0xC1, 0x69, 0x92, 0x78, 0x00, 0x40, 0x8D, 0xCE, 0xB3, 0x93, 0x93, 0x53, 
0x6B, 0x3B, 0xA1, 0xDF, 0x49, 0x15, 0x5F, 0x56, 0x4E, 0x4C, 0x19, 0xE7, 0x61, 0x29, 0x33, 0x75, 
0xFE, 0x76, 0x0A, 0xDD, 0xF8, 0xCF, 0x0B, 0x0A, 0xF4, 0xBD, 0xD1, 0x86, 0xE9, 0xD3, 0xB8, 0xFD, 
0xC3, 0x43, 0xA8, 0x3A, 0xB1, 0x64, 0x9C, 0x0F, 0x4C, 0xB3, 0xEC, 0x9D, 0x54, 0x4E, 0xAD, 0x9F, 
0x9F, 0xCA, 0xCB, 0xFA, 0x4B, 0x32, 0x6A, 0x62, 0x75, 0xD2, 0x4F, 0x24, 0x08, 0xF0, 0xC7, 0xEC, 
0x82, 0x17, 0xBF, 0x63, 0x1D, 0xD6, 0xA4, 0x9F, 0x4A, 0x10, 0xE0, 0xC3, 0xC6, 0x43, 0xC0, 0xA4, 
0xFF, 0xFC, 0xDA, 0xBF, 0xA9, 0xF3, 0xBF, 0x42, 0x9D, 0x34, 0x4E, 0xAD, 0x9F, 0x9F, 0xCA, 0xBF, 
0xA2, 0x7F, 0x34, 0xF5, 0xA8, 0xDA, 0x4F, 0x22, 0x08, 0xF0, 0x87, 0xEC, 0x82, 0x97, 0xF4, 0xAF, 
0x52, 0xE9, 0xA7, 0x11, 0x04, 0x90, 0x4D, 0x3C, 0x54, 0x83, 0xFE, 0x8D, 0xD3, 0x15, 0xF2, 0x85, 
0x13, 0xE0, 0x9C, 0x0E, 0xF2, 0xF0, 0x8E, 0x25, 0xC4, 0x77, 0xBE, 0x22, 0x91, 0xD5, 0xE7, 0x90, 
0xA5, 0xC5, 0x86, 0xB9, 0x1C, 0xA0, 0x8E, 0x68, 0x13, 0x04, 0x96, 0xD6, 0x5E, 0xE1, 0xF5, 0x4D, 
0xB2, 0x81, 0xE0, 0x0C, 0x6F, 0x93, 0x8F, 0xB7, 0xAC, 0xEB, 0x40, 0x62, 0x01, 0x80, 0x7F, 0xDC, 
0xC5, 0xB6, 0xA9, 0xF3, 0x3F, 0x64, 0xF1, 0x1D, 0xEC, 0x2F, 0xDD, 0xC1, 0x05, 0xE3, 0xF5, 0xFD, 
0xF1, 0x5A, 0xEB, 0x97, 0xEE, 0x60, 0xF1, 0x75, 0x37, 0x26, 0x99, 0x09, 0xEA, 0xFF, 0xB8, 0x8B, 
0xDC, 0x75, 0xFF, 0x1D, 0x6D, 0xFD, 0xD9, 0xDC, 0x0D, 0x56, 0xDD, 0x6E, 0x49, 0x96, 0x9F, 0x4E, 
0x56, 0x41, 0x80, 0x00, 0x99, 0xD5, 0x7D, 0x59, 0xE7, 0x8B, 0xEB, 0x3F, 0x9B, 0xF5, 0xEF, 0xAE, 
0x74, 0x53, 0xF8, 0xBE, 0x0B, 0xB0, 0x26, 0x03, 0xB3, 0xA3, 0x21, 0xCD, 0x44, 0x3A, 0xE7, 0xAF, 
0x4E, 0xBA, 0xAF, 0x3A, 0xFF, 0x2F, 0xBC, 0x98, 0xAD, 0xC9, 0x00, 0xD7, 0x7F, 0x4E, 0x7E, 0xBD, 
0x30, 0xCB, 0xAC, 0xEE, 0xCB, 0x3A, 0x5F, 0xCE, 0xFF, 0x41, 0x65, 0xDB, 0xD4, 0xF9, 0xDF, 0x72, 
0xA7, 0x89, 0xEB, 0x5F, 0x6F, 0x55, 0x2E, 0xA8, 0x55, 0x1D, 0x98, 0xBE, 0x13, 0x40, 0x33, 0x89, 
0xCE, 0xF9, 0xFE, 0x67, 0x34, 0x0D, 0x6F, 0xFB, 0xBA, 0x5A, 0xD5, 0x81, 0xDE, 0xAA, 0x24, 0xAE, 
0x7F, 0xA3, 0xCC, 0x44, 0xEA, 0x7A, 0x50, 0xC9, 0x6D, 0xF7, 0x77, 0xBF, 0x66, 0xD5, 0x34, 0xE6, 
0x71, 0x08, 0x2F, 0x9D, 0x95, 0xB5, 0xC1, 0x84, 0x10, 0xF2, 0xBB, 0xE3, 0xF8, 0xC4, 0x77, 0x62, 
0x4D, 0x0E, 0x6C, 0x9B, 0xFD, 0x00, 0x02, 0xE5, 0x77, 0xCF, 0x6F, 0xF0, 0xD7, 0x82, 0x79, 0x9C, 
0xF2, 0xF3, 0xBD, 0x01, 0x25, 0x96, 0x70, 0x00, 0x40, 0x75, 0xF6, 0x4B, 0x5F, 0x15, 0x83, 0xAB, 
0x67, 0xB1, 0xF0, 0xFA, 0x15, 0x89, 0x71, 0xEA, 0x20, 0x39, 0x38, 0xA1, 0xB8, 0x7A, 0x16, 0xF7, 
0x55, 0x67, 0x47, 0x04, 0x4D, 0xB2, 0x5E, 0xB0, 0x84, 0x4D, 0xD7, 0x34, 0xC8, 0xBA, 0x86, 0x3E, 
0x83, 0x20, 0x40, 0xEA, 0x0B, 0xB1, 0x2F, 0xB3, 0x41, 0x4C, 0x59, 0x2F, 0x50, 0x2C, 0xAE, 0xE1, 
0x9A, 0x74, 0x90, 0x78, 0x3D, 0x3E, 0x00, 0x88, 0xF1, 0x84, 0xFC, 0xC5, 0x5F, 0xB2, 0xB1, 0xF7, 
0xE8, 0xAB, 0xB9, 0xBF, 0x63, 0xEF, 0xD1, 0x57, 0xC6, 0x5A, 0xFC, 0xD8, 0xD7, 0x12, 0x93, 0x0F, 
0x1A, 0xF7, 0x01, 0x1D, 0xC4, 0x93, 0xF5, 0xE2, 0x70, 0xCD, 0x4E, 0xDF, 0x20, 0xE9, 0x7A, 0x7C, 
0x00, 0x50, 0x91, 0x50, 0x99, 0x0B, 0xC4, 0x9E, 0xDE, 0xAA, 0xCE, 0xAD, 0xFF, 0xE9, 0xAD, 0xEA, 
0x57, 0x12, 0x41, 0xFF, 0x51, 0xAE, 0x25, 0xF6, 0xE3, 0xED, 0xC9, 0x6C, 0x10, 0x53, 0xD6, 0x8B, 
0x76, 0xFE, 0x6B, 0x30, 0x8F, 0xAD, 0x1B, 0x03, 0x68, 0xD3, 0xF9, 0x27, 0x84, 0x10, 0x63, 0x10, 
0xA0, 0x1D, 0xE0, 0xC0, 0x76, 0x59, 0x0A, 0x10, 0x2A, 0xC3, 0x87, 0x08, 0xCF, 0x92, 0x6C, 0x51, 
0x52, 0x09, 0x07, 0x00, 0x60, 0x0A, 0x00, 0xE4, 0xE1, 0xF4, 0xFF, 0x00, 0x6B, 0x12, 0x43, 0xE9, 
0x02, 0xB4, 0x2E, 0x1D, 0x60, 0xE1, 0xDD, 0x22, 0x8D, 0xB2, 0xCB, 0x63, 0x00, 0x40, 0x4C, 0x4E, 
0xA9, 0x76, 0xCB, 0x67, 0x36, 0xD2, 0x1D, 0x9D, 0x3B, 0x9D, 0xC1, 0xF3, 0xA1, 0xDD, 0x78, 0xB2, 
0x5E, 0xA8, 0x4C, 0x66, 0x5F, 0x93, 0x5A, 0x8B, 0xD6, 0xFF, 0xEE, 0x5C, 0x27, 0xF4, 0xDE, 0xBF, 
0x59, 0x6C, 0xBA, 0xB5, 0x51, 0x76, 0xF9, 0xD3, 0xBF, 0x18, 0xD6, 0x24, 0xD1, 0xC5, 0xDA, 0xBF, 
0x08, 0x76, 0xE7, 0x39, 0xA1, 0xD7, 0x5B, 0x95, 0x0B, 0x8B, 0x9E, 0x5A, 0x63, 0x92, 0x9D, 0x68, 
0x3E, 0x03, 0x00, 0xBE, 0xBD, 0x98, 0x32, 0x32, 0x3A, 0x79, 0x6D, 0x64, 0x45, 0x08, 0x21, 0x39, 
0x71, 0x60, 0xEF, 0x03, 0xC6, 0x1E, 0x60, 0x75, 0x80, 0x93, 0xD4, 0x22, 0xC8, 0xF0, 0x06, 0xA5, 
0x90, 0x61, 0x00, 0xE0, 0xF2, 0x6D, 0x9C, 0x31, 0xA5, 0xD7, 0x4F, 0xAA, 0xC6, 0xE6, 0x16, 0xD9, 
0xDD, 0xE4, 0x1C, 0x1B, 0xB9, 0x3C, 0x34, 0x03, 0x34, 0xCA, 0x4E, 0x50, 0xBF, 0x7C, 0x1B, 0x67, 
0xF2, 0xF2, 0x10, 0xF9, 0x0D, 0xF2, 0x66, 0xEA, 0x5F, 0x7F, 0x39, 0xEA, 0x95, 0xD0, 0x6E, 0xEA, 
0xA8, 0xA4, 0x1F, 0xD8, 0x0A, 0x90, 0x5D, 0x3D, 0xD3, 0xA6, 0x84, 0xA1, 0xCE, 0xF2, 0x23, 0xA3, 
0xFE, 0xF1, 0xD4, 0x4A, 0x49, 0xFF, 0x31, 0x4E, 0xDD, 0x45, 0x9D, 0x58, 0x69, 0xF3, 0xD7, 0x7F, 
0xDE, 0x8E, 0x77, 0xAA, 0x9F, 0x42, 0x06, 0x40, 0xB0, 0xEC, 0xEA, 0xBE, 0xCC, 0x73, 0x81, 0xDE, 
0xAE, 0x9E, 0x31, 0xA6, 0xE2, 0xBF, 0x36, 0x4D, 0x45, 0xFF, 0x1A, 0x43, 0xE6, 0x2A, 0xE2, 0xC4, 
0x49, 0x9B, 0xD7, 0x83, 0xCA, 0x76, 0x9C, 0x53, 0x7D, 0x4D, 0x4B, 0xFF, 0x26, 0xD9, 0x89, 0xD4, 
0xF5, 0x76, 0x35, 0x3F, 0xF6, 0x8F, 0xE7, 0xA7, 0xFF, 0xA6, 0x77, 0x66, 0x5F, 0x44, 0xBE, 0xE6, 
0x76, 0x8B, 0x10, 0x42, 0x42, 0x1D, 0xD8, 0xAF, 0x31, 0x7B, 0xEA, 0x07, 0x00, 0xEC, 0x32, 0x0B, 
0x80, 0xE4, 0x2A, 0x00, 0xA0, 0x32, 0xFB, 0x74, 0x5D, 0x81, 0xFE, 0x97, 0x29, 0x8D, 0x4A, 0x8A, 
0x89, 0x9D, 0xD1, 0xBF, 0x49, 0x94, 0x2F, 0xDF, 0xC5, 0x13, 0x35, 0x2C, 0x04, 0x26, 0x99, 0x2F, 
0x66, 0xC5, 0x32, 0x5C, 0x8B, 0x6A, 0xFF, 0xC4, 0xBF, 0xFE, 0x57, 0xCE, 0x94, 0x4F, 0x41, 0x7B, 
0x74, 0xFE, 0xED, 0x54, 0xBB, 0x89, 0x9E, 0xF8, 0xD7, 0xFF, 0x9E, 0xFC, 0x3E, 0x96, 0x30, 0xA2, 
0xCC, 0xF3, 0xA4, 0x7F, 0xA0, 0x9F, 0xDA, 0xA8, 0xBC, 0xA3, 0xEA, 0xAE, 0x31, 0x45, 0xDE, 0x14, 
0x04, 0x88, 0xD2, 0xB0, 0xEF, 0xDB, 0xD1, 0x46, 0x4C, 0xE7, 0x7F, 0xE0, 0x5D, 0x4B, 0x0A, 0x78, 
0xB2, 0xCB, 0xBF, 0xFE, 0xD5, 0x64, 0xFF, 0xE8, 0xA7, 0x35, 0x2A, 0xCF, 0x1F, 0x29, 0x18, 0x59, 
0xFF, 0xAA, 0x70, 0xA2, 0x34, 0xEC, 0xD3, 0x7D, 0x6C, 0xA8, 0xC6, 0x6A, 0xB8, 0x34, 0x48, 0x6B, 
0xBC, 0xA1, 0xBC, 0x8B, 0x27, 0x50, 0x83, 0xFE, 0x35, 0x77, 0x69, 0x8C, 0x1D, 0x98, 0x4F, 0xFF, 
0x6D, 0x10, 0x42, 0x08, 0x39, 0xAE, 0xFF, 0x51, 0x07, 0x16, 0x3F, 0x51, 0x2D, 0xCF, 0xF8, 0x63, 
0x53, 0x49, 0x56, 0x01, 0x00, 0x98, 0xD2, 0xEB, 0x65, 0xF1, 0xA7, 0xFF, 0x91, 0x9B, 0xFF, 0xBD, 
0x7A, 0xED, 0x79, 0x69, 0x06, 0xD8, 0x8B, 0x25, 0xF3, 0x3C, 0x39, 0x00, 0xA2, 0x0B, 0xD7, 0x7F, 
0xE3, 0xFB, 0x1F, 0x24, 0xCE, 0x1F, 0xA8, 0xB6, 0xA0, 0x6E, 0x1B, 0x1A, 0xE1, 0xD9, 0x95, 0x4A, 
0xFA, 0x1B, 0x5B, 0x93, 0x0C, 0xF3, 0xE5, 0x00, 0x18, 0xAE, 0x25, 0x45, 0xFD, 0x7F, 0x74, 0xE2, 
0x09, 0x8E, 0xAA, 0x2D, 0x40, 0x87, 0x11, 0xFF, 0x45, 0x1D, 0x56, 0xC8, 0x64, 0x80, 0x6B, 0x8F, 
0x6B, 0xDE, 0x54, 0x81, 0xA8, 0xEB, 0x85, 0x0E, 0x71, 0x54, 0x6D, 0xA5, 0x16, 0xE4, 0x08, 0x96, 
0x61, 0x6E, 0xF4, 0xAF, 0x86, 0x67, 0x51, 0xC4, 0x4D, 0xD5, 0xFE, 0x65, 0x75, 0xD2, 0x8A, 0x1C, 
0x04, 0x10, 0xA9, 0xAB, 0x54, 0x02, 0x27, 0x03, 0xE8, 0x21, 0x6A, 0x2A, 0x95, 0x7E, 0x40, 0x63, 
0xC1, 0x57, 0x9C, 0x7F, 0xFF, 0x1A, 0xD2, 0xBB, 0x47, 0x83, 0x0C, 0x35, 0x7F, 0x01, 0x00, 0xD3, 
0x5A, 0xE8, 0xF8, 0x75, 0x99, 0xC7, 0xDD, 0xD4, 0xCD, 0x24, 0xC1, 0x4D, 0xE3, 0xBC, 0xFC, 0xDB, 
0xFF, 0xF3, 0x95, 0xAA, 0xAE, 0x81, 0x10, 0xB2, 0x08, 0x7B, 0x7C, 0x66, 0x87, 0x7B, 0xF3, 0x34, 
0xCB, 0xCB, 0x9B, 0xFD, 0xFB, 0x6B, 0xA6, 0x13, 0x73, 0xAD, 0x25, 0x1E, 0x61, 0x01, 0x92, 0x3E, 
0x45, 0x94, 0x60, 0x00, 0xC0, 0x54, 0x5F, 0x2F, 0x39, 0x10, 0xF4, 0x71, 0x1A, 0xFA, 0xE5, 0xA1, 
0x19, 0xA0, 0x49, 0x86, 0x92, 0xA7, 0x00, 0x80, 0xC8, 0xEC, 0x6B, 0x71, 0xB5, 0x70, 0x86, 0xD6, 
0xD8, 0x7F, 0x70, 0xAF, 0xB1, 0xFF, 0xDF, 0x9B, 0xFA, 0xEB, 0x6F, 0x76, 0xB8, 0x73, 0xA1, 0xE9, 
0x77, 0x13, 0x35, 0xC9, 0xD0, 0x24, 0xF3, 0x3C, 0x05, 0x00, 0xDC, 0x95, 0x74, 0xF5, 0xFF, 0xD1, 
0x89, 0x27, 0x70, 0x57, 0x82, 0x9A, 0xE6, 0xBC, 0x1A, 0x04, 0x30, 0x8D, 0x07, 0x7C, 0x3E, 0xEE, 
0x2F, 0x72, 0xB0, 0x70, 0x0C, 0x77, 0xA5, 0x9D, 0xAE, 0xF3, 0x1F, 0x28, 0xC3, 0x1C, 0xD9, 0xBF, 
0x49, 0xFF, 0x6E, 0xAA, 0xFA, 0x97, 0x77, 0xF1, 0x44, 0x56, 0x27, 0x2D, 0xA8, 0x46, 0xD3, 0xBF, 
0x48, 0xDD, 0x34, 0x1E, 0xF0, 0xF9, 0xB8, 0xBF, 0xA8, 0xCE, 0xBF, 0xEA, 0x58, 0x56, 0x27, 0x2D, 
0x49, 0x3B, 0xC3, 0xCD, 0x24, 0x43, 0xC9, 0x53, 0x00, 0x48, 0xB7, 0x03, 0xEC, 0xA6, 0x83, 0x72, 
0xD3, 0xF2, 0xFF, 0xEC, 0x02, 0x18, 0xAA, 0xEA, 0xC7, 0xDC, 0x56, 0x12, 0xB2, 0x30, 0x3B, 0xB4, 
0x01, 0x38, 0xAA, 0x3A, 0xF2, 0xD7, 0xA5, 0x22, 0xDB, 0xBF, 0x69, 0xED, 0xAC, 0x67, 0x74, 0x6F, 
0x85, 0x42, 0x55, 0x37, 0x54, 0xF5, 0xBB, 0x08, 0x7B, 0xA3, 0x01, 0xA5, 0x95, 0x50, 0x00, 0xE0, 
0xF2, 0x5D, 0x73, 0x5A, 0xE5, 0xA2, 0xBB, 0xFF, 0x47, 0x68, 0xFE, 0x37, 0x44, 0xC0, 0xDC, 0xC8, 
0x3C, 0x34, 0x03, 0x0C, 0x92, 0x61, 0x90, 0xEC, 0xB3, 0x22, 0x28, 0x0D, 0xBE, 0xC8, 0xDD, 0xFF, 
0xBD, 0xF4, 0x7B, 0xB7, 0x33, 0x57, 0xE0, 0x23, 0xC9, 0x80, 0x44, 0x80, 0x0C, 0xD3, 0x2E, 0x41, 
0x88, 0x44, 0x50, 0x5A, 0x7D, 0x1A, 0xDD, 0xFF, 0x67, 0x7D, 0x47, 0xAC, 0xA6, 0x68, 0xD2, 0xC4, 
0xEA, 0xD4, 0x79, 0xE5, 0xAF, 0x57, 0xA7, 0x4E, 0xC0, 0xB8, 0xBF, 0x19, 0x6F, 0x1B, 0xB4, 0x33, 
0xBB, 0xBF, 0x79, 0x64, 0x9F, 0xD5, 0x4B, 0x37, 0x20, 0xAD, 0x3E, 0x8D, 0xEE, 0xFF, 0x33, 0x83, 
0x00, 0x3A, 0x8D, 0x1E, 0x04, 0x00, 0x9A, 0x7A, 0x54, 0x79, 0x45, 0xFF, 0xFE, 0xDF, 0x45, 0xD3, 
0xBF, 0xEA, 0x58, 0x74, 0x9A, 0xBE, 0xF3, 0x1F, 0x22, 0xC3, 0x28, 0x25, 0x0D, 0x19, 0x61, 0xB2, 
0xBF, 0x5E, 0x12, 0xA7, 0xFF, 0x05, 0xA3, 0xAB, 0xAA, 0x57, 0x40, 0x08, 0x59, 0x24, 0x75, 0x00, 
0x3D, 0x55, 0xDD, 0x2B, 0xAA, 0xFD, 0xFB, 0x6B, 0x67, 0x2F, 0xE6, 0x9A, 0x5B, 0x76, 0x27, 0x5F, 
0x03, 0xB2, 0xC1, 0x06, 0x11, 0xE5, 0xD2, 0xA3, 0x79, 0x24, 0x14, 0x00, 0x70, 0x75, 0xF6, 0xA6, 
0x49, 0x73, 0x70, 0xFA, 0x1F, 0xD6, 0xC8, 0x4F, 0x05, 0xDD, 0xB0, 0x29, 0x05, 0x79, 0x68, 0x06, 
0x68, 0x92, 0xA5, 0x49, 0xF6, 0xD9, 0x0A, 0xD9, 0x6A, 0x1A, 0x2C, 0xB5, 0x5F, 0x74, 0xE3, 0x68, 
0xEC, 0xFF, 0xF7, 0x66, 0x4E, 0x56, 0xBD, 0x7E, 0x2C, 0xD9, 0x67, 0x89, 0x4C, 0x4D, 0xD7, 0x90, 
0x9D, 0xFE, 0x2F, 0x9E, 0xBC, 0x07, 0x8D, 0x30, 0xAE, 0xEF, 0xC5, 0x97, 0xE7, 0xDE, 0x4F, 0xBF, 
0x6F, 0x0C, 0xBC, 0xFF, 0x1D, 0xFD, 0x85, 0xAA, 0x62, 0xE3, 0xE2, 0xC9, 0x7B, 0x19, 0x4A, 0xB9, 
0x1F, 0x53, 0xF6, 0x19, 0xEA, 0xBF, 0x62, 0xB0, 0xFF, 0xEC, 0xF4, 0x2F, 0x5B, 0xB8, 0x2F, 0x3A, 
0x6D, 0xC5, 0xF8, 0x17, 0xED, 0xE9, 0x41, 0xE5, 0xB9, 0xFE, 0xBD, 0xFF, 0x1D, 0x7D, 0xB2, 0x82, 
0xE8, 0xB4, 0x95, 0x45, 0x70, 0x23, 0x54, 0x96, 0x26, 0xD9, 0xE7, 0x27, 0x00, 0xE0, 0x2C, 0xE9, 
0xBE, 0xAA, 0xC3, 0x99, 0xDD, 0x84, 0xE4, 0x02, 0x7B, 0x01, 0xB6, 0x98, 0xA4, 0xFD, 0x3B, 0x0C, 
0x00, 0x24, 0xCA, 0x40, 0x44, 0xEE, 0x51, 0x0C, 0x09, 0x05, 0x00, 0x04, 0x58, 0x9F, 0xBD, 0x49, 
0xCA, 0x45, 0x9A, 0x45, 0xA0, 0x53, 0xF0, 0xB4, 0x02, 0xE7, 0x69, 0x25, 0x74, 0x93, 0x62, 0x2F, 
0xFA, 0x26, 0x4C, 0xB2, 0x34, 0xC9, 0x3E, 0x63, 0x0C, 0xD7, 0x20, 0x4C, 0xB3, 0x49, 0xEE, 0x09, 
0x18, 0xC4, 0x93, 0x7D, 0xA6, 0x0F, 0xA7, 0xE9, 0x1A, 0xB2, 0xD5, 0xFF, 0xC5, 0x37, 0x6E, 0x00, 
0x71, 0x26, 0x33, 0x88, 0x8D, 0xBD, 0x9F, 0x3E, 0xC6, 0xDE, 0x4F, 0x1F, 0x03, 0xB1, 0x82, 0x07, 
0x5D, 0xFF, 0xBB, 0x32, 0x7D, 0x69, 0xC5, 0x94, 0x7D, 0x86, 0xFA, 0x97, 0xF5, 0xD9, 0x3E, 0x6B, 
0xB6, 0xFA, 0xF7, 0x82, 0x00, 0x1A, 0x59, 0x8F, 0x02, 0xB1, 0xF5, 0xC0, 0xFA, 0x58, 0x0F, 0xAC, 
0x8F, 0x25, 0x86, 0xFE, 0x45, 0xD5, 0xCE, 0xD4, 0xF9, 0x0F, 0x92, 0xA5, 0x41, 0xF6, 0x99, 0x5E, 
0x9B, 0xEA, 0x06, 0x0C, 0xE9, 0xFF, 0x22, 0x92, 0x8F, 0x00, 0xEA, 0x62, 0xE8, 0xB2, 0x27, 0x00, 
0x21, 0xB9, 0xC0, 0x59, 0x40, 0x63, 0xB8, 0x44, 0xEC, 0x3F, 0x60, 0x0D, 0xAD, 0xFB, 0x6B, 0x2F, 
0x89, 0x07, 0xC7, 0x28, 0x26, 0x19, 0x00, 0x80, 0x29, 0x03, 0xC0, 0x32, 0xA7, 0xD6, 0x67, 0x41, 
0x84, 0xE6, 0x7F, 0xCE, 0x97, 0xEF, 0xE2, 0x89, 0x3F, 0xA5, 0xC0, 0x09, 0xD8, 0x29, 0x2E, 0xBC, 
0x19, 0xA0, 0x51, 0x96, 0x79, 0xC8, 0x00, 0x50, 0x43, 0xDA, 0xB4, 0xB8, 0xC3, 0xA2, 0x1B, 0x47, 
0x2E, 0x52, 0xEC, 0x83, 0x64, 0xA9, 0x92, 0x87, 0x13, 0x40, 0xC3, 0x35, 0x68, 0xF6, 0xFA, 0xDF, 
0x39, 0xF9, 0x49, 0xBC, 0x91, 0x7C, 0xD2, 0xF5, 0xFE, 0x44, 0x7E, 0xD8, 0x1D, 0xEF, 0x3B, 0x32, 
0x37, 0xB2, 0x61, 0x3C, 0xD9, 0x67, 0xE9, 0x9C, 0xCE, 0xEE, 0x83, 0x61, 0x2D, 0xC0, 0xFE, 0xE5, 
0xFC, 0xF4, 0x46, 0x9C, 0x20, 0x80, 0xC2, 0xEA, 0x2A, 0xAC, 0xC8, 0xFA, 0x17, 0x55, 0x5B, 0xCE, 
0x4F, 0x33, 0x9F, 0x31, 0x6C, 0x92, 0xA5, 0x66, 0xD1, 0x83, 0x24, 0x9C, 0x96, 0xE1, 0xEF, 0xFB, 
0x4B, 0xBE, 0xB7, 0x62, 0xB7, 0x6E, 0x42, 0x72, 0x14, 0x04, 0x28, 0xB0, 0xFD, 0xF7, 0x63, 0xAE, 
0xBD, 0x64, 0x36, 0x1D, 0x9E, 0xFE, 0x27, 0x1D, 0x00, 0x30, 0x38, 0xD9, 0xE2, 0x2E, 0x36, 0x03, 
0x20, 0xAC, 0x81, 0x9F, 0xBC, 0xD0, 0x5D, 0x5F, 0x42, 0xA6, 0x15, 0x2C, 0xBA, 0x19, 0xA0, 0x51, 
0x96, 0xF3, 0x4C, 0x37, 0x48, 0xDE, 0x05, 0xA8, 0x1B, 0x9C, 0xD3, 0x42, 0x67, 0x00, 0x3C, 0x7E, 
0xE7, 0xAD, 0x1A, 0xA4, 0x12, 0xBC, 0x80, 0x67, 0x55, 0xE6, 0x60, 0x94, 0xA5, 0xE6, 0x40, 0xFF, 
0xC8, 0x97, 0xFE, 0xE3, 0x8E, 0x07, 0x8C, 0xAE, 0x84, 0xF4, 0xC6, 0xFD, 0xCD, 0xAD, 0xFF, 0x1C, 
0xD8, 0xBF, 0x1A, 0x9A, 0xE6, 0x89, 0xB5, 0x10, 0xFD, 0xCB, 0xF9, 0xE9, 0x0D, 0x8D, 0x15, 0x04, 
0x8A, 0x1A, 0x2C, 0x50, 0x67, 0x11, 0xCE, 0x7F, 0xA0, 0x2C, 0x55, 0xF2, 0x60, 0xFF, 0xEB, 0x65, 
0x0E, 0x00, 0x48, 0x08, 0xFE, 0x26, 0xDC, 0xE1, 0x06, 0x9D, 0x90, 0xC5, 0xD9, 0x23, 0x7E, 0x6F, 
0xC6, 0x67, 0xDA, 0xCB, 0xAF, 0xCF, 0x93, 0x96, 0x9F, 0x13, 0xFB, 0xEF, 0xC7, 0x5C, 0x7B, 0xC9, 
0xAB, 0x74, 0x45, 0xE4, 0x33, 0x8A, 0x21, 0xE1, 0x00, 0x80, 0xE4, 0xF0, 0x21, 0x8C, 0xD2, 0xFC, 
0xEF, 0xF3, 0xB3, 0x78, 0x9E, 0x5A, 0xE3, 0xFF, 0xEF, 0x61, 0xC0, 0x3D, 0x2E, 0xBC, 0x19, 0x60, 
0x6E, 0x65, 0x2F, 0xE5, 0x5B, 0x84, 0x46, 0xE7, 0xDF, 0xDE, 0x90, 0xD7, 0x57, 0x07, 0x90, 0xB0, 
0x3A, 0xAB, 0x05, 0x07, 0x39, 0x72, 0x21, 0x7B, 0xCD, 0x97, 0xFE, 0xE3, 0x8F, 0x07, 0x8C, 0x72, 
0x8F, 0x19, 0x8C, 0xFB, 0x2B, 0xA8, 0xEC, 0x45, 0x73, 0x67, 0xFF, 0x95, 0xCD, 0xE9, 0x4E, 0x92, 
0x41, 0x00, 0x85, 0x3A, 0x95, 0xCD, 0xE9, 0x4E, 0xFE, 0x76, 0xC3, 0xB9, 0x90, 0xBD, 0x29, 0x0B, 
0x61, 0x29, 0x4A, 0xC0, 0xFC, 0x13, 0xA5, 0x2E, 0x37, 0xE8, 0x84, 0x2C, 0xD6, 0x0E, 0x7D, 0x5B, 
0xB4, 0x03, 0xD6, 0x9E, 0x76, 0x41, 0xED, 0x7F, 0x10, 0x73, 0xED, 0x25, 0x7F, 0xC4, 0x16, 0x91, 
0x4F, 0x28, 0x86, 0x57, 0xA9, 0x26, 0xF0, 0x19, 0x33, 0x1F, 0xF2, 0xAB, 0xE7, 0xB0, 0xB0, 0x54, 
0x8B, 0xD0, 0xE6, 0x7F, 0x33, 0x22, 0x76, 0x0A, 0x38, 0x12, 0x90, 0xB2, 0xE3, 0x7F, 0xE6, 0x42, 
0x1E, 0xA2, 0xAB, 0xE7, 0x70, 0xEF, 0xF2, 0x9D, 0xBC, 0x6E, 0x30, 0x64, 0xE6, 0x35, 0x34, 0xF6, 
0x1F, 0xE4, 0x22, 0xD5, 0x66, 0xF4, 0xFE, 0x69, 0x4D, 0xED, 0xC3, 0x75, 0xEA, 0x64, 0x71, 0x0F, 
0x8D, 0xFD, 0x07, 0xF7, 0x46, 0xEF, 0x9F, 0x8E, 0x2C, 0xFB, 0x3C, 0xE8, 0x3F, 0xE3, 0x26, 0x79, 
0xAF, 0x06, 0x01, 0xBE, 0x1D, 0xB5, 0x61, 0xC5, 0x1A, 0xEB, 0x67, 0xC2, 0x1F, 0xF7, 0xD7, 0x58, 
0x9C, 0xF3, 0x7F, 0xF1, 0xE4, 0x3D, 0xEC, 0x3D, 0x2A, 0x94, 0xFE, 0xE5, 0xDC, 0x64, 0xA1, 0xF6, 
0x5F, 0xD9, 0x9C, 0xEE, 0xB8, 0x07, 0xD5, 0x66, 0x02, 0x9B, 0xA4, 0xC1, 0xA2, 0x9D, 0x7F, 0x39, 
0x37, 0xB9, 0xE7, 0x1E, 0x54, 0x73, 0xAA, 0x7F, 0xE3, 0x3B, 0x68, 0x8C, 0x25, 0x41, 0x44, 0xEE, 
0x7B, 0x4D, 0xA8, 0x09, 0x21, 0x0B, 0xB6, 0xC5, 0x27, 0xAA, 0xBA, 0x8B, 0xD9, 0xA7, 0xE6, 0xAD, 
0x82, 0xDA, 0xFF, 0x38, 0xE5, 0x00, 0x43, 0xD9, 0x19, 0x52, 0x04, 0x06, 0xBF, 0xB6, 0xA4, 0xF7, 
0x65, 0x07, 0xFA, 0x6D, 0xEE, 0x8C, 0x00, 0x80, 0x9B, 0xFF, 0x66, 0x80, 0x24, 0x47, 0xA8, 0xF6, 
0x8B, 0x3C, 0xE6, 0xB0, 0xF4, 0xC4, 0x1E, 0x0F, 0x68, 0xD2, 0x73, 0x46, 0xE3, 0xFE, 0x48, 0xF2, 
0x1B, 0xB3, 0xD5, 0x49, 0x0B, 0xC7, 0x3B, 0x89, 0x1E, 0xF8, 0x9F, 0x41, 0x62, 0x06, 0x00, 0x96, 
0xA9, 0xD6, 0x32, 0x60, 0xF6, 0xF7, 0x98, 0x8F, 0x07, 0x21, 0x99, 0x07, 0x01, 0x4C, 0x6B, 0x4F, 
0xBD, 0x88, 0xF6, 0x1F, 0x70, 0x3F, 0x0C, 0x00, 0x44, 0xA3, 0x43, 0x11, 0x2C, 0x49, 0x00, 0x20, 
0xAC, 0xF9, 0x9F, 0x2A, 0x7A, 0x5F, 0x6C, 0xE2, 0x95, 0xD9, 0xC4, 0x5F, 0x6C, 0xE2, 0xA1, 0x6A, 
0x40, 0x2F, 0x80, 0x1C, 0x34, 0x03, 0x24, 0x5C, 0x54, 0x48, 0x0C, 0xE2, 0x8F, 0x07, 0x7C, 0x69, 
0xB1, 0xC8, 0x7C, 0xDC, 0x1F, 0x49, 0x72, 0x23, 0xF8, 0x2E, 0x9E, 0xC8, 0xEA, 0xA4, 0x05, 0xD5, 
0xF8, 0x1B, 0x31, 0xD5, 0xB1, 0xAC, 0x4E, 0x5A, 0xE2, 0x35, 0x89, 0x25, 0x4B, 0x8A, 0x46, 0x00, 
0xE6, 0x14, 0xE0, 0x3E, 0x25, 0x48, 0x08, 0xED, 0x9F, 0x24, 0xF4, 0x4E, 0x37, 0xF7, 0x62, 0x08, 
0x0A, 0xF4, 0xB7, 0x16, 0x30, 0x05, 0x82, 0x01, 0x80, 0x85, 0x3C, 0x20, 0x21, 0x27, 0xF5, 0x96, 
0x65, 0x3E, 0xE9, 0x0F, 0xFA, 0x59, 0x94, 0xCF, 0x26, 0x4B, 0xF3, 0x5A, 0xE8, 0xE4, 0xA5, 0xC4, 
0x81, 0x84, 0x05, 0x01, 0xE2, 0x8E, 0x07, 0x7C, 0xCE, 0x22, 0xC6, 0xFD, 0x91, 0x34, 0x82, 0x00, 
0x3A, 0x8D, 0x17, 0x04, 0x50, 0x1D, 0x8B, 0x4E, 0xE9, 0xFC, 0x93, 0xE3, 0xE2, 0x50, 0x04, 0x84, 
0x64, 0xEE, 0xB4, 0x9B, 0x9C, 0xBD, 0x31, 0xED, 0xBF, 0xB4, 0x74, 0x8E, 0xF9, 0x73, 0x06, 0x00, 
0x8A, 0x4E, 0x68, 0xF3, 0x3F, 0xC5, 0xF8, 0xC5, 0xE6, 0x7F, 0x2F, 0xF3, 0xF9, 0x59, 0xDC, 0x84, 
0x9A, 0x17, 0x89, 0xBC, 0x36, 0x03, 0x24, 0x99, 0x33, 0xA4, 0x08, 0x8A, 0xB4, 0x23, 0x98, 0xA3, 
0x59, 0x63, 0xC1, 0xA7, 0x58, 0x90, 0x17, 0xD6, 0xED, 0x2D, 0xDC, 0x17, 0x9D, 0xB6, 0x22, 0xFF, 
0xBE, 0x4E, 0x5B, 0xB2, 0x05, 0x96, 0x7D, 0x90, 0xE3, 0xD0, 0x0F, 0x98, 0xE1, 0x4D, 0xE6, 0x77, 
0xEE, 0x8E, 0x45, 0xC9, 0x1C, 0x5A, 0xBE, 0xA3, 0x5E, 0x95, 0x55, 0x0D, 0xF9, 0x38, 0x91, 0x5F, 
0x16, 0xFB, 0x1F, 0xC4, 0x7C, 0x66, 0xD3, 0x79, 0xC7, 0x7B, 0xB2, 0x66, 0x16, 0xC0, 0x32, 0x07, 
0x00, 0xC2, 0x9A, 0xFF, 0x21, 0x5A, 0x44, 0xCE, 0x39, 0xE6, 0x77, 0x90, 0xF2, 0xBB, 0x14, 0xDD, 
0xD1, 0xB9, 0xD3, 0x0C, 0x04, 0x15, 0x81, 0x6F, 0x47, 0x1B, 0x10, 0x8D, 0x9F, 0x01, 0x20, 0xDA, 
0xC5, 0xB7, 0xA3, 0x0D, 0x0A, 0xB0, 0x4C, 0x41, 0x00, 0xB5, 0xC3, 0xD5, 0xAE, 0x36, 0x9D, 0x7F, 
0x92, 0xD6, 0xC6, 0x98, 0x90, 0x04, 0x61, 0x8F, 0x89, 0x3F, 0x3A, 0x9D, 0x1B, 0xBE, 0xDD, 0x35, 
0x73, 0x10, 0x00, 0x18, 0xF0, 0x19, 0xCC, 0x9C, 0xCE, 0x31, 0x7F, 0xCE, 0x00, 0x40, 0xC1, 0x09, 
0xDC, 0xE0, 0xB9, 0x1A, 0x9E, 0x0A, 0x1C, 0xE1, 0x77, 0x6C, 0x3E, 0x36, 0x4B, 0x4F, 0x1D, 0x15, 
0xE5, 0x62, 0x92, 0x77, 0xBE, 0x19, 0xAD, 0x1D, 0x63, 0x12, 0x40, 0x1D, 0xD6, 0xA4, 0x8F, 0x6F, 
0x46, 0x0C, 0xF4, 0x94, 0x25, 0x08, 0x70, 0x7E, 0x7A, 0x23, 0x89, 0xDF, 0x21, 0x24, 0x02, 0xBB, 
0xAA, 0xCA, 0xB5, 0x83, 0x24, 0x81, 0xC9, 0xA1, 0x1D, 0x2E, 0xA1, 0x93, 0x1F, 0x94, 0xDD, 0x31, 
0x80, 0xB9, 0x31, 0xDE, 0x10, 0xD9, 0xA6, 0xE4, 0x2F, 0x8B, 0xFD, 0x0F, 0x63, 0x3E, 0xB3, 0xE9, 
0xBD, 0xDF, 0x99, 0x05, 0x90, 0x9F, 0x00, 0x40, 0xD6, 0xA9, 0xF2, 0xA1, 0xCD, 0xFF, 0x80, 0xFE, 
0xAC, 0xE6, 0x7F, 0x2F, 0xF3, 0xC5, 0x26, 0x1E, 0x6A, 0x50, 0xA4, 0x70, 0x01, 0xCD, 0x00, 0x8B, 
0x58, 0x76, 0x50, 0xFA, 0x13, 0x72, 0x11, 0x3B, 0xAB, 0x7B, 0x2C, 0xA4, 0x2C, 0x17, 0xED, 0x38, 
0x5F, 0x7B, 0x5C, 0x43, 0xE5, 0x69, 0x0F, 0xC7, 0xEB, 0xFC, 0x5B, 0x47, 0xE5, 0x69, 0x0F, 0xD7, 
0x1E, 0xD7, 0x96, 0x5A, 0x96, 0xF3, 0x6C, 0xD4, 0x58, 0x2A, 0x45, 0x59, 0x92, 0x0E, 0x45, 0x40, 
0x12, 0x60, 0x9D, 0x01, 0x80, 0xE3, 0x3B, 0xE4, 0x22, 0xF2, 0x84, 0xF6, 0x9F, 0x59, 0x00, 0x60, 
0x3D, 0xA7, 0x6B, 0x2E, 0xD7, 0xE4, 0x17, 0xA8, 0x1E, 0x7B, 0x73, 0x02, 0xF4, 0x67, 0xD5, 0xDD, 
0x5B, 0x82, 0x75, 0x20, 0xDC, 0xE1, 0x4E, 0xCC, 0x1F, 0x0B, 0x39, 0x99, 0x17, 0xA0, 0x75, 0xF9, 
0x0E, 0x34, 0xC1, 0xEF, 0xCA, 0xEC, 0xA4, 0xC8, 0x97, 0xE5, 0x4C, 0xD9, 0x2F, 0x7E, 0x77, 0xAA, 
0x7D, 0x88, 0xBC, 0xA2, 0x7F, 0x54, 0x34, 0x53, 0xFD, 0x9B, 0x68, 0x7C, 0xFF, 0x83, 0xC4, 0x72, 
0xB6, 0xB7, 0x4E, 0x9D, 0x81, 0x27, 0xEF, 0x4E, 0xE8, 0x9C, 0xED, 0xAA, 0xDA, 0x00, 0x3E, 0x4B, 
0xFD, 0x26, 0x2A, 0xBA, 0x0E, 0xC8, 0x6C, 0xD9, 0x2F, 0x9E, 0x3E, 0x66, 0xF5, 0xDD, 0xB0, 0x26, 
0x8B, 0xD5, 0xFF, 0xEA, 0xB4, 0x07, 0x48, 0x02, 0x51, 0x68, 0x69, 0x7A, 0x9F, 0x85, 0xBF, 0x2E, 
0xEC, 0x5E, 0x3C, 0x59, 0x9A, 0x64, 0xBF, 0x60, 0xFB, 0x47, 0x1F, 0x32, 0x43, 0xFF, 0x52, 0x5D, 
0x07, 0x26, 0x0F, 0x41, 0x12, 0x78, 0x04, 0xAB, 0xEB, 0x33, 0xDF, 0x5C, 0xCA, 0x2E, 0xD3, 0xA9, 
0x8B, 0xDE, 0xEB, 0x30, 0x1D, 0xF0, 0xFA, 0xD3, 0x33, 0xF0, 0xF6, 0x03, 0xB3, 0xF6, 0x1F, 0x2D, 
0x4A, 0x90, 0x24, 0x80, 0xE9, 0x3D, 0xC6, 0x32, 0x93, 0x68, 0x38, 0xF3, 0xD6, 0xE3, 0xD3, 0xFE, 
0x43, 0x19, 0xC4, 0x7C, 0x66, 0xD3, 0x5E, 0xAF, 0x6F, 0xAA, 0x6A, 0x50, 0x19, 0x48, 0x4B, 0x55, 
0xCF, 0x2C, 0xD3, 0x98, 0xDA, 0xC0, 0xAD, 0x65, 0x19, 0x6E, 0x22, 0xB4, 0xF9, 0x5F, 0xF2, 0xC1, 
0x06, 0x36, 0x03, 0x2C, 0x29, 0x8D, 0xFD, 0x07, 0xF7, 0x1A, 0xDF, 0x3F, 0xB8, 0xA1, 0xBF, 0x1C, 
0x35, 0x43, 0x5F, 0xB0, 0xCA, 0x0D, 0x5E, 0x2E, 0xD9, 0xFB, 0x69, 0x2F, 0xE1, 0x97, 0x6F, 0xCB, 
0xFF, 0x4C, 0x42, 0x08, 0x79, 0x71, 0xC3, 0x79, 0x0F, 0xE6, 0xA6, 0x63, 0xEB, 0x94, 0x10, 0x49, 
0xE4, 0xFD, 0x33, 0x9B, 0x21, 0x45, 0x13, 0x89, 0x0E, 0xED, 0x3F, 0x35, 0x86, 0x31, 0x9F, 0xD9, 
0x3C, 0xE8, 0xBB, 0x43, 0x93, 0x48, 0x28, 0x00, 0x20, 0x86, 0x07, 0x40, 0xAD, 0xEC, 0x22, 0x40, 
0x8B, 0x68, 0xCC, 0x97, 0xE5, 0x77, 0x9A, 0x64, 0x29, 0xF9, 0x78, 0x01, 0xCC, 0xBE, 0x06, 0xD1, 
0x66, 0x91, 0x0D, 0xE3, 0xC4, 0xBF, 0xFE, 0xF7, 0x04, 0xAA, 0xBB, 0x21, 0xAB, 0x7F, 0x36, 0x8B, 
0x9C, 0x59, 0x96, 0x39, 0xD0, 0xBF, 0xE6, 0x4B, 0xFF, 0x7B, 0x3F, 0x7D, 0x0C, 0x88, 0x9D, 0x82, 
0x12, 0x6C, 0xEF, 0xB3, 0x17, 0xE1, 0x65, 0x98, 0x64, 0xA9, 0x0B, 0xD7, 0xBF, 0x8A, 0xE1, 0x1A, 
0xD4, 0x2D, 0xB4, 0xFD, 0xE7, 0x0A, 0x83, 0x2C, 0x8D, 0xB2, 0x27, 0x59, 0x07, 0x01, 0xD8, 0x34, 
0x92, 0xA4, 0x63, 0xFA, 0x5E, 0x63, 0x3B, 0x3E, 0x77, 0xC7, 0xA3, 0x4D, 0xFB, 0xCF, 0xFE, 0xDE, 
0x83, 0x9E, 0xDD, 0x94, 0xAF, 0x89, 0xBD, 0x00, 0xB2, 0x0A, 0x00, 0xA8, 0x1B, 0xE2, 0xF1, 0x9C, 
0x00, 0x00, 0x18, 0x63, 0x49, 0x44, 0x41, 0x54, 0xC1, 0x09, 0x11, 0x37, 0xD3, 0xE8, 0x97, 0xBD, 
0x00, 0xD9, 0x65, 0xF6, 0x9D, 0x26, 0x59, 0x6A, 0x1E, 0x1C, 0x40, 0x31, 0x5C, 0x83, 0x5A, 0xEB, 
0x45, 0x37, 0x8E, 0xC6, 0xFE, 0x83, 0x7C, 0xA4, 0x09, 0x99, 0x64, 0x29, 0x79, 0x08, 0x00, 0x88, 
0xE1, 0x1A, 0x24, 0x7B, 0xFD, 0x5F, 0xFF, 0xF9, 0x02, 0x20, 0x31, 0x3A, 0xFE, 0xAB, 0xE3, 0xFD, 
0x89, 0x7C, 0xAF, 0x5D, 0xEF, 0x3B, 0x32, 0x97, 0xF1, 0x7A, 0x3C, 0xD9, 0x67, 0xF9, 0x02, 0x99, 
0x7D, 0x0D, 0x6E, 0x09, 0xEC, 0x3F, 0x2F, 0x98, 0x64, 0x69, 0xE5, 0x40, 0xFF, 0x04, 0x50, 0x55, 
0x53, 0x60, 0x90, 0xFA, 0x21, 0xC7, 0xA5, 0x65, 0xF8, 0xFB, 0x3E, 0x45, 0x93, 0x8F, 0xBD, 0x3A, 
0xED, 0xDF, 0xF8, 0x2C, 0xB6, 0x16, 0x78, 0x4D, 0x9D, 0x63, 0xFE, 0x9C, 0x01, 0x80, 0x48, 0x1F, 
0x20, 0x86, 0x39, 0x90, 0x92, 0x4D, 0x06, 0x40, 0x58, 0xF3, 0xBF, 0x14, 0x1D, 0xDF, 0xCC, 0x9A, 
0x01, 0x9A, 0x64, 0x69, 0x92, 0x7D, 0xC6, 0xBB, 0x1F, 0xC3, 0x35, 0x28, 0x4F, 0x00, 0x93, 0x13, 
0x72, 0x33, 0x9E, 0xEC, 0xB3, 0xBC, 0x34, 0xC9, 0x47, 0x0D, 0x58, 0xEC, 0x71, 0x7F, 0x3A, 0xC0, 
0x51, 0x75, 0x17, 0x47, 0xD5, 0x5D, 0x20, 0x86, 0x1C, 0x17, 0x33, 0x1E, 0xB0, 0x19, 0x53, 0xF6, 
0x59, 0x3E, 0x00, 0x83, 0xD9, 0xCB, 0x23, 0x68, 0xFF, 0x89, 0xBD, 0x6A, 0x4C, 0xB2, 0xD4, 0xA5, 
0xAF, 0x01, 0x4E, 0x7B, 0x0E, 0x7C, 0xC4, 0xCF, 0xCC, 0xC3, 0xDC, 0xF1, 0x72, 0x3C, 0xEB, 0x29, 
0x93, 0xD6, 0x75, 0x2D, 0xC0, 0x79, 0xED, 0xF3, 0xF9, 0x98, 0xA9, 0x87, 0x59, 0x4E, 0x77, 0x73, 
0xDE, 0x8E, 0xFC, 0xB4, 0xFF, 0x63, 0x05, 0x00, 0xEC, 0x45, 0xD9, 0x99, 0x88, 0xDC, 0x0C, 0xF9, 
0xA8, 0xBF, 0x16, 0x6C, 0x1D, 0xC8, 0x67, 0x00, 0xC0, 0x98, 0x01, 0xA0, 0xD9, 0x6C, 0x00, 0x65, 
0x81, 0x63, 0xF9, 0xB2, 0xFA, 0x6E, 0x93, 0x2C, 0x73, 0x91, 0x01, 0xA0, 0xA6, 0x14, 0x70, 0x29, 
0xBC, 0x03, 0x30, 0xDA, 0x3A, 0x95, 0x8F, 0x34, 0x21, 0x93, 0x2C, 0x35, 0x07, 0x29, 0xC0, 0x5A, 
0x19, 0x2E, 0x3C, 0x00, 0x10, 0x7B, 0xDC, 0x9F, 0x0E, 0x70, 0x54, 0x6D, 0xE1, 0xA3, 0x13, 0x4F, 
0xF0, 0xD1, 0x89, 0x27, 0x38, 0xAA, 0xB6, 0x62, 0x38, 0x53, 0x8B, 0x18, 0x0F, 0xD8, 0x8C, 0x29, 
0xFB, 0xEC, 0x70, 0xA7, 0x86, 0x6B, 0x60, 0x00, 0x30, 0x41, 0x23, 0x6B, 0xC6, 0x93, 0x3D, 0xC9, 
0x09, 0x0E, 0x45, 0x40, 0xE6, 0xDF, 0x5A, 0x69, 0x2D, 0xE0, 0x3D, 0xDA, 0xA3, 0x84, 0x62, 0xC9, 
0xA5, 0x4D, 0xFB, 0xCF, 0x5C, 0xE6, 0x4D, 0xFF, 0x19, 0x26, 0x65, 0x0D, 0x00, 0x5C, 0x3D, 0x8B, 
0xFB, 0x06, 0xEF, 0xB8, 0x7E, 0xF9, 0x2E, 0x52, 0x3D, 0x29, 0xCB, 0xBA, 0xF9, 0xDF, 0x8C, 0x00, 
0x40, 0xEA, 0xCD, 0x00, 0x2F, 0xDF, 0xC5, 0x86, 0x29, 0xC3, 0xC1, 0x28, 0xFB, 0x0C, 0x69, 0xDC, 
0xFA, 0xD1, 0x74, 0x0D, 0xF5, 0xD1, 0xF9, 0xB7, 0x37, 0x0A, 0x6E, 0x1F, 0x9D, 0x90, 0x37, 0x74, 
0x3F, 0xF5, 0x20, 0x84, 0x27, 0xC3, 0x7A, 0x4C, 0xD9, 0x67, 0xC7, 0x07, 0x0D, 0xA3, 0xFE, 0x33, 
0x39, 0x29, 0x8F, 0x3F, 0xEE, 0x6F, 0x0C, 0x77, 0xC5, 0xC6, 0x47, 0x27, 0x7E, 0x1F, 0x09, 0xF4, 
0xD1, 0x89, 0x27, 0x70, 0x57, 0x6C, 0x00, 0xE3, 0xC8, 0x41, 0x80, 0xAC, 0xC6, 0x03, 0x7A, 0x32, 
0xAC, 0xC7, 0x94, 0x7D, 0x76, 0x6B, 0xE0, 0x96, 0x69, 0xFD, 0x97, 0xBA, 0xEE, 0xA3, 0xE8, 0xF6, 
0xBF, 0x78, 0x27, 0x60, 0x1F, 0x1B, 0x10, 0xA9, 0xC7, 0x92, 0x3D, 0xC9, 0x03, 0x5D, 0x76, 0x9A, 
0x26, 0xC7, 0xC4, 0xE4, 0xB4, 0x8E, 0x59, 0xFF, 0x1F, 0xDB, 0xE9, 0xB6, 0x69, 0xFF, 0x29, 0xED, 
0x01, 0xBC, 0x67, 0x71, 0x1C, 0xF3, 0x19, 0x26, 0x65, 0x08, 0x00, 0x00, 0xE6, 0x71, 0x74, 0x9A, 
0xB2, 0x73, 0xBE, 0x88, 0xE6, 0x7F, 0x59, 0x5F, 0x83, 0x49, 0x86, 0x9A, 0xA7, 0xF4, 0x22, 0x93, 
0x23, 0x6C, 0x65, 0xD4, 0x24, 0x2F, 0x05, 0xA7, 0x7B, 0xB4, 0x75, 0xFA, 0xBB, 0xF0, 0x26, 0x7F, 
0x19, 0xA4, 0x60, 0x9B, 0x64, 0x98, 0x8F, 0x11, 0x80, 0xCF, 0x30, 0xE8, 0xFF, 0x69, 0xFA, 0xFA, 
0x8F, 0x3B, 0xEE, 0xCF, 0xAD, 0xB6, 0x66, 0x3A, 0xCE, 0x1F, 0x34, 0xEE, 0xC3, 0xAD, 0xC6, 0xB8, 
0xDE, 0xE7, 0xE3, 0x01, 0x53, 0xD6, 0xBF, 0x51, 0x86, 0x39, 0xB2, 0x7F, 0x93, 0xFE, 0xAD, 0x42, 
0xDA, 0x7F, 0xBE, 0xDE, 0xD0, 0x06, 0x19, 0x72, 0x04, 0x60, 0xAE, 0x9D, 0x10, 0x11, 0xF9, 0x84, 
0x62, 0x20, 0xC7, 0xC4, 0xB4, 0xB7, 0xE4, 0xE9, 0x7F, 0xB0, 0x33, 0x3A, 0x9C, 0xF1, 0xA3, 0xB9, 
0xCB, 0x00, 0x68, 0xFF, 0x91, 0xE8, 0xC5, 0x7C, 0x86, 0x49, 0x0E, 0xA8, 0x26, 0xE8, 0x00, 0xBC, 
0xBA, 0x51, 0x71, 0xD1, 0x02, 0xF0, 0x75, 0x8A, 0xD7, 0x6F, 0x07, 0xEE, 0xF5, 0x5D, 0xAC, 0x7F, 
0xB1, 0x79, 0xBC, 0x59, 0xE4, 0x97, 0x0E, 0xB0, 0x66, 0x59, 0x81, 0xA9, 0xF6, 0x36, 0x80, 0xF4, 
0x8C, 0xDD, 0x45, 0x0B, 0x92, 0x73, 0x07, 0x40, 0x0C, 0xFA, 0x57, 0x2B, 0x6D, 0xFD, 0x87, 0x3B, 
0xF3, 0xEF, 0x9F, 0xD6, 0xF4, 0x3E, 0x5D, 0xD3, 0x7F, 0x11, 0xAB, 0x35, 0x5B, 0xFF, 0x92, 0x2B, 
0x07, 0x60, 0xB6, 0xFE, 0x21, 0xE9, 0xEA, 0x3F, 0xEE, 0xB8, 0x3F, 0x15, 0x3B, 0xF0, 0xD4, 0xFC, 
0x83, 0xC6, 0x7D, 0x5C, 0xFF, 0xD9, 0x86, 0x44, 0x6E, 0x0C, 0xE8, 0x8D, 0x07, 0xDC, 0x79, 0x73, 
0x27, 0x45, 0xE3, 0xCA, 0x7D, 0x00, 0x40, 0x04, 0xFD, 0x59, 0x81, 0x4A, 0x4D, 0x5B, 0xFF, 0x4B, 
0x80, 0x1A, 0xF4, 0x2F, 0xC2, 0x00, 0x40, 0x4E, 0xB1, 0x45, 0xE4, 0x06, 0xC5, 0x40, 0x8E, 0x65, 
0xF7, 0x5E, 0x07, 0x75, 0x53, 0x60, 0xDB, 0xA1, 0x84, 0x42, 0x9D, 0xD1, 0x59, 0x8E, 0x67, 0x3B, 
0x83, 0xF7, 0xD1, 0xB2, 0xDA, 0xBF, 0x63, 0xF0, 0xC7, 0x9A, 0xAA, 0xBA, 0xC1, 0x8C, 0x95, 0x7C, 
0x92, 0x48, 0x06, 0x80, 0x18, 0x4E, 0x23, 0x44, 0xD0, 0xFE, 0xF4, 0x10, 0xA9, 0xA4, 0xC9, 0x86, 
0x35, 0xFF, 0x53, 0x45, 0xEF, 0xB8, 0xCE, 0x3F, 0x00, 0x7C, 0xB1, 0x89, 0x87, 0xAA, 0x01, 0x11, 
0xD7, 0x14, 0x9B, 0x01, 0x7E, 0x7A, 0x88, 0x9A, 0xC8, 0xEC, 0x14, 0x1A, 0xD1, 0x02, 0x9C, 0x00, 
0x0A, 0xDA, 0x8F, 0xDF, 0x79, 0xAB, 0xAC, 0x35, 0x40, 0x83, 0xB4, 0xA7, 0x04, 0x3C, 0x7E, 0xE7, 
0xAD, 0x1A, 0x0C, 0xFA, 0x47, 0x11, 0xF4, 0x0F, 0xB4, 0x53, 0x4B, 0x93, 0x8F, 0x3F, 0xEE, 0xAF, 
0x83, 0x8B, 0x6F, 0x84, 0xBF, 0x98, 0xBD, 0xDF, 0xE9, 0xC4, 0x58, 0xFD, 0xD2, 0x1B, 0x0F, 0xE8, 
0xC9, 0x2E, 0xFF, 0xFA, 0x37, 0x3A, 0xA3, 0xD2, 0xD6, 0x94, 0xD6, 0xFF, 0xA5, 0x70, 0x02, 0x0E, 
0x51, 0x03, 0xA4, 0x1D, 0x4F, 0xE6, 0x64, 0x41, 0xF4, 0x01, 0x34, 0xE9, 0xFC, 0x93, 0x84, 0x30, 
0x9D, 0x9C, 0x0E, 0x59, 0x5A, 0x12, 0xC9, 0x19, 0x9D, 0xE9, 0x9C, 0xD3, 0xFE, 0x53, 0xDA, 0x02, 
0x78, 0xCF, 0xE4, 0x30, 0xE6, 0xB3, 0x4C, 0xCA, 0x10, 0x00, 0xB8, 0x7A, 0x0E, 0xF7, 0xA0, 0xB3, 
0x6B, 0x40, 0xAA, 0x93, 0x74, 0x6A, 0x40, 0xC2, 0x1A, 0xF0, 0x59, 0x56, 0x72, 0x51, 0xD2, 0xB0, 
0xCF, 0x4A, 0xAB, 0x19, 0xA0, 0x51, 0x76, 0x8A, 0xF1, 0xD5, 0x73, 0xC8, 0xCD, 0x4B, 0xC0, 0x77, 
0x84, 0x67, 0xEA, 0x5F, 0x5E, 0x5F, 0x2D, 0x67, 0x0D, 0x90, 0x6A, 0xEA, 0x8B, 0x5A, 0x80, 0xEC, 
0xC6, 0xB9, 0x19, 0x51, 0x08, 0x00, 0x17, 0x4F, 0x1A, 0xF5, 0x8F, 0x15, 0x37, 0x25, 0xFD, 0xC7, 
0x1C, 0xF7, 0xB7, 0x73, 0xF2, 0xB3, 0xC8, 0xBF, 0xBE, 0x73, 0xF2, 0xB3, 0xD8, 0xE3, 0x01, 0xD3, 
0xC0, 0x2C, 0xBB, 0xB1, 0x2F, 0xF3, 0x7C, 0xBC, 0xFC, 0xCF, 0x4D, 0xEE, 0x41, 0x75, 0xB6, 0xFE, 
0x7F, 0xAB, 0xB0, 0x06, 0x70, 0x5E, 0x4C, 0xB2, 0x53, 0x1D, 0xCB, 0xB9, 0xC9, 0x52, 0x39, 0x01, 
0x69, 0x77, 0x81, 0x4F, 0xE0, 0xA3, 0xFF, 0xCA, 0x53, 0x2E, 0x92, 0xCC, 0xD6, 0x42, 0xD7, 0x02, 
0x9C, 0x55, 0x67, 0x99, 0xED, 0x3D, 0xE2, 0xBF, 0xBD, 0x6F, 0xF8, 0xE7, 0x7F, 0xA1, 0xFD, 0x2F, 
0x26, 0xF0, 0x92, 0x61, 0xF9, 0x05, 0xC9, 0x3A, 0x00, 0xE0, 0x7B, 0xC1, 0xBD, 0xAC, 0x9C, 0xE3, 
0x08, 0xCD, 0xFF, 0x86, 0x9F, 0x9F, 0xC5, 0xCD, 0xA4, 0xBE, 0xCF, 0xFF, 0xAC, 0x61, 0x40, 0x00, 
0x20, 0x95, 0x66, 0x80, 0x46, 0xD9, 0x49, 0x0E, 0x6B, 0xC0, 0xD4, 0x90, 0x0E, 0xAF, 0x8B, 0x9B, 
0xD2, 0x90, 0xE2, 0xCD, 0x76, 0x32, 0x71, 0xC0, 0x4D, 0xB2, 0x53, 0xCD, 0x61, 0x0D, 0xA0, 0xE1, 
0x9A, 0x44, 0x17, 0xAD, 0xFF, 0xFE, 0x5C, 0x29, 0xFA, 0xDE, 0xBF, 0xE9, 0x2F, 0x76, 0x17, 0x64, 
0x92, 0x5D, 0xFE, 0xF4, 0xAF, 0x86, 0x35, 0x49, 0xE3, 0x65, 0x69, 0x90, 0x08, 0xB2, 0x53, 0x61, 
0x0D, 0x30, 0x21, 0x25, 0xA6, 0x33, 0x87, 0x93, 0x45, 0x48, 0x5E, 0x03, 0x00, 0x61, 0xCF, 0x34, 
0x29, 0x7A, 0x00, 0x40, 0xCC, 0x01, 0x80, 0xC4, 0x9D, 0xE3, 0xB0, 0xC6, 0x7B, 0x2A, 0x48, 0xFC, 
0x44, 0x2E, 0xEC, 0x33, 0x93, 0x6E, 0x06, 0x18, 0x14, 0xE4, 0x90, 0x5C, 0x6E, 0x00, 0x4D, 0x0E, 
0xA0, 0xB4, 0x46, 0xE7, 0x4E, 0x97, 0x27, 0xFA, 0xA7, 0xEA, 0x34, 0xBE, 0x7F, 0xF0, 0x59, 0xDA, 
0x5F, 0x33, 0x3A, 0x77, 0x7A, 0xCD, 0xDC, 0x84, 0x30, 0x87, 0x01, 0x00, 0xB5, 0x4C, 0xD7, 0xD4, 
0x4A, 0x67, 0x64, 0x5E, 0x94, 0x13, 0x7A, 0x1D, 0xE0, 0xE8, 0x18, 0x27, 0xD0, 0x47, 0x95, 0x76, 
0xB4, 0xF1, 0x80, 0x71, 0xB2, 0x05, 0x22, 0xE2, 0xC9, 0xAC, 0x15, 0x53, 0xD6, 0x8B, 0x7C, 0x91, 
0x18, 0xEC, 0x1F, 0x2D, 0x4D, 0x79, 0x52, 0x4A, 0x29, 0x9D, 0xFF, 0x03, 0xAC, 0x41, 0x66, 0xEB, 
0xDF, 0x62, 0x13, 0x30, 0x42, 0xCA, 0x69, 0xF7, 0x5E, 0xED, 0xBF, 0x6D, 0x72, 0xB0, 0x44, 0xE4, 
0x21, 0xA5, 0x44, 0xF2, 0x88, 0xFF, 0x6C, 0x9A, 0xF6, 0x42, 0xB6, 0xFF, 0x6C, 0x93, 0x32, 0x06, 
0x00, 0x3E, 0x3F, 0x8B, 0x9B, 0xA6, 0x32, 0x00, 0xCB, 0x4A, 0x3C, 0xFA, 0x63, 0x07, 0xFD, 0xF0, 
0x69, 0x25, 0xF9, 0x28, 0x69, 0x84, 0xCF, 0xB4, 0x13, 0x55, 0x8C, 0x49, 0x66, 0x8A, 0x71, 0x92, 
0xD9, 0x0D, 0x49, 0xD1, 0xD8, 0xFF, 0xEF, 0x4D, 0x98, 0xD2, 0xC0, 0x2B, 0xDA, 0x29, 0x87, 0xB9, 
0xA8, 0xDD, 0xD8, 0x7F, 0xB0, 0x93, 0xC9, 0x57, 0x99, 0x65, 0x36, 0xF6, 0x65, 0x9D, 0x2F, 0x2E, 
0xBE, 0x11, 0xA0, 0xFF, 0xA7, 0xC9, 0xEB, 0x7F, 0xE7, 0xCD, 0x1D, 0x20, 0xB0, 0x0C, 0x63, 0x8C, 
0xE9, 0x4A, 0xFB, 0x0F, 0xE3, 0xFE, 0xE2, 0xF2, 0xD1, 0x89, 0x27, 0x98, 0xAE, 0xB4, 0x11, 0x38, 
0x1E, 0x50, 0x77, 0x53, 0x69, 0x02, 0x68, 0x96, 0xD9, 0xD8, 0x97, 0x75, 0xBE, 0x5E, 0xFE, 0x9B, 
0xD3, 0x9B, 0xA6, 0x32, 0x00, 0x17, 0x95, 0x92, 0xD8, 0x7F, 0x76, 0x18, 0x65, 0xA6, 0x3A, 0x96, 
0xCD, 0xE9, 0x4D, 0x4A, 0x88, 0x90, 0x52, 0x12, 0x74, 0xD0, 0xC4, 0x75, 0x94, 0xE4, 0x9D, 0xCE, 
0x9C, 0xCF, 0x36, 0x29, 0x72, 0x00, 0xC0, 0xDB, 0x05, 0xC2, 0x94, 0x06, 0x9E, 0x58, 0x33, 0xC0, 
0xB0, 0xE6, 0x7F, 0x00, 0x9C, 0x2F, 0xDF, 0xC5, 0x93, 0xA4, 0x05, 0xE5, 0x7F, 0xA6, 0x13, 0x70, 
0xEF, 0x89, 0x35, 0x03, 0xFC, 0xF4, 0x10, 0x35, 0x28, 0xDA, 0xB1, 0x64, 0x9C, 0x0B, 0xFF, 0xD8, 
0x98, 0x05, 0x50, 0xF4, 0x66, 0x80, 0x03, 0xA8, 0xDB, 0x6E, 0x7C, 0xFF, 0x20, 0x93, 0x06, 0x2F, 
0x5E, 0xF3, 0x3F, 0x69, 0xC7, 0x92, 0x71, 0x3E, 0x1E, 0x00, 0xC3, 0xB5, 0x49, 0x3A, 0xCD, 0x00, 
0x77, 0xDE, 0xFC, 0x1A, 0x3A, 0x33, 0x4D, 0x7A, 0x0C, 0xB7, 0xDA, 0xC2, 0x87, 0x8D, 0xE3, 0x9F, 
0x96, 0x7C, 0xD8, 0x78, 0xE8, 0x8F, 0x07, 0x7C, 0xD5, 0xB9, 0x55, 0xB1, 0xB1, 0xF3, 0x66, 0xF2, 
0x5D, 0x85, 0xAF, 0x3D, 0x36, 0x37, 0x7F, 0x43, 0x7E, 0xF5, 0x6F, 0x4A, 0x4D, 0x17, 0x05, 0x9B, 
0x01, 0xC6, 0x91, 0xE3, 0x21, 0x6A, 0x62, 0x58, 0xFF, 0x73, 0x98, 0xFE, 0x3F, 0x9E, 0xBD, 0x4C, 
0xF1, 0xB4, 0x27, 0xB9, 0xD7, 0xAA, 0x51, 0x96, 0x63, 0x4A, 0xA7, 0x54, 0x7A, 0xDE, 0x86, 0xB9, 
0xB4, 0x35, 0xAF, 0xA7, 0xFF, 0xB4, 0x7F, 0xDA, 0xFF, 0x0B, 0x5B, 0xFD, 0xC0, 0x2C, 0x80, 0x96, 
0xFF, 0x8C, 0x93, 0x32, 0x06, 0x00, 0x5C, 0xD7, 0x10, 0xFD, 0x11, 0xD4, 0x57, 0x26, 0xC9, 0xA4, 
0xC8, 0x87, 0xF6, 0x14, 0xD0, 0x14, 0x6B, 0xA4, 0x34, 0x9B, 0x66, 0x80, 0x2B, 0x13, 0xEC, 0x9A, 
0x82, 0x1C, 0x46, 0x19, 0xE7, 0x81, 0xA9, 0x98, 0xAE, 0xAD, 0x2E, 0xAF, 0xAF, 0x16, 0xAD, 0x13, 
0xE8, 0x18, 0x8A, 0x9E, 0xE7, 0xF8, 0xFF, 0xF0, 0x97, 0x2C, 0x4F, 0xDD, 0x7D, 0x59, 0xD5, 0x63, 
0xCA, 0x38, 0x07, 0xFA, 0x5F, 0x31, 0xEA, 0x1F, 0xAB, 0xD3, 0x74, 0xF4, 0x7F, 0xF1, 0x8D, 0x1B, 
0x70, 0xAB, 0xCD, 0x3F, 0xBC, 0x0C, 0xC3, 0xC6, 0xFD, 0xC5, 0xE5, 0x83, 0xC6, 0xFD, 0x97, 0x02, 
0x0D, 0x63, 0xB8, 0xD5, 0x66, 0xA4, 0xA9, 0x02, 0xF3, 0xE0, 0xC9, 0xAA, 0x1E, 0x53, 0xC6, 0x39, 
0x78, 0x99, 0x4C, 0x0D, 0xEB, 0xBF, 0xD4, 0x71, 0x54, 0x65, 0x27, 0xE0, 0xA8, 0x1C, 0x55, 0x77, 
0x21, 0x52, 0x8F, 0x25, 0xE3, 0xC5, 0x61, 0x2A, 0x91, 0x69, 0x52, 0x91, 0x89, 0xD1, 0x8C, 0x29, 
0x7B, 0x52, 0x3C, 0x27, 0xAF, 0x16, 0xE0, 0x38, 0x8D, 0x91, 0xDF, 0xD3, 0x7F, 0xDA, 0x3F, 0xED, 
0xFF, 0x65, 0x3A, 0x01, 0xC1, 0x09, 0xC7, 0x7F, 0xD6, 0x49, 0x0E, 0x90, 0xA4, 0x3F, 0xF0, 0xEF, 
0xB7, 0xF1, 0x9D, 0x69, 0x74, 0x9D, 0xEB, 0x62, 0x3D, 0x89, 0xD1, 0x7C, 0x65, 0xE6, 0xD2, 0x01, 
0xD6, 0x2C, 0x6B, 0x76, 0xC3, 0x41, 0x55, 0xF4, 0xFE, 0x79, 0x0E, 0x7F, 0xCB, 0xF3, 0xF5, 0x8F, 
0xB6, 0x4E, 0x7F, 0x67, 0x1C, 0x5D, 0x37, 0xC1, 0x7A, 0xE3, 0xF6, 0x0F, 0xD4, 0x7F, 0x90, 0xFC, 
0xCE, 0x9D, 0x5E, 0x43, 0xD5, 0xD0, 0x70, 0x52, 0xD1, 0x6B, 0xEC, 0xFF, 0x90, 0x6B, 0xFD, 0x63, 
0xEF, 0xD1, 0x77, 0x30, 0x8D, 0xAE, 0x9B, 0x56, 0xD7, 0x13, 0x39, 0x95, 0x2F, 0x33, 0xDF, 0x8C, 
0xD6, 0x50, 0x99, 0x0C, 0x0D, 0x3F, 0xED, 0x61, 0xE7, 0x64, 0xAE, 0xF5, 0xEF, 0x1E, 0x54, 0xBE, 
0x33, 0x65, 0x2F, 0x08, 0x26, 0xEB, 0xC2, 0xF5, 0x3F, 0xD8, 0x11, 0x38, 0xC0, 0x9A, 0xA2, 0x6A, 
0xD0, 0xBF, 0xF6, 0xAC, 0xCD, 0x69, 0xAE, 0xF4, 0xAF, 0xAA, 0x26, 0x7B, 0x77, 0x44, 0x64, 0x87, 
0x1A, 0x4D, 0x44, 0xC6, 0x7B, 0x98, 0x7D, 0xB8, 0xD0, 0x13, 0x91, 0xBF, 0x2D, 0xF8, 0xDA, 0x74, 
0xA6, 0xAD, 0x47, 0xEC, 0xD8, 0x4E, 0x42, 0xED, 0x08, 0x00, 0x3A, 0x22, 0xF2, 0x59, 0xC1, 0xAE, 
0x9B, 0xF6, 0xBF, 0x04, 0xF6, 0x1F, 0x70, 0xCD, 0x57, 0x60, 0x0E, 0x5A, 0xE5, 0xF6, 0xBA, 0x73, 
0xFC, 0x0C, 0xA4, 0xB2, 0xCE, 0x5A, 0x49, 0x5F, 0xA8, 0x04, 0xD4, 0xFB, 0xA7, 0xD0, 0x0B, 0xA0, 
0x74, 0x04, 0xC9, 0x48, 0x8A, 0x20, 0x3F, 0x0D, 0x38, 0xA1, 0x2A, 0x4D, 0x2F, 0x80, 0x14, 0x09, 
0x92, 0x91, 0x4E, 0xF3, 0x2F, 0x3F, 0xB7, 0x1A, 0xA0, 0xFF, 0xA7, 0xD4, 0x7F, 0xA8, 0xFE, 0x03, 
0x64, 0x14, 0x24, 0xDB, 0x9C, 0x20, 0xAE, 0xF9, 0x19, 0x65, 0x2F, 0x80, 0x08, 0xE6, 0x13, 0x20, 
0xA3, 0x20, 0xD9, 0x2E, 0x90, 0xBE, 0xE1, 0xEF, 0xDB, 0x3C, 0xE9, 0x49, 0x64, 0xE3, 0x57, 0x0B, 
0x70, 0x0C, 0xFB, 0x94, 0x50, 0x29, 0x74, 0xFC, 0x71, 0x80, 0x8E, 0x87, 0x79, 0x75, 0xFE, 0x69, 
0xFF, 0xB4, 0x7F, 0xE3, 0xBB, 0xCA, 0x7B, 0x66, 0x87, 0x01, 0xCF, 0xC6, 0xC7, 0xD4, 0x6E, 0x0E, 
0xFC, 0xCD, 0xA4, 0x3F, 0xF0, 0xEA, 0x59, 0xDC, 0x57, 0xF3, 0x83, 0x69, 0x5F, 0xBE, 0x8D, 0x33, 
0x14, 0xFB, 0x6C, 0x7C, 0xD9, 0xD8, 0x33, 0x17, 0x02, 0xA0, 0x7F, 0xF5, 0x2C, 0x72, 0x3F, 0x67, 
0xB4, 0x71, 0xEB, 0xC7, 0xFB, 0x50, 0xED, 0x1B, 0x56, 0x05, 0x7B, 0xB4, 0x75, 0x8A, 0xFA, 0x37, 
0x30, 0xDA, 0x3A, 0x75, 0x06, 0x62, 0x18, 0x9B, 0xA6, 0xDA, 0x6F, 0xDC, 0xFA, 0x31, 0xFF, 0x73, 
0x66, 0xBD, 0xD4, 0x7B, 0x83, 0xFD, 0x8B, 0x8D, 0xEB, 0x8F, 0xA8, 0x7F, 0x13, 0xD7, 0x1F, 0x9D, 
0x81, 0x79, 0x6C, 0x5E, 0x3F, 0xD1, 0xB2, 0x86, 0xB4, 0x5E, 0xFC, 0x5B, 0xB8, 0x0F, 0x9D, 0xAD, 
0x7F, 0x81, 0xD8, 0x7A, 0xBB, 0x4A, 0xFD, 0x9B, 0x36, 0x7B, 0xB7, 0xAB, 0x67, 0xC4, 0xA4, 0x7F, 
0x45, 0x5F, 0xB6, 0x72, 0xB9, 0xFE, 0x9B, 0xDE, 0xF5, 0x75, 0xB0, 0x69, 0x59, 0x12, 0x74, 0x00, 
0x63, 0xCF, 0x23, 0x06, 0x00, 0x8A, 0xEF, 0xE0, 0x6D, 0x20, 0xB8, 0x39, 0x5A, 0x3B, 0xE7, 0xB7, 
0x40, 0xFB, 0xA7, 0xFD, 0xCF, 0xF3, 0xEC, 0x76, 0xD9, 0x27, 0xA2, 0x84, 0x01, 0x00, 0x00, 0x50, 
0x37, 0xA0, 0x16, 0x5E, 0xE0, 0x7C, 0xCA, 0x86, 0x50, 0xAF, 0xF0, 0xE9, 0x21, 0x6A, 0x10, 0x73, 
0x8F, 0x81, 0x40, 0x99, 0xE6, 0x8D, 0xA9, 0x04, 0xEA, 0xBF, 0xE0, 0x0D, 0x01, 0x53, 0xC1, 0x6B, 
0xFC, 0x17, 0xD0, 0x63, 0x62, 0x5A, 0xA0, 0x79, 0xEA, 0xD3, 0x6A, 0x80, 0xFE, 0xD5, 0x49, 0xA5, 
0x21, 0x60, 0xD1, 0xB9, 0xF6, 0xB8, 0x06, 0x09, 0x18, 0x27, 0x18, 0x24, 0xD3, 0xBC, 0x05, 0x01, 
0x64, 0x62, 0x07, 0x6C, 0x78, 0x1D, 0x36, 0x04, 0x9C, 0x21, 0x97, 0x43, 0xD4, 0x54, 0xCD, 0xFA, 
0x0F, 0x92, 0xE9, 0x62, 0x75, 0x2D, 0xF7, 0x61, 0x3E, 0xE9, 0xD9, 0x55, 0xD5, 0x0B, 0xD4, 0xEE, 
0xDC, 0xCE, 0xE1, 0x05, 0xC0, 0xD8, 0x3B, 0x69, 0xE8, 0xCB, 0x9E, 0x14, 0xDB, 0xF9, 0x0F, 0x72, 
0xE2, 0xBA, 0x79, 0xD7, 0x31, 0xED, 0x9F, 0xF6, 0x1F, 0xF2, 0x6C, 0x04, 0x05, 0xB7, 0xFA, 0x0C, 
0x02, 0x94, 0x30, 0x00, 0xF0, 0xC5, 0x26, 0x1E, 0x42, 0x8D, 0x8A, 0x5F, 0x5F, 0x9D, 0x70, 0x1C, 
0xC4, 0xCB, 0xF8, 0x32, 0x59, 0x9F, 0xBD, 0x12, 0xA0, 0x5B, 0xA4, 0xDE, 0x09, 0x8D, 0xDB, 0x3F, 
0x04, 0xE8, 0x5F, 0xD6, 0xE5, 0x4F, 0xAB, 0xD4, 0xFF, 0xCB, 0x52, 0xF9, 0xD3, 0x6A, 0x17, 0x10, 
0xA3, 0xFE, 0x0B, 0xD5, 0x3B, 0xC1, 0xAB, 0xF3, 0x37, 0xEA, 0x1F, 0xAB, 0x13, 0xEA, 0xFF, 0xD5, 
0x05, 0xC0, 0xAC, 0x7F, 0xA0, 0x5B, 0xA4, 0xDE, 0x09, 0xB2, 0x89, 0x87, 0x1A, 0x60, 0xFF, 0xEE, 
0x51, 0x85, 0xFA, 0x7F, 0x09, 0x4F, 0x26, 0xB3, 0xF5, 0xAF, 0x8A, 0x6E, 0xCE, 0x7B, 0x27, 0x38, 
0x41, 0x3F, 0xF3, 0xEB, 0x41, 0x49, 0xBC, 0xCD, 0xFF, 0x95, 0x30, 0xB9, 0x52, 0x4A, 0x85, 0xD6, 
0xEF, 0xB3, 0xA6, 0x7F, 0xA6, 0xD3, 0xDD, 0x81, 0x88, 0x7C, 0x52, 0x90, 0xDB, 0xA1, 0xFD, 0xD3, 
0xFE, 0x4D, 0x41, 0x80, 0x4F, 0x60, 0x6E, 0x56, 0x58, 0x07, 0x9B, 0x02, 0x96, 0x2F, 0x00, 0x00, 
0x00, 0x47, 0x2B, 0xE8, 0xC0, 0x1C, 0x19, 0xB4, 0x93, 0x1A, 0x99, 0x57, 0x06, 0x7C, 0x59, 0xD8, 
0x86, 0x1F, 0x0F, 0x7D, 0x59, 0x16, 0x6B, 0x01, 0xFB, 0xF5, 0xB7, 0x0E, 0xA0, 0x43, 0xC3, 0xAA, 
0x60, 0x8F, 0xDE, 0x3F, 0x45, 0xFD, 0xFB, 0x8C, 0xDE, 0x3F, 0x75, 0xC1, 0x98, 0xFA, 0x0F, 0x1D, 
0x7A, 0xB2, 0x2C, 0x18, 0x47, 0x15, 0xB3, 0xFE, 0x21, 0x36, 0xAE, 0xFF, 0x4C, 0xFD, 0x3F, 0xE3, 
0xFA, 0xCF, 0x17, 0xCC, 0xA9, 0xFF, 0x3A, 0xF4, 0x64, 0x59, 0xB0, 0x17, 0xCB, 0x6B, 0x13, 0xA3, 
0xFE, 0x05, 0x62, 0xEB, 0xAD, 0x0A, 0xF5, 0xFF, 0x4C, 0xC3, 0xB7, 0x2A, 0x17, 0x24, 0x40, 0xFF, 
0x9E, 0x2C, 0x73, 0x4D, 0x17, 0xC1, 0x23, 0xA9, 0x3A, 0xAA, 0xFA, 0x7F, 0xAA, 0xFA, 0xB1, 0xAA, 
0xAE, 0x51, 0xE3, 0xC6, 0x4D, 0xFF, 0x9A, 0x2F, 0xA3, 0xFF, 0x43, 0x70, 0xFA, 0xF4, 0x18, 0x9C, 
0xA9, 0x5D, 0x74, 0xE7, 0xBF, 0x0F, 0x73, 0x77, 0xF7, 0x31, 0x50, 0xA0, 0x8C, 0x4F, 0xDA, 0x3F, 
0xED, 0x3F, 0x18, 0x3B, 0xE0, 0xF9, 0x68, 0xC2, 0xCB, 0x04, 0x60, 0x10, 0x60, 0x01, 0xA4, 0xDA, 
0xA9, 0xF5, 0x1F, 0x77, 0xB1, 0xAD, 0x6A, 0x98, 0x5B, 0xAC, 0x18, 0xC3, 0x42, 0xAB, 0x08, 0x75, 
0xED, 0x69, 0x72, 0xF9, 0x2E, 0x36, 0xE0, 0xA2, 0x6F, 0x1A, 0xFB, 0x27, 0x82, 0xF6, 0xE7, 0x67, 
0x71, 0xB3, 0x88, 0xF7, 0x36, 0xDA, 0xFA, 0xF3, 0x36, 0xC4, 0xEA, 0x19, 0x17, 0x31, 0x77, 0xDA, 
0x2A, 0x44, 0x5D, 0x7B, 0x9A, 0x32, 0x3A, 0xFF, 0xF6, 0x06, 0xAC, 0x4A, 0x1F, 0xA6, 0x93, 0x00, 
0x75, 0xDB, 0x59, 0x8E, 0x20, 0x4C, 0xD8, 0xB1, 0xDD, 0x86, 0x68, 0x80, 0xFE, 0xAB, 0xAD, 0x22, 
0xD4, 0xB5, 0xA7, 0xCA, 0xB7, 0xA3, 0x0D, 0x58, 0x93, 0x00, 0xFD, 0x4B, 0x1B, 0x17, 0xDF, 0x28, 
0xA4, 0xFE, 0xF5, 0xA0, 0xB2, 0xAD, 0x10, 0xC3, 0xFA, 0xAF, 0x63, 0xD1, 0x69, 0x2B, 0xA7, 0x75, 
0xED, 0xD9, 0xC9, 0x68, 0x1F, 0x1B, 0x2A, 0x95, 0xBE, 0x69, 0xEC, 0x9F, 0x40, 0xDB, 0xB2, 0x39, 
0xCD, 0xBD, 0xFE, 0xFD, 0xF9, 0xCE, 0x3D, 0x6E, 0xA9, 0x32, 0xA1, 0x2D, 0x22, 0x37, 0x73, 0xA2, 
0x77, 0x4E, 0x01, 0x88, 0x27, 0xAF, 0x0D, 0xDF, 0x4E, 0xD6, 0x03, 0x7E, 0xAD, 0x25, 0x22, 0xF7, 
0x0A, 0x76, 0x5F, 0xB4, 0xFF, 0x25, 0xB4, 0xFF, 0x18, 0xCF, 0xC7, 0x19, 0x04, 0x97, 0xBB, 0x0C, 
0xFD, 0xFB, 0x62, 0x59, 0x53, 0x86, 0xEB, 0xAC, 0x95, 0xE6, 0x45, 0x7F, 0x7E, 0x16, 0x37, 0x8D, 
0xA9, 0xE0, 0x82, 0x3A, 0x5C, 0xF4, 0x2F, 0x1D, 0x60, 0x69, 0x23, 0x82, 0x97, 0x0E, 0xB0, 0x16, 
0xE4, 0xFC, 0x43, 0xD1, 0x2D, 0xAA, 0xF3, 0x0F, 0x00, 0x8D, 0xFD, 0xFF, 0xDE, 0x0C, 0x28, 0x05, 
0xA9, 0xC3, 0xAA, 0xF4, 0x47, 0xE7, 0x4E, 0x2F, 0xAD, 0xFE, 0x47, 0xE7, 0x4E, 0xAF, 0x05, 0x3B, 
0xFF, 0xE8, 0x16, 0xD6, 0xF9, 0x07, 0xE0, 0x3B, 0xAE, 0x01, 0xFA, 0x9F, 0xF4, 0xF1, 0xCD, 0x68, 
0x79, 0x4F, 0x04, 0xBE, 0x19, 0xAD, 0x05, 0x3A, 0xFF, 0x40, 0xB7, 0xA8, 0xCE, 0x3F, 0x00, 0xC8, 
0xE6, 0xF4, 0xA6, 0xB1, 0x14, 0x40, 0xA4, 0xAE, 0x52, 0xE9, 0xEB, 0x12, 0xAF, 0xFF, 0x7A, 0x80, 
0xB5, 0x20, 0xE7, 0xDF, 0x4B, 0xFD, 0x9F, 0x16, 0x42, 0xFF, 0xFE, 0x86, 0xD4, 0xE1, 0x56, 0x2D, 
0x75, 0x9C, 0xA2, 0x6D, 0xFE, 0xC9, 0x1F, 0x9C, 0xFF, 0x7E, 0x88, 0xF3, 0xBF, 0x5B, 0x34, 0xE7, 
0x9F, 0xF6, 0x4F, 0xFB, 0x8F, 0xF0, 0x7C, 0xDC, 0x83, 0xB9, 0x9F, 0x01, 0x7C, 0x9B, 0x60, 0x4F, 
0x80, 0x8C, 0xB1, 0xD2, 0xFE, 0x82, 0xC0, 0x52, 0x00, 0x41, 0x5D, 0x04, 0xBD, 0x65, 0x6C, 0x0A, 
0xF8, 0xE9, 0x21, 0x6A, 0x22, 0xE8, 0x19, 0x9D, 0xFF, 0x82, 0xA6, 0xFE, 0xBF, 0xF2, 0xD2, 0x0B, 
0x2A, 0x05, 0x00, 0xEA, 0xA8, 0xA2, 0xB7, 0x8C, 0x4D, 0x01, 0x1F, 0xBF, 0xF3, 0x56, 0x0D, 0x55, 
0xF4, 0xCC, 0xCE, 0x5F, 0x41, 0x53, 0xFF, 0x5F, 0x59, 0x00, 0x2A, 0xC1, 0xFA, 0xAF, 0x3C, 0xED, 
0x2D, 0x65, 0x53, 0xC0, 0x6B, 0x8F, 0x6B, 0xA8, 0x3C, 0x0D, 0xD4, 0x7F, 0x11, 0x53, 0xFF, 0x5F, 
0x79, 0xC1, 0x04, 0x94, 0x02, 0x40, 0xA4, 0xAE, 0xA8, 0xF6, 0x96, 0xB1, 0x29, 0xA0, 0x1E, 0xA2, 
0xA6, 0xA8, 0xF6, 0x4C, 0xCE, 0x7F, 0x41, 0x52, 0xFF, 0x5F, 0xDE, 0xE4, 0xED, 0xD0, 0x09, 0x48, 
0x7D, 0xF3, 0xCF, 0xD9, 0xEA, 0xC5, 0x76, 0xFE, 0xEB, 0x01, 0xBF, 0xD6, 0x15, 0x91, 0xAF, 0x8B, 
0x7A, 0x8F, 0xB4, 0x7F, 0xDA, 0x7F, 0xC8, 0xF3, 0xF1, 0x35, 0x82, 0x4B, 0x17, 0xEA, 0x0C, 0x02, 
0x94, 0x2C, 0x00, 0xF0, 0xE5, 0xBB, 0x78, 0x02, 0x41, 0x1B, 0x3A, 0xBB, 0x06, 0x44, 0x04, 0xCD, 
0x95, 0xA7, 0xE8, 0x2F, 0x53, 0x10, 0xE0, 0xD3, 0x43, 0xD4, 0x56, 0x9E, 0xA2, 0x2F, 0x62, 0xA8, 
0x01, 0x53, 0x8C, 0x21, 0x68, 0x7F, 0xF9, 0x2E, 0x9E, 0x14, 0xFD, 0x5E, 0x4F, 0xFC, 0xEB, 0x7F, 
0x4F, 0xE0, 0xBA, 0x6D, 0x04, 0xD4, 0x00, 0xC9, 0xEB, 0xAF, 0xF5, 0x97, 0x29, 0x08, 0xF0, 0xF8, 
0x9D, 0xB7, 0x6A, 0xF2, 0xFA, 0x6B, 0x7D, 0x04, 0xD5, 0x00, 0xBA, 0x6E, 0xFB, 0xC4, 0xBF, 0xFE, 
0x57, 0x78, 0xFD, 0xE3, 0xA3, 0x13, 0x4F, 0xE0, 0xAE, 0x04, 0xE8, 0x5F, 0x9A, 0x58, 0x9D, 0xF4, 
0x97, 0x2A, 0x08, 0x70, 0xED, 0x71, 0x0D, 0xAB, 0x93, 0x3E, 0x20, 0x01, 0xFA, 0x5F, 0x69, 0xE3, 
0xA3, 0x13, 0x85, 0xD7, 0xBF, 0xBC, 0x8B, 0x27, 0xE2, 0x4E, 0xDB, 0x50, 0x35, 0xDA, 0xBF, 0x1E, 
0x55, 0xFB, 0xCB, 0x14, 0x04, 0xD0, 0x43, 0xD4, 0xF4, 0xA8, 0x6A, 0xB6, 0x7F, 0xD5, 0xB1, 0xB8, 
0xD3, 0xB6, 0x14, 0x70, 0xFD, 0xF7, 0x37, 0xA8, 0xBB, 0x08, 0xAE, 0x09, 0x26, 0xF1, 0x18, 0xC3, 
0x3B, 0x19, 0xA6, 0xF3, 0x5F, 0x4C, 0xE7, 0xFF, 0xAB, 0x08, 0xCE, 0xBF, 0x53, 0xA0, 0xA6, 0x7F, 
0xB4, 0x7F, 0xDA, 0xFF, 0xBC, 0xCF, 0xC7, 0x27, 0x08, 0x0E, 0x12, 0x3D, 0x0B, 0x02, 0x7C, 0x45, 
0xB5, 0x97, 0x20, 0x00, 0x00, 0x00, 0x57, 0xCF, 0xE2, 0xBE, 0x58, 0xE6, 0xA6, 0x26, 0x22, 0x68, 
0xAE, 0x4E, 0x30, 0xB8, 0x7C, 0x17, 0xA5, 0x8F, 0xFC, 0x5C, 0xBE, 0x8B, 0x8D, 0xD5, 0x09, 0x06, 
0x46, 0xE7, 0x1F, 0x80, 0x58, 0xB0, 0xCB, 0xD4, 0x1B, 0xA1, 0x71, 0xEB, 0xC7, 0xFB, 0x50, 0xD7, 
0x0E, 0xF8, 0x95, 0xA6, 0xBC, 0xBE, 0x3A, 0x18, 0x9D, 0x7F, 0xBB, 0xF4, 0xFA, 0x1F, 0x9D, 0x7F, 
0x7B, 0x43, 0x5E, 0x5F, 0x1D, 0x04, 0x38, 0xFF, 0x80, 0xBA, 0x76, 0xA9, 0x7A, 0x23, 0x7C, 0xD0, 
0xB8, 0x0F, 0x0D, 0x1A, 0x63, 0x28, 0x4D, 0xAC, 0x4E, 0x06, 0xF8, 0x76, 0x54, 0xFE, 0xC8, 0xEF, 
0xB7, 0xA3, 0x0D, 0xAC, 0x4E, 0x06, 0x01, 0xCE, 0x3F, 0xA0, 0x62, 0x97, 0xA9, 0x37, 0x82, 0x6C, 
0xE1, 0xBE, 0x48, 0x60, 0x53, 0xAB, 0xA6, 0x1E, 0x55, 0x06, 0xBA, 0x5F, 0xFE, 0xF5, 0x5F, 0xF7, 
0xB1, 0xA1, 0x47, 0x95, 0x40, 0xFB, 0x17, 0x81, 0x5D, 0xE4, 0xDE, 0x08, 0xFE, 0x49, 0x4F, 0x13, 
0x3C, 0x0D, 0x4C, 0x02, 0x07, 0x40, 0xB3, 0x68, 0x27, 0xC3, 0x3C, 0xC5, 0xF3, 0x9A, 0xFD, 0xA9, 
0xEA, 0x77, 0xBE, 0x43, 0x1C, 0xE4, 0xFC, 0x97, 0x2A, 0xB8, 0x43, 0xFB, 0xA7, 0xFD, 0x87, 0x3C, 
0x1F, 0xCF, 0x82, 0x44, 0x41, 0x41, 0x80, 0x5D, 0x55, 0xFD, 0x8E, 0xCD, 0x01, 0xD3, 0x5D, 0x4B, 
0xAD, 0xAC, 0x6E, 0xE2, 0xF3, 0xB3, 0xB8, 0xA9, 0xC1, 0x9D, 0x2D, 0xD7, 0xE1, 0xA2, 0x5F, 0xE6, 
0x20, 0xC0, 0xF3, 0x86, 0x7F, 0x01, 0x35, 0x60, 0x0A, 0x74, 0x8A, 0x5C, 0xF7, 0x6F, 0x0C, 0x02, 
0xEC, 0xFF, 0xF7, 0x26, 0xA0, 0x01, 0xFA, 0x97, 0x75, 0x58, 0x95, 0x7E, 0x99, 0x83, 0x00, 0xBF, 
0x37, 0xFC, 0x93, 0xF5, 0x00, 0x73, 0xEF, 0x14, 0xBA, 0xEE, 0xDF, 0x84, 0x57, 0xCB, 0x1E, 0xA2, 
0xFF, 0x49, 0xBF, 0xD4, 0x41, 0x80, 0xE7, 0x0D, 0xFF, 0x82, 0xF4, 0x8F, 0x4E, 0x91, 0xEB, 0xFE, 
0x8D, 0xDA, 0xDD, 0x9C, 0xDE, 0x94, 0x10, 0xFD, 0xAB, 0x54, 0xFA, 0x65, 0x0E, 0x02, 0x3C, 0x6F, 
0xF8, 0x17, 0xA0, 0x7F, 0x01, 0x3A, 0x45, 0xA9, 0xFB, 0x0F, 0xD9, 0xE4, 0x3D, 0xF4, 0x37, 0x7A, 
0x75, 0x78, 0x5D, 0xA0, 0x1D, 0x98, 0xA7, 0x02, 0x91, 0xDF, 0x19, 0xFA, 0xB2, 0xB2, 0x01, 0xD4, 
0x45, 0x64, 0x47, 0x44, 0xF2, 0x3C, 0x02, 0xB2, 0x6F, 0xF8, 0xFB, 0xE6, 0x92, 0x6F, 0xDA, 0xB7, 
0xE1, 0x8D, 0x3F, 0x6B, 0x87, 0xFC, 0xAA, 0x5D, 0x26, 0xE7, 0x8E, 0xF6, 0xBF, 0x74, 0xF6, 0x3F, 
0xEF, 0xF3, 0xF1, 0x35, 0xC2, 0x27, 0x5D, 0xB4, 0x01, 0x0C, 0x7C, 0x5B, 0x5A, 0x66, 0x9A, 0x31, 
0xD7, 0xDE, 0xE8, 0x7A, 0xC8, 0xDC, 0x09, 0xBE, 0x83, 0xBD, 0x40, 0xC5, 0x97, 0x74, 0x3A, 0x40, 
0x58, 0xB7, 0x7F, 0x1F, 0xE7, 0xEA, 0x7B, 0x28, 0x75, 0x9A, 0xDF, 0x68, 0xEB, 0xD4, 0x9E, 0x79, 
0xE4, 0x1D, 0x80, 0x92, 0x4E, 0x07, 0x08, 0xED, 0xF6, 0xEF, 0xED, 0x1A, 0x9C, 0xC6, 0xFE, 0x83, 
0x72, 0xA7, 0x79, 0xEE, 0xFD, 0xB4, 0x67, 0x1E, 0x79, 0xF7, 0x4C, 0xFF, 0x25, 0x9C, 0x0E, 0x10, 
0xD6, 0xED, 0xDF, 0x7B, 0x00, 0x1C, 0xEC, 0xBC, 0x59, 0x6A, 0xFD, 0x4F, 0x0F, 0x2A, 0x7B, 0x12, 
0xA4, 0xFF, 0x92, 0x4E, 0x07, 0x08, 0xEB, 0xF6, 0xEF, 0xBD, 0xFA, 0xD4, 0xA9, 0x6C, 0x4E, 0x99, 
0xE6, 0x4D, 0x8A, 0xE4, 0xE8, 0x7E, 0x67, 0x70, 0x72, 0x97, 0xB2, 0x5F, 0x81, 0x7F, 0x62, 0xE9, 
0x44, 0x70, 0xFC, 0x9F, 0x39, 0xFF, 0x37, 0xF8, 0x14, 0x91, 0x25, 0x5E, 0x3F, 0x2E, 0x20, 0x5A, 
0xA6, 0x48, 0xCF, 0xB7, 0x97, 0x27, 0x4B, 0x28, 0x23, 0x93, 0xCF, 0xDC, 0x13, 0x91, 0xBF, 0x1D, 
0xE7, 0xB3, 0xAD, 0xAC, 0x6F, 0xC6, 0x77, 0x70, 0x9D, 0x80, 0x90, 0x44, 0x1D, 0x2E, 0xFA, 0x97, 
0x6F, 0xA3, 0x34, 0x35, 0x20, 0x97, 0x6F, 0xE3, 0x2B, 0x3A, 0xFF, 0x1E, 0x8D, 0xFD, 0x07, 0x3B, 
0x50, 0x0D, 0x32, 0x78, 0x6F, 0x3A, 0xC0, 0xD6, 0xE9, 0xD2, 0xE8, 0x7F, 0xB4, 0x75, 0xFA, 0x2B, 
0x3A, 0xFF, 0x3E, 0x3B, 0x6F, 0xEE, 0x00, 0x61, 0xFA, 0x9F, 0xF4, 0xB1, 0xF7, 0xA8, 0x3C, 0x35, 
0x60, 0x7B, 0x8F, 0xBE, 0xA2, 0xF3, 0xEF, 0x51, 0xD9, 0x9C, 0xEE, 0x68, 0x90, 0xFE, 0xFD, 0xE9, 
0x00, 0xD3, 0x5B, 0xD5, 0xD2, 0xE8, 0x7F, 0x7A, 0xAB, 0xFA, 0x15, 0x9D, 0x7F, 0x52, 0x52, 0x06, 
0x86, 0xBF, 0x6F, 0x2F, 0x5B, 0xFA, 0xAE, 0xAA, 0x5E, 0x81, 0x57, 0xAF, 0x1D, 0xE6, 0xFC, 0x8F, 
0xE1, 0xA5, 0x75, 0xD3, 0xF9, 0x27, 0x4B, 0x8D, 0x6F, 0x03, 0x4D, 0x84, 0xF7, 0x8C, 0x68, 0x03, 
0x18, 0xFB, 0x36, 0xB6, 0x4C, 0x6B, 0x4A, 0x2D, 0x60, 0x3D, 0x19, 0x1C, 0x5B, 0xFE, 0x8B, 0xBA, 
0xB1, 0xBF, 0xDF, 0xC1, 0x95, 0xE0, 0x94, 0x50, 0x40, 0x15, 0xBD, 0xA7, 0x2B, 0xB0, 0x8B, 0xDA, 
0x0C, 0xCF, 0x6F, 0xF6, 0xE7, 0x88, 0x04, 0xBF, 0x10, 0x14, 0xE8, 0xFC, 0xF3, 0x3D, 0x7C, 0xB6, 
0x4C, 0x0F, 0xF6, 0xE8, 0xFD, 0x53, 0x57, 0x00, 0xE9, 0x04, 0x3F, 0xFD, 0xE8, 0xE9, 0xAF, 0xBF, 
0xD9, 0x45, 0x6D, 0x86, 0xF7, 0xF8, 0x9D, 0xB7, 0x6A, 0xF2, 0xA7, 0xD7, 0x1C, 0x48, 0xD8, 0x86, 
0x40, 0x3B, 0x8D, 0xEF, 0x1F, 0x2C, 0x95, 0xFE, 0xB1, 0xF7, 0xE8, 0x0A, 0x10, 0x3A, 0xE5, 0xA2, 
0x87, 0xA3, 0x8A, 0x5D, 0xD8, 0x66, 0x78, 0xD7, 0x1E, 0xD7, 0xB0, 0x3A, 0x75, 0x22, 0x6C, 0x08, 
0x3B, 0xD8, 0x39, 0xB9, 0x54, 0xFA, 0xD7, 0x83, 0xEA, 0x15, 0x0D, 0xD5, 0xBF, 0xF6, 0x64, 0x75, 
0x6A, 0x4B, 0x41, 0xD7, 0x7F, 0xAF, 0xD9, 0x5F, 0xC5, 0x01, 0xA4, 0x1D, 0xF2, 0x12, 0xEE, 0xC8, 
0xE6, 0x64, 0xB9, 0xEC, 0x9F, 0x94, 0x65, 0x83, 0xBA, 0x11, 0xB0, 0x11, 0xED, 0x96, 0xA1, 0xB1, 
0x5D, 0xC8, 0xFD, 0xAF, 0xC1, 0xAB, 0x67, 0xB6, 0x11, 0x5C, 0xE7, 0xFF, 0xE2, 0xA6, 0xBD, 0x5D, 
0xC6, 0xB4, 0x6E, 0x42, 0x8E, 0x69, 0x47, 0x3D, 0x44, 0x2B, 0x1D, 0x1A, 0xC3, 0x3B, 0x44, 0xEE, 
0x96, 0xDD, 0x8E, 0xFC, 0x66, 0x88, 0xA6, 0x7E, 0x09, 0x4D, 0x11, 0x39, 0x56, 0xA6, 0xA4, 0x2C, 
0xF2, 0xE6, 0x2E, 0xDD, 0xC1, 0x05, 0x2B, 0x3C, 0xFD, 0x63, 0x28, 0x82, 0xDD, 0xA2, 0xD5, 0xC5, 
0xFF, 0xE3, 0x2E, 0xB6, 0xFD, 0x19, 0xD8, 0xEB, 0x41, 0xBF, 0xE7, 0x02, 0xF6, 0x17, 0xEF, 0x61, 
0x29, 0x23, 0xC1, 0xA3, 0xF7, 0x4F, 0x5D, 0x00, 0x24, 0x44, 0xFF, 0x3A, 0x84, 0xEA, 0x6E, 0xD1, 
0xEA, 0xE2, 0x47, 0x5B, 0x7F, 0xDE, 0x86, 0x48, 0x37, 0xA4, 0xDE, 0x1B, 0x80, 0xDA, 0x8D, 0xEF, 
0x1F, 0x2C, 0xE7, 0x49, 0xC0, 0xF5, 0x9F, 0x2F, 0x40, 0x34, 0x82, 0xFE, 0xAD, 0xDD, 0xC2, 0xD5, 
0xC5, 0x5F, 0xFF, 0x79, 0x1B, 0xE2, 0x86, 0xEB, 0x5F, 0xC5, 0xC6, 0xC5, 0x37, 0x96, 0x52, 0xFF, 
0x7A, 0xAB, 0x72, 0x41, 0x25, 0xDC, 0xFE, 0x05, 0xD8, 0x2D, 0x5A, 0x5D, 0xBC, 0x1E, 0x54, 0xB6, 
0x15, 0x08, 0xD5, 0xBF, 0xA8, 0xDA, 0x72, 0x7E, 0xCA, 0x93, 0x40, 0x52, 0xE4, 0x4D, 0xEA, 0xFF, 
0x05, 0xEC, 0x73, 0x4A, 0x99, 0xE6, 0xEE, 0xD7, 0x25, 0xDB, 0x00, 0x5A, 0x11, 0x1D, 0x7F, 0xF8, 
0x1B, 0x79, 0x67, 0x19, 0xD3, 0x98, 0x09, 0x89, 0x60, 0x53, 0x35, 0xDF, 0xA6, 0xBA, 0x11, 0xFF, 
0xC9, 0x18, 0x5E, 0x1D, 0xBC, 0x23, 0x22, 0x37, 0x4B, 0x28, 0x8F, 0xA0, 0xF2, 0x88, 0xA1, 0x88, 
0xFC, 0xBF, 0xE3, 0x7E, 0x87, 0x2C, 0xFA, 0x26, 0x23, 0x06, 0x01, 0x0A, 0x93, 0x0D, 0x10, 0xF5, 
0xD4, 0x7F, 0xD9, 0x9D, 0xFF, 0x78, 0x41, 0x00, 0x14, 0x26, 0x1B, 0x20, 0xFA, 0xA9, 0xFF, 0x92, 
0x3B, 0xFF, 0xB1, 0x82, 0x00, 0x00, 0x8A, 0x92, 0x0D, 0x10, 0xFD, 0xD4, 0x7F, 0xA9, 0x9D, 0xFF, 
0x78, 0x41, 0x00, 0xA0, 0x28, 0xD9, 0x00, 0x51, 0x4F, 0xFD, 0xE9, 0xFC, 0x93, 0x12, 0x6D, 0x54, 
0xC3, 0xB2, 0xB9, 0x3A, 0x22, 0xF2, 0x59, 0x09, 0xEE, 0x73, 0xDB, 0x5F, 0xD7, 0x5B, 0x08, 0x39, 
0xD8, 0x79, 0x79, 0xB3, 0x0E, 0xEF, 0xD4, 0xFF, 0x3E, 0x9F, 0x16, 0x42, 0x42, 0xED, 0x6C, 0x03, 
0x5E, 0x36, 0x40, 0x5C, 0x1B, 0xEB, 0xC3, 0xAB, 0x8B, 0xBF, 0x59, 0x02, 0x19, 0x64, 0xB2, 0xA6, 
0x4A, 0x1E, 0x6E, 0xD6, 0x0F, 0x02, 0x74, 0xA2, 0x28, 0x3C, 0xCF, 0xE9, 0xF2, 0x51, 0xCA, 0x1A, 
0x9E, 0x3D, 0xAC, 0x2E, 0xD0, 0x59, 0x76, 0xE7, 0xFF, 0x8F, 0x41, 0x00, 0x74, 0xC2, 0x4F, 0xCB, 
0x81, 0x3C, 0xA7, 0xCB, 0x47, 0x2A, 0x6B, 0xF0, 0xEE, 0x61, 0x08, 0xA0, 0xB3, 0xF4, 0xCE, 0xFF, 
0x1F, 0x82, 0x00, 0x6E, 0x44, 0xFD, 0xE7, 0x38, 0x5D, 0x3E, 0x5A, 0x59, 0x03, 0xFC, 0xAC, 0x86, 
0xCE, 0xB2, 0x3B, 0xFF, 0x7F, 0x0C, 0x02, 0x44, 0xB3, 0xFF, 0x3C, 0xA7, 0xCB, 0x47, 0x2B, 0x6B, 
0xF0, 0xF4, 0x2F, 0x8A, 0x0E, 0x9D, 0x7F, 0x52, 0x92, 0x0D, 0x7B, 0xCD, 0xDF, 0x80, 0xD7, 0x43, 
0x36, 0xE8, 0x5D, 0x7F, 0x83, 0xFE, 0x30, 0xE7, 0xF7, 0xB3, 0xE6, 0xEF, 0x45, 0x9B, 0x2F, 0xFC, 
0xB7, 0x35, 0xC7, 0x47, 0x8D, 0xFD, 0x7B, 0xEE, 0xF2, 0xD4, 0x9F, 0x90, 0xD8, 0x6B, 0xCA, 0x2E, 
0xC2, 0x47, 0x68, 0x9A, 0xE8, 0xC3, 0x2B, 0xB7, 0x19, 0x3E, 0xFB, 0x6F, 0x41, 0xD6, 0x9D, 0xB6, 
0x7F, 0xCF, 0xEB, 0x21, 0xEB, 0xCA, 0x7A, 0x12, 0x6B, 0x8A, 0xE4, 0xE5, 0xE6, 0xFD, 0x93, 0xF3, 
0xBE, 0x48, 0x84, 0x1A, 0x10, 0xF5, 0x6A, 0x40, 0x5C, 0x45, 0xF7, 0x8B, 0x4D, 0x2C, 0x54, 0xA9, 
0x97, 0x0E, 0xB0, 0x66, 0x89, 0x5F, 0x03, 0x26, 0xE1, 0x0F, 0xAA, 0x2A, 0x06, 0x4F, 0x57, 0xD0, 
0x2A, 0x6A, 0x5F, 0x83, 0xB4, 0x78, 0xFC, 0xCE, 0x5B, 0x35, 0x79, 0xFD, 0xB5, 0x3E, 0xA2, 0xD6, 
0x00, 0x29, 0x1C, 0x4C, 0xD1, 0x6D, 0xDC, 0xFE, 0x61, 0xA1, 0xFA, 0x1F, 0x9D, 0x3B, 0xBD, 0x86, 
0x0A, 0x76, 0x21, 0xD1, 0x6B, 0x00, 0xF5, 0x97, 0xDF, 0x5A, 0x45, 0xED, 0x6B, 0x90, 0x1A, 0xD7, 
0x1E, 0xD7, 0xB0, 0x3A, 0xE9, 0x03, 0x12, 0xBD, 0x06, 0x6C, 0x5A, 0xED, 0xE2, 0xC3, 0xC6, 0x62, 
0x17, 0xF5, 0x6F, 0x46, 0x6B, 0xA8, 0x4C, 0x62, 0xD4, 0x80, 0xEA, 0x00, 0x47, 0xD5, 0x56, 0x61, 
0xFB, 0x1A, 0xA4, 0xF5, 0xF2, 0x3B, 0x44, 0x4D, 0x8F, 0xAA, 0xD1, 0xEC, 0x5F, 0x75, 0xAC, 0x10, 
0xC7, 0x92, 0x49, 0x57, 0x16, 0xBC, 0xFE, 0xEB, 0x01, 0xD6, 0x5C, 0xAD, 0xEE, 0x0A, 0xD4, 0x0E, 
0x6A, 0xF2, 0xF7, 0xA2, 0xFD, 0xCB, 0xEA, 0xA4, 0x25, 0x5C, 0xFF, 0x49, 0xB9, 0x36, 0xEC, 0xDB, 
0xF0, 0x4E, 0xED, 0x88, 0x87, 0x03, 0xEF, 0x94, 0x8E, 0xB5, 0xFE, 0x84, 0x1C, 0xCF, 0x29, 0xEE, 
0x20, 0x7C, 0x64, 0xE0, 0x32, 0xD1, 0x4E, 0x2A, 0xCB, 0x41, 0xF2, 0x76, 0x67, 0xA1, 0x63, 0x02, 
0x5F, 0x0A, 0x04, 0x28, 0xD0, 0xB7, 0x2C, 0x38, 0x59, 0xF7, 0x08, 0xF8, 0xC7, 0x5D, 0x6C, 0xBB, 
0x2E, 0x6C, 0x01, 0x5A, 0x51, 0x1C, 0xFF, 0x67, 0x2F, 0x85, 0x65, 0xE8, 0xF4, 0x7F, 0x2C, 0x87, 
0x3A, 0x7C, 0x4C, 0xE0, 0xCB, 0x81, 0x80, 0x3E, 0xE0, 0x3A, 0x59, 0xF7, 0x08, 0x18, 0x6D, 0xFD, 
0x79, 0x1B, 0xB0, 0x6C, 0x48, 0x8C, 0x1A, 0xC0, 0x65, 0xE9, 0xF4, 0x7F, 0x1C, 0xC2, 0xC7, 0x04, 
0xBE, 0x1C, 0x08, 0xE8, 0x43, 0xC5, 0xC9, 0xBC, 0x47, 0xC0, 0xF5, 0x9F, 0xB7, 0x21, 0x6A, 0x23, 
0x56, 0x0D, 0xE8, 0x72, 0x74, 0xFA, 0x3F, 0x0E, 0xA1, 0x63, 0x02, 0x5F, 0x0A, 0x04, 0x40, 0xD0, 
0x17, 0xC0, 0xC9, 0xBA, 0x47, 0x80, 0x5F, 0xE3, 0x6F, 0x43, 0xD1, 0x8A, 0xE8, 0xF8, 0xB3, 0xD3, 
0x3F, 0x29, 0xFB, 0x66, 0x3D, 0xFA, 0xDE, 0xAD, 0xBC, 0xF4, 0x00, 0xEC, 0xD2, 0xF1, 0x27, 0x24, 
0xF1, 0x40, 0x40, 0x17, 0xD1, 0xC6, 0x6B, 0x96, 0x99, 0x44, 0xC7, 0xAB, 0x4A, 0x1E, 0xEF, 0xF0, 
0xF2, 0x6D, 0x9C, 0x81, 0xC0, 0xC1, 0x1C, 0x35, 0x20, 0x22, 0xE8, 0xA5, 0x15, 0x0C, 0xF0, 0x1B, 
0xFB, 0xCD, 0x57, 0x03, 0xA6, 0xB0, 0xAF, 0x9E, 0xC3, 0x3D, 0x9A, 0x72, 0xA4, 0x20, 0x80, 0xAF, 
0x7F, 0x89, 0x21, 0x63, 0x1D, 0x7A, 0xC1, 0x00, 0xED, 0xA5, 0x15, 0x0C, 0xF0, 0x9C, 0x7E, 0x69, 
0x7B, 0x4E, 0x7F, 0xEC, 0x6B, 0xB3, 0x1B, 0xFB, 0x0F, 0xA8, 0xFF, 0x48, 0xCE, 0xF5, 0xA3, 0x33, 
0x5E, 0x5F, 0x80, 0x98, 0x32, 0x06, 0xFA, 0x50, 0xAB, 0x97, 0x5A, 0x30, 0xC0, 0x6B, 0xEC, 0xE7, 
0xDB, 0x7F, 0x5C, 0xFD, 0x8B, 0x8D, 0x8B, 0x27, 0xA9, 0xFF, 0x28, 0xD2, 0xBA, 0x5D, 0x3D, 0xA3, 
0x1A, 0x5F, 0xFF, 0x0A, 0xF4, 0x2D, 0xA0, 0x97, 0x56, 0x30, 0x40, 0x0F, 0x2A, 0xDB, 0x2E, 0xD0, 
0x96, 0x39, 0xF4, 0x2F, 0x22, 0xB6, 0x9C, 0x9B, 0x50, 0xFF, 0x84, 0x41, 0x80, 0xF2, 0x31, 0xF6, 
0x1D, 0x7F, 0x9E, 0xF8, 0x13, 0x92, 0x7E, 0x20, 0xA0, 0xE3, 0x07, 0x02, 0xEA, 0x4B, 0x76, 0xFB, 
0x89, 0x3A, 0xFF, 0xB9, 0x0D, 0x00, 0x00, 0x5E, 0x49, 0xC0, 0xEA, 0x53, 0x74, 0x20, 0xC6, 0x11, 
0x08, 0xC1, 0x0F, 0x0A, 0xD0, 0x17, 0xC5, 0x40, 0x2D, 0x0C, 0xC5, 0xC5, 0xC0, 0x55, 0x0C, 0xA3, 
0x96, 0x0B, 0xF8, 0x69, 0xFD, 0xEB, 0x6A, 0xA1, 0x29, 0x2E, 0xD6, 0x55, 0xD0, 0x94, 0xF9, 0x6A, 
0xC0, 0x00, 0x45, 0xF7, 0x68, 0x05, 0x1D, 0xA6, 0xFC, 0xC7, 0xC3, 0x6F, 0xA6, 0x37, 0xB7, 0xFE, 
0xA1, 0xDA, 0x07, 0x64, 0x00, 0x71, 0x87, 0x50, 0x19, 0x60, 0x2A, 0xC3, 0xA8, 0xE5, 0x02, 0x5E, 
0x5A, 0xBF, 0xAE, 0x43, 0xB4, 0x09, 0xB5, 0xD6, 0x01, 0x6D, 0x42, 0x64, 0x6E, 0xFD, 0xEB, 0xAF, 
0xBF, 0x75, 0x98, 0xF2, 0x1F, 0x13, 0xAF, 0x99, 0x5E, 0x07, 0x98, 0x53, 0xFF, 0xCF, 0x6B, 0xC0, 
0xD4, 0xD3, 0xBF, 0x5B, 0x1D, 0x46, 0x2E, 0x17, 0xF8, 0x66, 0xB4, 0x06, 0x6B, 0xE2, 0xE9, 0xDF, 
0x73, 0xF4, 0xE6, 0xAD, 0x01, 0x05, 0x80, 0x2E, 0x8E, 0x2A, 0x1D, 0xA6, 0xFC, 0xC7, 0x34, 0x9B, 
0x43, 0xD4, 0xDC, 0xDF, 0xAA, 0x1D, 0x99, 0xDB, 0xFE, 0xD1, 0x57, 0x60, 0x60, 0x89, 0x3B, 0x84, 
0x58, 0x03, 0xE8, 0x64, 0x18, 0xB5, 0x5C, 0x40, 0x0F, 0xB0, 0x06, 0xA9, 0xAE, 0x43, 0xDD, 0xA6, 
0xAB, 0xD6, 0xBA, 0x00, 0x4D, 0x3F, 0xD3, 0x67, 0x8E, 0x65, 0x08, 0x5D, 0xEB, 0xB5, 0x49, 0x87, 
0x29, 0xFF, 0x64, 0x89, 0x36, 0xE9, 0x1F, 0xFB, 0x9B, 0xF4, 0xB2, 0x6F, 0xD0, 0x7B, 0xF0, 0x52, 
0xFD, 0xFB, 0xAC, 0xF1, 0x27, 0x24, 0xD3, 0x35, 0xA6, 0xE6, 0xEF, 0xC9, 0x6C, 0x94, 0x3F, 0x2B, 
0x60, 0x0C, 0x2F, 0xB8, 0xF8, 0x75, 0xD2, 0x1F, 0x2C, 0x79, 0xBF, 0xF3, 0xCB, 0x77, 0xB1, 0xA1, 
0x2E, 0x3A, 0x22, 0xC5, 0x52, 0xB2, 0x2A, 0x7A, 0x62, 0xA1, 0x73, 0xF5, 0x2C, 0xD8, 0xF9, 0xF5, 
0x18, 0x8C, 0xCE, 0xBF, 0xBD, 0x01, 0xA9, 0x74, 0x50, 0x30, 0xFD, 0x43, 0xD1, 0x83, 0x4E, 0x3B, 
0x8D, 0x5B, 0x3F, 0x52, 0xFF, 0xC7, 0xE1, 0xDB, 0xD1, 0x06, 0xAC, 0x49, 0xA7, 0x80, 0x8B, 0x7C, 
0x0F, 0x6E, 0xB5, 0x83, 0x0F, 0x1A, 0xD4, 0xFF, 0x71, 0xCC, 0x68, 0x1F, 0x1B, 0x6A, 0x55, 0x3A, 
0x51, 0xBA, 0xEA, 0xE7, 0xEC, 0xCA, 0x7B, 0xE2, 0x4E, 0x3B, 0xB2, 0xC5, 0xF5, 0x9F, 0x2C, 0xE5, 
0x06, 0xBD, 0x8C, 0xB5, 0xBB, 0x43, 0xDF, 0xE9, 0xEF, 0xD3, 0xE9, 0x27, 0x24, 0x77, 0xC1, 0x80, 
0x96, 0xBF, 0x4F, 0x5C, 0x2F, 0xD1, 0xED, 0x39, 0x48, 0x31, 0xB3, 0x48, 0x8A, 0x22, 0x85, 0xCB, 
0xB7, 0x71, 0x46, 0x05, 0x1D, 0x99, 0xFF, 0x24, 0x2E, 0x23, 0xBF, 0x0F, 0x7D, 0x51, 0x74, 0x98, 
0xEE, 0x9F, 0x70, 0x20, 0x60, 0xEB, 0xD4, 0x19, 0x00, 0x9D, 0xB9, 0x4F, 0xE2, 0xB3, 0x5B, 0x8D, 
0xFA, 0x00, 0x3A, 0x4C, 0xF7, 0x4F, 0x98, 0xEB, 0x8F, 0xCE, 0x40, 0xD0, 0x41, 0xCE, 0xED, 0x1F, 
0x40, 0x1F, 0x8A, 0x0E, 0xD3, 0xFD, 0x13, 0x36, 0xAB, 0xDB, 0xD5, 0x33, 0xEA, 0xA2, 0x33, 0xEF, 
0x49, 0x7C, 0x86, 0x2F, 0x80, 0xBE, 0x58, 0xE8, 0x30, 0xDD, 0x9F, 0x90, 0xE7, 0x9B, 0xF3, 0xB6, 
0xFF, 0xA7, 0x59, 0xA0, 0xCD, 0x79, 0xFF, 0x85, 0xFF, 0x0E, 0x00, 0x0C, 0x98, 0xDE, 0x4F, 0x48, 
0x21, 0xD6, 0x9C, 0x35, 0x7F, 0xAD, 0x79, 0x31, 0x73, 0xB3, 0x55, 0x90, 0xCB, 0x1F, 0xFA, 0xEB, 
0x4D, 0x0F, 0xDE, 0xC4, 0x94, 0x54, 0x83, 0x8C, 0x52, 0x34, 0xE5, 0xFA, 0xFD, 0x01, 0x6C, 0xE4, 
0x2F, 0xB2, 0xEC, 0x40, 0xE1, 0xD0, 0xF1, 0xCF, 0x24, 0x10, 0x60, 0xC7, 0x68, 0x14, 0x98, 0xD5, 
0xAA, 0xE3, 0x00, 0x70, 0xE8, 0xF8, 0x67, 0x11, 0x08, 0x50, 0x3B, 0x46, 0xA3, 0xC0, 0xAC, 0x1E, 
0x00, 0xC7, 0x6B, 0x46, 0x48, 0xC7, 0x3F, 0xED, 0x40, 0x80, 0xAB, 0x6A, 0x4B, 0xCE, 0xF4, 0xAF, 
0x50, 0xC7, 0x12, 0x71, 0xE8, 0xF8, 0x13, 0x42, 0x08, 0x21, 0x24, 0xEF, 0x48, 0x51, 0x2F, 0xFC, 
0xD3, 0x43, 0xD4, 0x56, 0xA6, 0xB0, 0xE1, 0xC2, 0x8E, 0x34, 0x3A, 0x30, 0x15, 0x9F, 0x0F, 0x03, 
0x58, 0x70, 0x9E, 0x56, 0xE0, 0xB0, 0xC6, 0x3F, 0x5B, 0xBC, 0xB1, 0x81, 0x2B, 0x36, 0x60, 0xD9, 
0xC0, 0x62, 0xF4, 0x0F, 0x60, 0x00, 0xB8, 0x8E, 0xFE, 0xF2, 0xD4, 0x61, 0x8D, 0x7F, 0xC6, 0x78, 
0x63, 0x03, 0x6D, 0x00, 0x76, 0xC4, 0xD1, 0x81, 0x69, 0xAC, 0x00, 0x03, 0x00, 0x0E, 0x8E, 0xAA, 
0x0E, 0x6B, 0xFC, 0x33, 0x96, 0xFC, 0x21, 0x6A, 0x38, 0xB2, 0x6C, 0x5D, 0xB0, 0xFD, 0x0B, 0x5C, 
0x07, 0xAB, 0xAE, 0xC3, 0x1A, 0x7F, 0x42, 0x08, 0x21, 0x84, 0x30, 0x00, 0x90, 0x21, 0x97, 0x0E, 
0xB0, 0x06, 0x0B, 0x2D, 0x0B, 0x68, 0x41, 0xD1, 0x8E, 0x31, 0x96, 0x2F, 0xE6, 0xAE, 0x13, 0x63, 
0x08, 0x7A, 0x2E, 0xD0, 0x87, 0x8B, 0xFE, 0x17, 0x0B, 0x9E, 0x41, 0x4D, 0x3C, 0x46, 0xE7, 0x4E, 
0xAF, 0xA1, 0xAA, 0x2D, 0x7F, 0x24, 0x57, 0x9A, 0xDD, 0x41, 0xC7, 0x50, 0xED, 0x41, 0xD0, 0xC7, 
0x44, 0xFA, 0x51, 0x9B, 0x0A, 0x92, 0x94, 0xF9, 0x66, 0xB4, 0x06, 0x6B, 0xDA, 0x82, 0xB8, 0x2D, 
0xBF, 0x56, 0x3C, 0x3D, 0xFD, 0x43, 0x7B, 0x50, 0xAB, 0x0F, 0xB7, 0xD2, 0x8F, 0xDC, 0x54, 0x90, 
0xA4, 0x1B, 0x0C, 0x38, 0xC0, 0x1A, 0xB4, 0xD2, 0x72, 0x05, 0x2D, 0x51, 0xB4, 0xA3, 0x8E, 0xE5, 
0x8B, 0xFF, 0x45, 0x3A, 0x56, 0x41, 0xCF, 0x52, 0xF4, 0x21, 0xD3, 0xBE, 0x70, 0xFD, 0x27, 0x84, 
0x10, 0x42, 0x08, 0x03, 0x00, 0xF9, 0xE0, 0xF2, 0x5D, 0x6C, 0x08, 0xB0, 0xEE, 0xEA, 0xEF, 0x35, 
0x20, 0x71, 0x7B, 0x07, 0xE8, 0x0B, 0x35, 0x60, 0x96, 0x60, 0xA0, 0xC0, 0x90, 0x0D, 0xFD, 0x0A, 
0x12, 0x10, 0x38, 0xFF, 0xF6, 0x06, 0x44, 0xD6, 0x21, 0xD2, 0x84, 0xFA, 0x7A, 0x8F, 0xDB, 0x3B, 
0xC0, 0xAB, 0xE5, 0x07, 0x04, 0x7D, 0xA8, 0x0E, 0xA0, 0x3A, 0x64, 0x43, 0xBF, 0x82, 0xF0, 0xED, 
0x68, 0x03, 0x32, 0xF5, 0xBB, 0xF8, 0xCF, 0x5D, 0x03, 0xF6, 0xDC, 0xFE, 0xA1, 0x32, 0x80, 0x56, 
0x86, 0x6C, 0xE8, 0x57, 0x90, 0x80, 0xC0, 0x3E, 0x36, 0x60, 0x55, 0xD6, 0x01, 0x69, 0xEA, 0x73, 
0xFB, 0x8F, 0xA9, 0x7F, 0xF5, 0xF4, 0x2F, 0x82, 0x3E, 0xA0, 0x03, 0xB8, 0xD3, 0x21, 0x1B, 0xFA, 
0x11, 0x42, 0x08, 0x21, 0x84, 0x10, 0x42, 0x08, 0x21, 0x84, 0x10, 0x42, 0x08, 0x21, 0x84, 0x10, 
0x42, 0x08, 0x21, 0x84, 0x10, 0x42, 0x08, 0x21, 0x84, 0x10, 0x42, 0x08, 0x21, 0x84, 0x10, 0x42, 
0x08, 0x21, 0x84, 0x10, 0x42, 0x08, 0x21, 0x84, 0x10, 0x42, 0x08, 0x21, 0x84, 0x10, 0x42, 0x08, 
0x21, 0x84, 0x10, 0x42, 0x08, 0x21, 0x84, 0x10, 0x42, 0x08, 0x21, 0x84, 0x10, 0x42, 0x08, 0x21, 
0x84, 0x10, 0x42, 0x08, 0x21, 0x84, 0x10, 0x42, 0x08, 0x21, 0x84, 0x10, 0x42, 0x08, 0x21, 0x84, 
0x10, 0x42, 0x08, 0x21, 0x84, 0x10, 0x42, 0x08, 0x21, 0x84, 0x10, 0x42, 0x08, 0x21, 0x84, 0x10, 
0x42, 0x08, 0x21, 0x84, 0x10, 0x42, 0x08, 0x21, 0x84, 0x10, 0x42, 0x08, 0x21, 0x84, 0x10, 0x42, 
0x08, 0x21, 0x84, 0x10, 0x42, 0x08, 0x21, 0x84, 0x10, 0x42, 0x08, 0x21, 0x84, 0x10, 0x42, 0x08, 
0x21, 0x84, 0x10, 0x42, 0x08, 0x21, 0x84, 0x10, 0x42, 0x08, 0x21, 0x84, 0x10, 0x42, 0x08, 0x21, 
0x84, 0x10, 0x42, 0x08, 0x21, 0x84, 0x10, 0x42, 0x08, 0x21, 0x84, 0x10, 0x42, 0x08, 0x21, 0x84, 
0x10, 0x42, 0x08, 0x29, 0x2B, 0xFF, 0x1F, 0x1A, 0x8C, 0xF2, 0xC3, 0x57, 0x35, 0xC5, 0xA7, 0x00, 
0x00, 0x00, 0x00, 0x49, 0x45, 0x4E, 0x44, 0xAE, 0x42, 0x60, 0x82};

const uint64_t gamepad_xbox_data_size = 14635;

#endif
